/*
SQLyog Ultimate v10.42 
MySQL - 5.5.5-10.1.9-MariaDB : Database - gventas
*********************************************************************
*/

/*!40101 SET NAMES utf8 */;

/*!40101 SET SQL_MODE=''*/;

/*!40014 SET @OLD_UNIQUE_CHECKS=@@UNIQUE_CHECKS, UNIQUE_CHECKS=0 */;
/*!40014 SET @OLD_FOREIGN_KEY_CHECKS=@@FOREIGN_KEY_CHECKS, FOREIGN_KEY_CHECKS=0 */;
/*!40101 SET @OLD_SQL_MODE=@@SQL_MODE, SQL_MODE='NO_AUTO_VALUE_ON_ZERO' */;
/*!40111 SET @OLD_SQL_NOTES=@@SQL_NOTES, SQL_NOTES=0 */;
CREATE DATABASE /*!32312 IF NOT EXISTS*/`gventas` /*!40100 DEFAULT CHARACTER SET latin1 */;

USE `gventas`;

/*Table structure for table `gv_almacen` */

DROP TABLE IF EXISTS `gv_almacen`;

CREATE TABLE `gv_almacen` (
  `ida` int(11) NOT NULL AUTO_INCREMENT,
  `nombre` varchar(125) NOT NULL,
  `direccion` varchar(125) NOT NULL,
  `encargado` int(11) NOT NULL,
  `activo` int(1) DEFAULT '1',
  PRIMARY KEY (`ida`)
) ENGINE=InnoDB AUTO_INCREMENT=4 DEFAULT CHARSET=utf8;

/*Data for the table `gv_almacen` */

LOCK TABLES `gv_almacen` WRITE;

insert  into `gv_almacen`(`ida`,`nombre`,`direccion`,`encargado`,`activo`) values (1,'almacen desconocid','direccion desconocida',27,1),(2,'almacen 2','direccion desconocida2',2,0),(3,'almacen 3','stand 4',2,1);

UNLOCK TABLES;

/*Table structure for table `gv_almaceproduct` */

DROP TABLE IF EXISTS `gv_almaceproduct`;

CREATE TABLE `gv_almaceproduct` (
  `idpa` bigint(20) NOT NULL AUTO_INCREMENT,
  `idalmacen` int(11) NOT NULL,
  `idproducto` bigint(20) NOT NULL,
  `cantidad_actual` int(11) NOT NULL,
  `cantidad_inicial` int(11) NOT NULL,
  `tipo_manipulacion` enum('VENTA','COMPRA','TRANSLADO','REGISTRO') NOT NULL,
  `fecha` date DEFAULT NULL,
  `activo` int(1) DEFAULT '1',
  PRIMARY KEY (`idpa`)
) ENGINE=InnoDB AUTO_INCREMENT=70 DEFAULT CHARSET=utf8 COMMENT='almacen producto';

/*Data for the table `gv_almaceproduct` */

LOCK TABLES `gv_almaceproduct` WRITE;

insert  into `gv_almaceproduct`(`idpa`,`idalmacen`,`idproducto`,`cantidad_actual`,`cantidad_inicial`,`tipo_manipulacion`,`fecha`,`activo`) values (46,1,24,49,0,'REGISTRO','2013-03-08',1),(47,2,24,0,0,'REGISTRO','2013-03-08',0),(48,3,24,20,0,'REGISTRO','2013-03-08',1),(49,1,25,50,0,'REGISTRO','2013-03-08',1),(50,2,25,0,0,'REGISTRO','2013-03-08',0),(51,3,25,30,0,'REGISTRO','2013-03-08',1),(52,1,26,29,0,'REGISTRO','2013-03-25',1),(53,2,26,0,0,'REGISTRO','2013-03-25',0),(54,3,26,0,0,'REGISTRO','2013-03-25',1),(55,1,27,30,0,'REGISTRO','2013-03-25',1),(56,2,27,0,0,'REGISTRO','2013-03-25',0),(57,3,27,20,0,'REGISTRO','2013-03-25',1),(58,1,28,41,0,'REGISTRO','2013-03-25',1),(59,2,28,0,0,'REGISTRO','2013-03-25',0),(60,3,28,40,0,'REGISTRO','2013-03-25',1),(61,1,29,10,0,'REGISTRO','2013-03-25',1),(62,2,29,0,0,'REGISTRO','2013-03-25',0),(63,3,29,0,0,'REGISTRO','2013-03-25',1),(64,1,30,28,0,'REGISTRO','2013-03-25',1),(65,2,30,0,0,'REGISTRO','2013-03-25',0),(66,3,30,20,0,'REGISTRO','2013-03-25',1),(67,1,31,13,0,'REGISTRO','2014-02-10',1),(68,2,31,0,0,'REGISTRO','2014-02-10',0),(69,3,31,0,0,'REGISTRO','2014-02-10',1);

UNLOCK TABLES;

/*Table structure for table `gv_asignarauth` */

DROP TABLE IF EXISTS `gv_asignarauth`;

CREATE TABLE `gv_asignarauth` (
  `nombreitem` varchar(64) NOT NULL,
  `iduser` varchar(64) NOT NULL,
  `bizrule` text,
  `dato` text,
  PRIMARY KEY (`nombreitem`,`iduser`),
  CONSTRAINT `gv_asignarauth_ibfk_1` FOREIGN KEY (`nombreitem`) REFERENCES `gv_authitem` (`nombre`) ON DELETE CASCADE ON UPDATE CASCADE
) ENGINE=InnoDB DEFAULT CHARSET=utf8;

/*Data for the table `gv_asignarauth` */

LOCK TABLES `gv_asignarauth` WRITE;

insert  into `gv_asignarauth`(`nombreitem`,`iduser`,`bizrule`,`dato`) values ('administrador','codigolite','','');

UNLOCK TABLES;

/*Table structure for table `gv_authitem` */

DROP TABLE IF EXISTS `gv_authitem`;

CREATE TABLE `gv_authitem` (
  `nombre` varchar(64) NOT NULL,
  `tipo` int(11) NOT NULL,
  `descripcion` text,
  `bizrule` text,
  `dato` text,
  PRIMARY KEY (`nombre`)
) ENGINE=InnoDB DEFAULT CHARSET=utf8;

/*Data for the table `gv_authitem` */

LOCK TABLES `gv_authitem` WRITE;

insert  into `gv_authitem`(`nombre`,`tipo`,`descripcion`,`bizrule`,`dato`) values ('actualizarCliente',0,'null','null','null'),('actualizarProducto',0,'null','null','null'),('actualizarStock',0,'null','null','null'),('actualizarUsuario',0,'null','null','null'),('administrador',2,'Rol administrador no tiene restricciones','null','null'),('administrar',1,'Tarea Principal de un administrador','null','null'),('almacenar',1,'Tarea Principal de un almacenero','null','null'),('almacenero',2,'Rol almacenero encargado de registrar productos,mover productos, y actualizar el stock','null','null'),('buscarCliente',0,'null','null','null'),('buscarProducto',0,'null','null','null'),('buscarUsuario',0,'null','null','null'),('eliminarCliente',0,'null','null','null'),('eliminarProducto',0,'null','null','null'),('eliminarUsuario',0,'null','null','null'),('imprimirStock',0,'null','null','null'),('imprimirVenta',0,'null','null','null'),('moverProducto',0,'null','null','null'),('registraProducto',0,'null','null','null'),('registrarCliente',0,'null','null','null'),('registrarUsuario',0,'null','null','null'),('registrarVenta',0,'null','null','null'),('vendedor',2,'Rol vendedor encargado de administra clientes, imprimir documento de ventas y ver stock','null','null'),('vender',1,'Tarea Principal de un vendedor','null','null'),('verStock',0,'null','null','null');

UNLOCK TABLES;

/*Table structure for table `gv_authitemchild` */

DROP TABLE IF EXISTS `gv_authitemchild`;

CREATE TABLE `gv_authitemchild` (
  `padre` varchar(64) NOT NULL,
  `hijo` varchar(64) NOT NULL,
  PRIMARY KEY (`padre`,`hijo`),
  KEY `hijo` (`hijo`),
  CONSTRAINT `gv_authitemchild_ibfk_1` FOREIGN KEY (`padre`) REFERENCES `gv_authitem` (`nombre`) ON DELETE CASCADE ON UPDATE CASCADE,
  CONSTRAINT `gv_authitemchild_ibfk_2` FOREIGN KEY (`hijo`) REFERENCES `gv_authitem` (`nombre`) ON DELETE CASCADE ON UPDATE CASCADE
) ENGINE=InnoDB DEFAULT CHARSET=utf8;

/*Data for the table `gv_authitemchild` */

LOCK TABLES `gv_authitemchild` WRITE;

insert  into `gv_authitemchild`(`padre`,`hijo`) values ('administrador','administrar'),('administrar','actualizarUsuario'),('administrar','almacenero'),('administrar','buscarUsuario'),('administrar','eliminarUsuario'),('administrar','registrarUsuario'),('administrar','vendedor'),('almacenar','actualizarProducto'),('almacenar','actualizarStock'),('almacenar','buscarProducto'),('almacenar','eliminarProducto'),('almacenar','imprimirStock'),('almacenar','moverProducto'),('almacenar','registraProducto'),('almacenero','almacenar'),('vendedor','vender'),('vender','actualizarCliente'),('vender','buscarCliente'),('vender','buscarProducto'),('vender','eliminarCliente'),('vender','imprimirVenta'),('vender','registrarCliente'),('vender','registrarVenta'),('vender','verStock');

UNLOCK TABLES;

/*Table structure for table `gv_bitacora` */

DROP TABLE IF EXISTS `gv_bitacora`;

CREATE TABLE `gv_bitacora` (
  `idbitacora` bigint(20) NOT NULL AUTO_INCREMENT,
  `idusuario` int(11) NOT NULL,
  `OS` varchar(80) DEFAULT NULL,
  `arquitectura` varchar(80) DEFAULT NULL,
  `verssion` varchar(50) DEFAULT NULL,
  `nomCuenta` varchar(200) DEFAULT NULL COMMENT 'nombre de usuaio en el sistema operativo',
  `ultima_actividad` bigint(20) NOT NULL,
  `fecha_actividad` bigint(20) NOT NULL,
  PRIMARY KEY (`idbitacora`)
) ENGINE=InnoDB AUTO_INCREMENT=493 DEFAULT CHARSET=utf8;

/*Data for the table `gv_bitacora` */

LOCK TABLES `gv_bitacora` WRITE;

insert  into `gv_bitacora`(`idbitacora`,`idusuario`,`OS`,`arquitectura`,`verssion`,`nomCuenta`,`ultima_actividad`,`fecha_actividad`) values (1,11,NULL,NULL,NULL,NULL,1352933151374,1352933151374),(2,11,NULL,NULL,NULL,NULL,1352933171108,1352933151374),(3,11,NULL,NULL,NULL,NULL,1352933247551,1352933151374),(4,11,NULL,NULL,NULL,NULL,1352933151374,1352933385979),(5,11,NULL,NULL,NULL,NULL,1352933151374,1352933403050),(6,11,NULL,NULL,NULL,NULL,1352933151374,1352933433840),(7,11,NULL,NULL,NULL,NULL,1352933433840,1352933502375),(8,11,NULL,NULL,NULL,NULL,1352933502375,1352933517776),(9,27,'Windows XP','x86','5.1','Ferz',1359757843609,1359757843609),(10,28,'Windows XP','x86','5.1','Ferz',1364848892328,1364848892328),(11,29,'Windows XP','x86','5.1','Ferz',1364914563421,1364914563421),(12,35,'Windows XP','x86','5.1','Ferz',1364916343125,1364916343125),(13,27,'Windows XP','x86','5.1','Ferz',1359757843609,1364923489609),(14,27,'Windows XP','x86','5.1','Ferz',1364923489609,1364923568406),(15,27,'Windows XP','x86','5.1','Ferz',1364923568406,1364923626453),(16,27,'Windows XP','x86','5.1','Ferz',1364923626453,1364924119140),(17,27,'Windows XP','x86','5.1','Ferz',1364924119140,1364931152828),(18,27,'Windows XP','x86','5.1','Ferz',1364931152828,1364931300890),(19,27,'Windows XP','x86','5.1','Ferz',1364931300890,1364931387203),(20,27,'Windows XP','x86','5.1','Ferz',1364931387203,1364931944390),(21,27,'Windows XP','x86','5.1','Ferz',1364931944390,1364931993453),(22,27,'Windows XP','x86','5.1','Ferz',1364931993453,1364932366000),(23,27,'Windows XP','x86','5.1','Ferz',1364932366000,1364932468671),(24,27,'Windows XP','x86','5.1','Ferz',1364932468671,1364933879187),(25,27,'Windows XP','x86','5.1','Ferz',1364933879187,1364933945000),(26,27,'Windows XP','x86','5.1','Ferz',1364933945000,1364935563421),(27,27,'Windows XP','x86','5.1','Ferz',1364935563421,1364935944125),(28,27,'Windows XP','x86','5.1','Ferz',1364935944125,1364936034296),(29,27,'Windows XP','x86','5.1','Ferz',1364936034296,1364936100359),(30,27,'Windows XP','x86','5.1','Ferz',1364936100359,1364936425968),(31,27,'Windows XP','x86','5.1','Ferz',1364936425968,1364936509890),(32,27,'Windows XP','x86','5.1','Ferz',1364936509890,1364936584515),(33,27,'Windows XP','x86','5.1','Ferz',1364936584515,1364936612546),(34,27,'Windows XP','x86','5.1','Ferz',1364936612546,1364936677796),(35,27,'Windows XP','x86','5.1','Ferz',1364936677796,1364936761031),(36,27,'Windows XP','x86','5.1','Ferz',1364936761031,1364938645734),(37,27,'Windows XP','x86','5.1','Ferz',1364938645734,1364938715437),(38,27,'Windows XP','x86','5.1','Ferz',1364938715437,1364940649343),(39,27,'Windows XP','x86','5.1','Ferz',1364940649343,1364940795765),(40,27,'Windows XP','x86','5.1','Ferz',1364940795765,1364941219500),(41,27,'Windows XP','x86','5.1','Ferz',1364941219500,1364941493484),(42,27,'Windows XP','x86','5.1','Ferz',1364941493484,1364941599921),(43,27,'Windows XP','x86','5.1','Ferz',1364941599921,1364941854656),(44,27,'Windows XP','x86','5.1','Ferz',1364941854656,1364942022593),(45,27,'Windows XP','x86','5.1','Ferz',1364942022593,1365102220484),(46,27,'Windows XP','x86','5.1','Ferz',1365102220484,1365102666953),(47,27,'Windows XP','x86','5.1','Ferz',1365102666953,1365102971734),(48,27,'Windows XP','x86','5.1','Ferz',1365102971734,1365103618281),(49,27,'Windows XP','x86','5.1','Ferz',1365103618281,1365103787828),(50,27,'Windows XP','x86','5.1','Ferz',1365103787828,1365103878937),(51,27,'Windows XP','x86','5.1','Ferz',1365103878937,1365104301890),(52,27,'Windows XP','x86','5.1','Ferz',1365104301890,1365104367593),(53,27,'Windows XP','x86','5.1','Ferz',1365104367593,1365105051031),(54,27,'Windows XP','x86','5.1','Ferz',1365105051031,1365105309359),(55,27,'Windows XP','x86','5.1','Ferz',1365105309359,1365105418750),(56,27,'Windows XP','x86','5.1','Ferz',1365105418750,1365105879421),(57,27,'Windows XP','x86','5.1','Ferz',1365105879421,1365106240328),(58,27,'Windows XP','x86','5.1','Ferz',1365106240328,1365106700890),(59,27,'Windows XP','x86','5.1','Ferz',1365106700890,1365106956687),(60,27,'Windows XP','x86','5.1','Ferz',1365106956687,1365107226312),(61,27,'Windows XP','x86','5.1','Ferz',1365107226312,1365107283125),(62,27,'Windows XP','x86','5.1','Ferz',1365107283125,1365107337250),(63,27,'Windows XP','x86','5.1','Ferz',1365107337250,1365107398765),(64,27,'Windows XP','x86','5.1','Ferz',1365107398765,1365107466703),(65,27,'Windows XP','x86','5.1','Ferz',1365107466703,1365107570734),(66,27,'Windows XP','x86','5.1','Ferz',1365107570734,1365107613578),(67,27,'Windows XP','x86','5.1','Ferz',1365107613578,1365110691515),(68,27,'Windows XP','x86','5.1','Ferz',1365110691515,1365111423546),(69,27,'Windows XP','x86','5.1','Ferz',1365111423546,1365111561046),(70,27,'Windows XP','x86','5.1','Ferz',1365111561046,1365111693906),(71,27,'Windows XP','x86','5.1','Ferz',1365111693906,1365112154718),(72,27,'Windows XP','x86','5.1','Ferz',1365112154718,1365112431062),(73,27,'Windows XP','x86','5.1','Ferz',1365112431062,1365112538593),(74,27,'Windows XP','x86','5.1','Ferz',1365112538593,1365113278125),(75,27,'Windows XP','x86','5.1','Ferz',1365113278125,1365113538968),(76,27,'Windows XP','x86','5.1','Ferz',1365113538968,1365114575906),(77,27,'Windows XP','x86','5.1','Ferz',1365114575906,1365114722828),(78,27,'Windows XP','x86','5.1','Ferz',1365114722828,1365115149984),(79,27,'Windows XP','x86','5.1','Ferz',1365115149984,1365115423812),(80,27,'Windows XP','x86','5.1','Ferz',1365115423812,1365116239156),(81,27,'Windows XP','x86','5.1','Ferz',1365116239156,1365116369531),(82,27,'Windows XP','x86','5.1','Ferz',1365116369531,1365117011921),(83,27,'Windows XP','x86','5.1','Ferz',1365117011921,1365117265468),(84,27,'Windows XP','x86','5.1','Ferz',1365117265468,1365117622125),(85,27,'Windows XP','x86','5.1','Ferz',1365117622125,1365117721921),(86,27,'Windows XP','x86','5.1','Ferz',1365117721921,1365118572765),(87,27,'Windows XP','x86','5.1','Ferz',1365118572765,1365118811406),(88,27,'Windows XP','x86','5.1','Ferz',1365118811406,1365119053359),(89,27,'Windows XP','x86','5.1','Ferz',1365119053359,1365119399484),(90,27,'Windows XP','x86','5.1','Ferz',1365119399484,1365119455078),(91,27,'Windows XP','x86','5.1','Ferz',1365119455078,1365119526421),(92,27,'Windows XP','x86','5.1','Ferz',1365119526421,1365120110484),(93,27,'Windows XP','x86','5.1','Ferz',1365120110484,1365120355046),(94,27,'Windows XP','x86','5.1','Ferz',1365120355046,1365120517750),(95,27,'Windows XP','x86','5.1','Ferz',1365120517750,1365120616515),(96,27,'Windows XP','x86','5.1','Ferz',1365120616515,1365120807125),(97,27,'Windows XP','x86','5.1','Ferz',1365120807125,1365120927531),(98,27,'Windows XP','x86','5.1','Ferz',1365120927531,1365121462531),(99,27,'Windows XP','x86','5.1','Ferz',1365121462531,1365121635906),(100,27,'Windows XP','x86','5.1','Ferz',1365121635906,1365121794734),(101,27,'Windows XP','x86','5.1','Ferz',1365121794734,1365129336750),(102,27,'Windows XP','x86','5.1','Ferz',1365129336750,1365129444343),(103,27,'Windows XP','x86','5.1','Ferz',1365129444343,1365129926578),(104,27,'Windows XP','x86','5.1','Ferz',1365129926578,1365130072890),(105,27,'Windows XP','x86','5.1','Ferz',1365130072890,1365130190890),(106,27,'Windows XP','x86','5.1','Ferz',1365130190890,1365130568359),(107,27,'Windows XP','x86','5.1','Ferz',1365130568359,1365130886859),(108,27,'Windows XP','x86','5.1','Ferz',1365130886859,1365131291312),(109,27,'Windows XP','x86','5.1','Ferz',1365131291312,1365131703109),(110,27,'Windows XP','x86','5.1','Ferz',1365131703109,1365132433343),(111,27,'Windows XP','x86','5.1','Ferz',1365132433343,1365132820687),(112,27,'Windows XP','x86','5.1','Ferz',1365132820687,1365132910281),(113,27,'Windows XP','x86','5.1','Ferz',1365132910281,1365133288578),(114,27,'Windows XP','x86','5.1','Ferz',1365133288578,1365133373875),(115,27,'Windows XP','x86','5.1','Ferz',1365133373875,1365133523953),(116,27,'Windows XP','x86','5.1','Ferz',1365133523953,1365133643937),(117,27,'Windows XP','x86','5.1','Ferz',1365133643937,1365133681562),(118,27,'Windows XP','x86','5.1','Ferz',1365133681562,1365133751000),(119,27,'Windows XP','x86','5.1','Ferz',1365133751000,1365133886734),(120,27,'Windows XP','x86','5.1','Ferz',1365133886734,1365134097656),(121,27,'Windows XP','x86','5.1','Ferz',1365134097656,1365134165765),(122,27,'Windows XP','x86','5.1','Ferz',1365134165765,1365134314531),(123,27,'Windows XP','x86','5.1','Ferz',1365134314531,1365134714453),(124,27,'Windows XP','x86','5.1','Ferz',1365134714453,1365135002875),(125,27,'Windows XP','x86','5.1','Ferz',1365135002875,1365135170859),(126,27,'Windows XP','x86','5.1','Ferz',1365135170859,1365135204781),(127,27,'Windows XP','x86','5.1','Ferz',1365135204781,1365135402203),(128,27,'Windows XP','x86','5.1','Ferz',1365135402203,1365135594343),(129,27,'Windows XP','x86','5.1','Ferz',1365135594343,1365135868718),(130,27,'Windows XP','x86','5.1','Ferz',1365135868718,1365136353640),(131,27,'Windows XP','x86','5.1','Ferz',1365136353640,1365136552625),(132,27,'Windows XP','x86','5.1','Ferz',1365136552625,1365136618125),(133,27,'Windows XP','x86','5.1','Ferz',1365136618125,1365136710140),(134,27,'Windows XP','x86','5.1','Ferz',1365136710140,1365136840859),(135,27,'Windows XP','x86','5.1','Ferz',1365136840859,1365172291375),(136,27,'Windows XP','x86','5.1','Ferz',1365172291375,1365173220421),(137,27,'Windows XP','x86','5.1','Ferz',1365173220421,1365173419734),(138,27,'Windows XP','x86','5.1','Ferz',1365173419734,1365173719171),(139,27,'Windows XP','x86','5.1','Ferz',1365173719171,1365173857984),(140,27,'Windows XP','x86','5.1','Ferz',1365173857984,1365174827328),(141,27,'Windows XP','x86','5.1','Ferz',1365174827328,1365174998750),(142,27,'Windows XP','x86','5.1','Ferz',1365174998750,1365175144562),(143,27,'Windows XP','x86','5.1','Ferz',1365175144562,1365175475093),(144,27,'Windows XP','x86','5.1','Ferz',1365175475093,1365176048406),(145,27,'Windows XP','x86','5.1','Ferz',1365176048406,1365176168546),(146,27,'Windows XP','x86','5.1','Ferz',1365176168546,1365177366984),(147,27,'Windows XP','x86','5.1','Ferz',1365177366984,1365204950015),(148,27,'Windows XP','x86','5.1','Ferz',1365204950015,1365205306484),(149,27,'Windows XP','x86','5.1','Ferz',1365205306484,1365206043015),(150,27,'Windows XP','x86','5.1','Ferz',1365206043015,1365206268406),(151,27,'Windows XP','x86','5.1','Ferz',1365206268406,1365206612562),(152,27,'Windows XP','x86','5.1','Ferz',1365206612562,1365206826656),(153,27,'Windows XP','x86','5.1','Ferz',1365206826656,1365206976562),(154,27,'Windows XP','x86','5.1','Ferz',1365206976562,1365207042000),(155,27,'Windows XP','x86','5.1','Ferz',1365207042000,1365207512531),(156,27,'Windows XP','x86','5.1','Ferz',1365207512531,1365207546234),(157,27,'Windows XP','x86','5.1','Ferz',1365207546234,1365207664750),(158,27,'Windows XP','x86','5.1','Ferz',1365207664750,1365207801781),(159,27,'Windows XP','x86','5.1','Ferz',1365207801781,1365207996203),(160,27,'Windows XP','x86','5.1','Ferz',1365207996203,1365208210468),(161,27,'Windows XP','x86','5.1','Ferz',1365208210468,1365208484609),(162,27,'Windows XP','x86','5.1','Ferz',1365208484609,1365208577546),(163,27,'Windows XP','x86','5.1','Ferz',1365208577546,1365209593468),(164,27,'Windows XP','x86','5.1','Ferz',1365209593468,1365210555531),(165,27,'Windows XP','x86','5.1','Ferz',1365210555531,1365210608765),(166,27,'Windows XP','x86','5.1','Ferz',1365210608765,1365210746828),(167,27,'Windows XP','x86','5.1','Ferz',1365210746828,1365210792015),(168,27,'Windows XP','x86','5.1','Ferz',1365210792015,1365210885343),(169,27,'Windows XP','x86','5.1','Ferz',1365210885343,1365211028640),(170,27,'Windows XP','x86','5.1','Ferz',1365211028640,1365211131515),(171,27,'Windows XP','x86','5.1','Ferz',1365211131515,1365211179468),(172,27,'Windows XP','x86','5.1','Ferz',1365211179468,1365211556156),(173,27,'Windows XP','x86','5.1','Ferz',1365211556156,1365211846484),(174,27,'Windows XP','x86','5.1','Ferz',1365211846484,1365211926859),(175,27,'Windows XP','x86','5.1','Ferz',1365211926859,1365212034671),(176,27,'Windows XP','x86','5.1','Ferz',1365212034671,1365212114765),(177,27,'Windows XP','x86','5.1','Ferz',1365212114765,1365212356328),(178,27,'Windows XP','x86','5.1','Ferz',1365212356328,1365212577125),(179,27,'Windows XP','x86','5.1','Ferz',1365212577125,1365212698078),(180,27,'Windows XP','x86','5.1','Ferz',1365212698078,1365213114734),(181,27,'Windows XP','x86','5.1','Ferz',1365213114734,1365213556828),(182,27,'Windows XP','x86','5.1','Ferz',1365213556828,1365213693125),(183,27,'Windows XP','x86','5.1','Ferz',1365213693125,1365214007546),(184,27,'Windows XP','x86','5.1','Ferz',1365214007546,1365214098109),(185,27,'Windows XP','x86','5.1','Ferz',1365214098109,1365214338828),(186,27,'Windows XP','x86','5.1','Ferz',1365214338828,1365214919062),(187,27,'Windows XP','x86','5.1','Ferz',1365214919062,1365225427703),(188,27,'Windows XP','x86','5.1','Ferz',1365225427703,1365225959125),(189,27,'Windows XP','x86','5.1','Ferz',1365225959125,1365226289171),(190,27,'Windows XP','x86','5.1','Ferz',1365226289171,1365226809328),(191,27,'Windows XP','x86','5.1','Ferz',1365226809328,1365226947046),(192,27,'Windows XP','x86','5.1','Ferz',1365226947046,1365227088187),(193,27,'Windows XP','x86','5.1','Ferz',1365227088187,1365227317828),(194,27,'Windows XP','x86','5.1','Ferz',1365227317828,1365227541156),(195,27,'Windows XP','x86','5.1','Ferz',1365227541156,1365227767187),(196,27,'Windows XP','x86','5.1','Ferz',1365227767187,1365227863125),(197,27,'Windows XP','x86','5.1','Ferz',1365227863125,1365228099171),(198,27,'Windows XP','x86','5.1','Ferz',1365228099171,1365228300531),(199,27,'Windows XP','x86','5.1','Ferz',1365228300531,1365228411843),(200,27,'Windows XP','x86','5.1','Ferz',1365228411843,1365228526796),(201,27,'Windows XP','x86','5.1','Ferz',1365228526796,1365228673031),(202,27,'Windows XP','x86','5.1','Ferz',1365228673031,1365228771703),(203,27,'Windows XP','x86','5.1','Ferz',1365228771703,1365229410281),(204,27,'Windows XP','x86','5.1','Ferz',1365229410281,1365229577359),(205,27,'Windows XP','x86','5.1','Ferz',1365229577359,1365229768359),(206,27,'Windows XP','x86','5.1','Ferz',1365229768359,1365230356765),(207,27,'Windows XP','x86','5.1','Ferz',1365230356765,1365264268546),(208,27,'Windows XP','x86','5.1','Ferz',1365264268546,1365264717125),(209,27,'Windows XP','x86','5.1','Ferz',1365264717125,1365264779750),(210,27,'Windows XP','x86','5.1','Ferz',1365264779750,1365264852515),(211,27,'Windows XP','x86','5.1','Ferz',1365264852515,1365264967796),(212,27,'Windows XP','x86','5.1','Ferz',1365264967796,1365265172921),(213,27,'Windows XP','x86','5.1','Ferz',1365265172921,1365265233421),(214,27,'Windows XP','x86','5.1','Ferz',1365265233421,1365265348328),(215,27,'Windows XP','x86','5.1','Ferz',1365265348328,1365265837281),(216,27,'Windows XP','x86','5.1','Ferz',1365265837281,1365266207890),(217,27,'Windows XP','x86','5.1','Ferz',1365266207890,1365266320031),(218,27,'Windows XP','x86','5.1','Ferz',1365266320031,1365267316468),(219,27,'Windows XP','x86','5.1','Ferz',1365267316468,1365267564000),(220,27,'Windows XP','x86','5.1','Ferz',1365267564000,1365267848500),(221,27,'Windows XP','x86','5.1','Ferz',1365267848500,1365267984437),(222,27,'Windows XP','x86','5.1','Ferz',1365267984437,1365268264453),(223,27,'Windows XP','x86','5.1','Ferz',1365268264453,1365268368984),(224,27,'Windows XP','x86','5.1','Ferz',1365268368984,1365268536250),(225,27,'Windows XP','x86','5.1','Ferz',1365268536250,1365268660562),(226,27,'Windows XP','x86','5.1','Ferz',1365268660562,1365268700671),(227,27,'Windows XP','x86','5.1','Ferz',1365268700671,1365268887812),(228,27,'Windows XP','x86','5.1','Ferz',1365268887812,1365269329109),(229,27,'Windows XP','x86','5.1','Ferz',1365269329109,1365269494656),(230,27,'Windows XP','x86','5.1','Ferz',1365269494656,1365269597312),(231,27,'Windows XP','x86','5.1','Ferz',1365269597312,1365269798718),(232,27,'Windows XP','x86','5.1','Ferz',1365269798718,1365269880343),(233,27,'Windows XP','x86','5.1','Ferz',1365269880343,1365270102875),(234,27,'Windows XP','x86','5.1','Ferz',1365270102875,1365270641890),(235,27,'Windows XP','x86','5.1','Ferz',1365270641890,1365436345875),(236,27,'Windows XP','x86','5.1','Ferz',1365436345875,1365436772812),(237,27,'Windows XP','x86','5.1','Ferz',1365436772812,1365437048656),(238,27,'Windows XP','x86','5.1','Ferz',1365437048656,1365437138562),(239,27,'Windows XP','x86','5.1','Ferz',1365437138562,1365437227218),(240,27,'Windows XP','x86','5.1','Ferz',1365437227218,1365437357781),(241,27,'Windows XP','x86','5.1','Ferz',1365437357781,1365437606984),(242,27,'Windows XP','x86','5.1','Ferz',1365437606984,1365437775281),(243,27,'Windows XP','x86','5.1','Ferz',1365437775281,1365439371796),(244,27,'Windows XP','x86','5.1','Ferz',1365439371796,1365477950859),(245,27,'Windows XP','x86','5.1','Ferz',1365477950859,1365478052828),(246,27,'Windows XP','x86','5.1','Ferz',1365478052828,1365478756453),(247,27,'Windows XP','x86','5.1','Ferz',1365478756453,1365478831906),(248,27,'Windows XP','x86','5.1','Ferz',1365478831906,1365479686687),(249,27,'Windows XP','x86','5.1','Ferz',1365479686687,1365479874687),(250,27,'Windows XP','x86','5.1','Ferz',1365479874687,1365479950421),(251,27,'Windows XP','x86','5.1','Ferz',1365479950421,1365480029796),(252,27,'Windows XP','x86','5.1','Ferz',1365480029796,1365480128359),(253,27,'Windows XP','x86','5.1','Ferz',1365480128359,1365480214734),(254,27,'Windows XP','x86','5.1','Ferz',1365480214734,1365480335671),(255,27,'Windows XP','x86','5.1','Ferz',1365480335671,1365480581906),(256,27,'Windows XP','x86','5.1','Ferz',1365480581906,1365480863781),(257,27,'Windows XP','x86','5.1','Ferz',1365480863781,1365481017312),(258,27,'Windows XP','x86','5.1','Ferz',1365481017312,1365481290406),(259,27,'Windows XP','x86','5.1','Ferz',1365481290406,1365481384546),(260,27,'Windows XP','x86','5.1','Ferz',1365481384546,1365481479812),(261,27,'Windows XP','x86','5.1','Ferz',1365481479812,1365481543437),(262,27,'Windows XP','x86','5.1','Ferz',1365481543437,1365481706078),(263,27,'Windows XP','x86','5.1','Ferz',1365481706078,1365481761046),(264,27,'Windows XP','x86','5.1','Ferz',1365481761046,1365482139671),(265,27,'Windows XP','x86','5.1','Ferz',1365482139671,1365482346359),(266,27,'Windows XP','x86','5.1','Ferz',1365482346359,1365482471468),(267,27,'Windows XP','x86','5.1','Ferz',1365482471468,1365482817656),(268,27,'Windows XP','x86','5.1','Ferz',1365482817656,1365483047703),(269,27,'Windows XP','x86','5.1','Ferz',1365483047703,1365483293562),(270,27,'Windows XP','x86','5.1','Ferz',1365483293562,1365483437281),(271,27,'Windows XP','x86','5.1','Ferz',1365483437281,1365483572437),(272,27,'Windows XP','x86','5.1','Ferz',1365483572437,1365483690671),(273,27,'Windows XP','x86','5.1','Ferz',1365483690671,1365483969109),(274,27,'Windows XP','x86','5.1','Ferz',1365483969109,1365484061187),(275,27,'Windows XP','x86','5.1','Ferz',1365484061187,1365554814843),(276,27,'Windows XP','x86','5.1','Ferz',1365554814843,1365555616156),(277,27,'Windows XP','x86','5.1','Ferz',1365555616156,1365556081218),(278,27,'Windows XP','x86','5.1','Ferz',1365556081218,1365557002140),(279,27,'Windows XP','x86','5.1','Ferz',1365557002140,1365557058984),(280,27,'Windows XP','x86','5.1','Ferz',1365557058984,1365695403843),(281,27,'Windows XP','x86','5.1','Ferz',1365695403843,1365695855593),(282,27,'Windows XP','x86','5.1','Ferz',1365695855593,1365775939281),(283,27,'Windows XP','x86','5.1','Ferz',1365775939281,1365776100312),(284,27,'Windows XP','x86','5.1','Ferz',1365776100312,1365776307078),(285,27,'Windows XP','x86','5.1','Ferz',1365776307078,1365776518062),(286,27,'Windows XP','x86','5.1','Ferz',1365776518062,1365776573312),(287,27,'Windows XP','x86','5.1','Ferz',1365776573312,1365776766765),(288,27,'Windows XP','x86','5.1','Ferz',1365776766765,1365776808125),(289,27,'Windows XP','x86','5.1','Ferz',1365776808125,1365777029796),(290,27,'Windows XP','x86','5.1','Ferz',1365777029796,1365777222328),(291,27,'Windows XP','x86','5.1','Ferz',1365777222328,1365777682640),(292,27,'Windows XP','x86','5.1','Ferz',1365777682640,1366040641015),(293,27,'Windows XP','x86','5.1','Ferz',1366040641015,1366040980031),(294,27,'Windows XP','x86','5.1','Ferz',1366040980031,1366041100609),(295,27,'Windows XP','x86','5.1','Ferz',1366041100609,1366041264593),(296,27,'Windows XP','x86','5.1','Ferz',1366041264593,1366041950093),(297,27,'Windows XP','x86','5.1','Ferz',1366041950093,1366043619406),(298,27,'Windows XP','x86','5.1','Ferz',1366043619406,1366046048812),(299,27,'Windows XP','x86','5.1','Ferz',1366046048812,1366046281250),(300,27,'Windows 7','amd64','6.1','asumaretv',1366046281250,1392045958144),(301,27,'Windows 7','amd64','6.1','asumaretv',1392045958144,1392047859919),(302,27,'Windows 7','amd64','6.1','asumaretv',1392047859919,1392048729127),(303,27,'Windows 7','amd64','6.1','asumaretv',1392048729127,1394660678175),(304,27,'Windows 7','amd64','6.1','asumaretv',1394660678175,1394660997039),(305,27,'Windows 7','amd64','6.1','asumaretv',1394660997039,1397237433925),(306,27,'Windows 7','amd64','6.1','asumaretv',1397237433925,1397240780525),(307,27,'Windows 7','amd64','6.1','asumaretv',1397240780525,1397240934932),(308,27,'Windows 7','amd64','6.1','asumaretv',1397240934932,1397241536359),(309,27,'Windows 7','amd64','6.1','asumaretv',1397241536359,1397242354859),(310,27,'Windows 7','amd64','6.1','asumaretv',1397242354859,1397242422683),(311,27,'Windows 7','amd64','6.1','asumaretv',1397242422683,1397242451499),(312,27,'Windows 7','amd64','6.1','asumaretv',1397242451499,1397242957583),(313,27,'Windows 7','amd64','6.1','asumaretv',1397242957583,1397243248439),(314,27,'Windows 7','amd64','6.1','asumaretv',1397243248439,1397243450965),(315,27,'Windows 7','amd64','6.1','asumaretv',1397243450965,1397245706534),(316,27,'Windows 7','amd64','6.1','asumaretv',1397245706534,1397245808611),(317,27,'Windows 7','amd64','6.1','asumaretv',1397245808611,1397245954355),(318,27,'Windows 7','amd64','6.1','asumaretv',1397245954355,1397246320750),(319,27,'Windows 7','amd64','6.1','asumaretv',1397246320750,1397246581568),(320,27,'Windows 7','amd64','6.1','asumaretv',1397246581568,1397246872360),(321,27,'Windows 7','amd64','6.1','asumaretv',1397246872360,1397247534744),(322,27,'Windows 7','amd64','6.1','asumaretv',1397247534744,1397247657646),(323,27,'Windows 7','amd64','6.1','asumaretv',1397247657646,1397247973859),(324,27,'Windows 7','amd64','6.1','asumaretv',1397247973859,1397248616613),(325,27,'Windows 7','amd64','6.1','asumaretv',1397248616613,1397321975834),(326,27,'Windows 7','amd64','6.1','asumaretv',1397321975834,1397322096984),(327,27,'Windows 7','amd64','6.1','asumaretv',1397322096984,1397322652267),(328,27,'Windows 7','amd64','6.1','asumaretv',1397322652267,1397322993470),(329,27,'Windows 7','amd64','6.1','asumaretv',1397322993470,1397323044966),(330,27,'Windows 7','amd64','6.1','asumaretv',1397323044966,1397323115868),(331,27,'Windows 7','amd64','6.1','asumaretv',1397323115868,1397323330681),(332,27,'Windows 7','amd64','6.1','asumaretv',1397323330681,1397323502343),(333,27,'Windows 7','amd64','6.1','asumaretv',1397323502343,1397323512343),(334,27,'Windows 7','amd64','6.1','asumaretv',1397323512343,1397325899725),(335,27,'Windows 7','amd64','6.1','asumaretv',1397325899725,1397326015368),(336,27,'Windows 7','amd64','6.1','asumaretv',1397326015368,1397326083275),(337,27,'Windows 7','amd64','6.1','asumaretv',1397326083275,1397923794766),(338,27,'Windows 7','amd64','6.1','asumaretv',1397923794766,1397923861130),(339,27,'Windows 7','amd64','6.1','asumaretv',1397923861130,1397924057331),(340,27,'Windows 7','amd64','6.1','asumaretv',1397924057331,1397924380664),(341,27,'Windows 7','amd64','6.1','asumaretv',1397924380664,1397924625673),(342,27,'Windows 7','amd64','6.1','asumaretv',1397924625673,1397925387587),(343,27,'Windows 7','amd64','6.1','asumaretv',1397925387587,1398035459810),(344,27,'Windows 7','amd64','6.1','asumaretv',1398035459810,1398140524441),(345,27,'Windows 7','amd64','6.1','asumaretv',1398140524441,1398150651617),(346,27,'Windows 7','amd64','6.1','asumaretv',1398150651617,1398297993734),(347,27,'Windows 7','amd64','6.1','asumaretv',1398297993734,1398298372216),(348,27,'Windows 7','amd64','6.1','asumaretv',1398298372216,1398300336579),(349,27,'Windows 7','amd64','6.1','asumaretv',1398300336579,1398301066358),(350,27,'Windows 7','amd64','6.1','asumaretv',1398301066358,1398301132339),(351,27,'Windows 7','amd64','6.1','asumaretv',1398301132339,1398301299354),(352,27,'Windows 7','amd64','6.1','asumaretv',1398301299354,1398301520119),(353,27,'Windows 7','amd64','6.1','asumaretv',1398301520119,1398301676490),(354,27,'Windows 7','amd64','6.1','asumaretv',1398301676490,1398301801116),(355,27,'Windows 7','amd64','6.1','asumaretv',1398301801116,1398301886805),(356,27,'Windows 7','amd64','6.1','asumaretv',1398301886805,1398301923815),(357,27,'Windows 7','amd64','6.1','asumaretv',1398301923815,1398302463014),(358,27,'Windows 7','amd64','6.1','asumaretv',1398302463014,1398302587063),(359,27,'Windows 7','amd64','6.1','asumaretv',1398302587063,1398302736825),(360,27,'Windows 7','amd64','6.1','asumaretv',1398302736825,1398302974783),(361,27,'Windows 7','amd64','6.1','asumaretv',1398302974783,1398303213388),(362,27,'Windows 7','amd64','6.1','asumaretv',1398303213388,1398303301648),(363,27,'Windows 7','amd64','6.1','asumaretv',1398303301648,1398303370806),(364,27,'Windows 7','amd64','6.1','asumaretv',1398303370806,1398303425666),(365,27,'Windows 7','amd64','6.1','asumaretv',1398303425666,1398303724929),(366,27,'Windows 7','amd64','6.1','asumaretv',1398303724929,1398303819092),(367,27,'Windows 7','amd64','6.1','asumaretv',1398303819092,1398303927499),(368,27,'Windows 7','amd64','6.1','asumaretv',1398303927499,1398304093132),(369,27,'Windows 7','amd64','6.1','asumaretv',1398304093132,1398304435591),(370,27,'Windows 7','amd64','6.1','asumaretv',1398304435591,1398304469476),(371,27,'Windows 7','amd64','6.1','asumaretv',1398304469476,1398304960169),(372,27,'Windows 7','amd64','6.1','asumaretv',1398304960169,1398305036043),(373,27,'Windows 7','amd64','6.1','asumaretv',1398305036043,1398305159227),(374,27,'Windows 7','amd64','6.1','asumaretv',1398305159227,1398305285239),(375,27,'Windows 7','amd64','6.1','asumaretv',1398305285239,1398305346220),(376,27,'Windows 7','amd64','6.1','asumaretv',1398305346220,1398305474903),(377,27,'Windows 7','amd64','6.1','asumaretv',1398305474903,1398305825198),(378,27,'Windows 7','amd64','6.1','asumaretv',1398305825198,1398306052898),(379,27,'Windows 7','amd64','6.1','asumaretv',1398306052898,1398306118415),(380,27,'Windows 7','amd64','6.1','asumaretv',1398306118415,1398306375774),(381,27,'Windows 7','amd64','6.1','asumaretv',1398306375774,1398313295342),(382,27,'Windows 7','amd64','6.1','asumaretv',1398313295342,1398313537672),(383,27,'Windows 7','amd64','6.1','asumaretv',1398313537672,1398313594035),(384,27,'Windows 7','amd64','6.1','asumaretv',1398313594035,1398313715092),(385,27,'Windows 7','amd64','6.1','asumaretv',1398313715092,1398313814120),(386,27,'Windows 7','amd64','6.1','asumaretv',1398313814120,1398314162298),(387,27,'Windows 7','amd64','6.1','asumaretv',1398314162298,1398381239734),(388,27,'Windows 7','amd64','6.1','asumaretv',1398381239734,1398381720563),(389,27,'Windows 7','amd64','6.1','asumaretv',1398381720563,1398381804253),(390,27,'Windows 7','amd64','6.1','asumaretv',1398381804253,1398381931669),(391,27,'Windows 7','amd64','6.1','asumaretv',1398381931669,1398382152209),(392,27,'Windows 7','amd64','6.1','asumaretv',1398382152209,1398382199748),(393,27,'Windows 7','amd64','6.1','asumaretv',1398382199748,1398382598700),(394,27,'Windows 7','amd64','6.1','asumaretv',1398382598700,1398382677955),(395,27,'Windows 7','amd64','6.1','asumaretv',1398382677955,1398382959048),(396,27,'Windows 7','amd64','6.1','asumaretv',1398382959048,1398383082743),(397,27,'Windows 7','amd64','6.1','asumaretv',1398383082743,1398383166634),(398,27,'Windows 7','amd64','6.1','asumaretv',1398383166634,1398383623251),(399,27,'Windows 7','amd64','6.1','asumaretv',1398383623251,1398383675826),(400,27,'Windows 7','amd64','6.1','asumaretv',1398383675826,1398383798137),(401,27,'Windows 7','amd64','6.1','asumaretv',1398383798137,1398384000189),(402,27,'Windows 7','amd64','6.1','asumaretv',1398384000189,1398384188534),(403,27,'Windows 7','amd64','6.1','asumaretv',1398384188534,1398384239043),(404,27,'Windows 7','amd64','6.1','asumaretv',1398384239043,1398384330345),(405,27,'Windows 7','amd64','6.1','asumaretv',1398384330345,1398384393236),(406,27,'Windows 7','amd64','6.1','asumaretv',1398384393236,1398384451772),(407,27,'Windows 7','amd64','6.1','asumaretv',1398384451772,1398384726960),(408,27,'Windows 7','amd64','6.1','asumaretv',1398384726960,1398384859933),(409,27,'Windows 7','amd64','6.1','asumaretv',1398384859933,1398385016814),(410,27,'Windows 7','amd64','6.1','asumaretv',1398385016814,1398385141639),(411,27,'Windows 7','amd64','6.1','asumaretv',1398385141639,1398385226715),(412,27,'Windows 7','amd64','6.1','asumaretv',1398385226715,1398385346024),(413,27,'Windows 7','amd64','6.1','asumaretv',1398385346024,1398385447244),(414,27,'Windows 7','amd64','6.1','asumaretv',1398385447244,1398385540647),(415,27,'Windows 7','amd64','6.1','asumaretv',1398385540647,1398385768181),(416,27,'Windows 7','amd64','6.1','asumaretv',1398385768181,1398386289958),(417,27,'Windows 7','amd64','6.1','asumaretv',1398386289958,1398386620097),(418,27,'Windows 7','amd64','6.1','asumaretv',1398386620097,1398386800200),(419,27,'Windows 7','amd64','6.1','asumaretv',1398386800200,1398387590647),(420,27,'Windows 7','amd64','6.1','asumaretv',1398387590647,1398398669117),(421,27,'Windows 7','amd64','6.1','asumaretv',1398398669117,1398398782591),(422,27,'Windows 7','amd64','6.1','asumaretv',1398398782591,1398398943911),(423,27,'Windows 7','amd64','6.1','asumaretv',1398398943911,1398399097899),(424,27,'Windows 7','amd64','6.1','asumaretv',1398399097899,1398399581032),(425,27,'Windows 7','amd64','6.1','asumaretv',1398399581032,1398399663353),(426,27,'Windows 7','amd64','6.1','asumaretv',1398399663353,1398399765346),(427,27,'Windows 7','amd64','6.1','asumaretv',1398399765346,1398400227528),(428,27,'Windows 7','amd64','6.1','asumaretv',1398400227528,1398401262871),(429,27,'Windows 7','amd64','6.1','asumaretv',1398401262871,1398401337501),(430,27,'Windows 7','amd64','6.1','asumaretv',1398401337501,1398401438933),(431,27,'Windows 7','amd64','6.1','asumaretv',1398401438933,1398401482629),(432,27,'Windows 7','amd64','6.1','asumaretv',1398401482629,1398401746487),(433,27,'Windows 7','amd64','6.1','asumaretv',1398401746487,1398401912082),(434,27,'Windows 7','amd64','6.1','asumaretv',1398401912082,1398402118096),(435,27,'Windows 7','amd64','6.1','asumaretv',1398402118096,1398402216454),(436,27,'Windows 7','amd64','6.1','asumaretv',1398402216454,1398402928032),(437,27,'Windows 7','amd64','6.1','asumaretv',1398402928032,1398403012413),(438,27,'Windows 7','amd64','6.1','asumaretv',1398403012413,1398403063409),(439,27,'Windows 7','amd64','6.1','asumaretv',1398403063409,1398575149113),(440,27,'Windows 7','amd64','6.1','asumaretv',1398575149113,1398575448327),(441,27,'Windows 7','amd64','6.1','asumaretv',1398575448327,1398575535509),(442,27,'Windows 7','amd64','6.1','asumaretv',1398575535509,1398575726710),(443,27,'Windows 7','amd64','6.1','asumaretv',1398575726710,1398575884032),(444,27,'Windows 7','amd64','6.1','asumaretv',1398575884032,1398575894425),(445,27,'Windows 7','amd64','6.1','asumaretv',1398575894425,1398576448420),(446,27,'Windows 7','amd64','6.1','asumaretv',1398576448420,1398576491858),(447,27,'Windows 7','amd64','6.1','asumaretv',1398576491858,1398576597888),(448,27,'Windows 7','amd64','6.1','asumaretv',1398576597888,1398580491181),(449,27,'Windows 7','amd64','6.1','asumaretv',1398580491181,1398580510075),(450,27,'Windows 7','amd64','6.1','asumaretv',1398580510075,1398580547309),(451,27,'Windows 7','amd64','6.1','asumaretv',1398580547309,1398580672189),(452,27,'Windows 7','amd64','6.1','asumaretv',1398580672189,1398580981979),(453,27,'Windows 7','amd64','6.1','asumaretv',1398580981979,1398581047252),(454,27,'Windows 7','amd64','6.1','asumaretv',1398581047252,1398581193149),(455,27,'Windows 7','amd64','6.1','asumaretv',1398581193149,1398581263080),(456,27,'Windows 7','amd64','6.1','asumaretv',1398581263080,1398581599168),(457,27,'Windows 7','amd64','6.1','asumaretv',1398581599168,1398582146589),(458,27,'Windows 7','amd64','6.1','asumaretv',1398582146589,1398582333479),(459,27,'Windows 7','amd64','6.1','asumaretv',1398582333479,1398582524036),(460,27,'Windows 7','amd64','6.1','asumaretv',1398582524036,1398583412971),(461,27,'Windows 7','amd64','6.1','asumaretv',1398583412971,1398583552528),(462,27,'Windows 7','amd64','6.1','asumaretv',1398583552528,1398583622678),(463,27,'Windows 7','amd64','6.1','asumaretv',1398583622678,1398584286105),(464,27,'Windows 7','amd64','6.1','asumaretv',1398584286105,1398584563297),(465,27,'Windows 7','amd64','6.1','asumaretv',1398584563297,1398618506081),(466,27,'Windows 7','amd64','6.1','asumaretv',1398618506081,1398618864552),(467,27,'Windows 7','amd64','6.1','asumaretv',1398618864552,1398619058997),(468,27,'Windows 7','amd64','6.1','asumaretv',1398619058997,1398619365878),(469,27,'Windows 7','amd64','6.1','asumaretv',1398619365878,1398639368266),(470,27,'Windows 7','amd64','6.1','asumaretv',1398639368266,1398639569952),(471,27,'Windows 7','amd64','6.1','asumaretv',1398639569952,1398640568271),(472,27,'Windows 7','amd64','6.1','asumaretv',1398640568271,1398640807938),(473,27,'Windows 7','amd64','6.1','asumaretv',1398640807938,1398640967488),(474,27,'Windows 7','amd64','6.1','asumaretv',1398640967488,1398641443501),(475,27,'Windows 7','amd64','6.1','asumaretv',1398641443501,1398642179940),(476,27,'Windows 7','amd64','6.1','asumaretv',1398642179940,1398642257324),(477,27,'Windows 7','amd64','6.1','asumaretv',1398642257324,1398642874307),(478,27,'Windows 7','amd64','6.1','asumaretv',1398642874307,1398644420676),(479,27,'Windows 7','amd64','6.1','asumaretv',1398644420676,1398644591395),(480,27,'Windows 7','amd64','6.1','asumaretv',1398644591395,1398644639504),(481,27,'Windows 7','amd64','6.1','asumaretv',1398644639504,1398644712937),(482,27,'Windows 7','amd64','6.1','asumaretv',1398644712937,1398644791930),(483,27,'Windows 7','amd64','6.1','asumaretv',1398644791930,1398644895943),(484,27,'Windows 7','amd64','6.1','asumaretv',1398644895943,1398703928946),(485,27,'Windows 7','amd64','6.1','asumaretv',1398703928946,1398704692381),(486,27,'Windows 10','amd64','10.0','JGRANADOS',1398704692381,1497672507750),(487,27,'Windows 10','amd64','10.0','JGRANADOS',1497672507750,1497672793537),(488,27,'Windows 10','amd64','10.0','JGRANADOS',1497672793537,1497673238877),(489,27,'Windows 10','amd64','10.0','JGRANADOS',1497673238877,1497673436711),(490,27,'Windows 10','amd64','10.0','JGRANADOS',1497673436711,1497674298766),(491,27,'Windows 10','amd64','10.0','JGRANADOS',1497674298766,1497675927527),(492,27,'Windows 10','amd64','10.0','JGRANADOS',1497675927527,1497676021338);

UNLOCK TABLES;

/*Table structure for table `gv_clase` */

DROP TABLE IF EXISTS `gv_clase`;

CREATE TABLE `gv_clase` (
  `idclase` int(11) NOT NULL AUTO_INCREMENT,
  `nombre` varchar(125) NOT NULL,
  `activo` int(1) DEFAULT '1',
  PRIMARY KEY (`idclase`)
) ENGINE=InnoDB AUTO_INCREMENT=5 DEFAULT CHARSET=utf8;

/*Data for the table `gv_clase` */

LOCK TABLES `gv_clase` WRITE;

insert  into `gv_clase`(`idclase`,`nombre`,`activo`) values (1,'clase 1',1),(2,'sdfasdf',1),(3,'Clase 2',1),(4,'Clase 3',1);

UNLOCK TABLES;

/*Table structure for table `gv_cliente` */

DROP TABLE IF EXISTS `gv_cliente`;

CREATE TABLE `gv_cliente` (
  `idc` bigint(20) NOT NULL AUTO_INCREMENT,
  `ruc` varchar(35) DEFAULT NULL,
  `dni` varchar(30) DEFAULT NULL,
  `nombre` varchar(125) NOT NULL,
  `apellidos` varchar(125) NOT NULL,
  `tipo` enum('NATURAL','JURIDICA') DEFAULT NULL,
  `email` varchar(225) DEFAULT NULL,
  `telefono` varchar(15) DEFAULT NULL,
  `movil` varchar(15) DEFAULT NULL,
  `nextel` varchar(15) DEFAULT NULL,
  `fax` varchar(15) DEFAULT NULL,
  `sexo` enum('H','M') DEFAULT NULL,
  `fec_reg` bigint(20) NOT NULL,
  `activo` int(1) DEFAULT '1',
  PRIMARY KEY (`idc`)
) ENGINE=InnoDB DEFAULT CHARSET=utf8;

/*Data for the table `gv_cliente` */

LOCK TABLES `gv_cliente` WRITE;

UNLOCK TABLES;

/*Table structure for table `gv_compra` */

DROP TABLE IF EXISTS `gv_compra`;

CREATE TABLE `gv_compra` (
  `idcompra` int(11) NOT NULL AUTO_INCREMENT,
  `tipodoc` enum('FACTURA','BOLETA','GUIA','NOTA DE PEDIDO','DUA') DEFAULT NULL,
  `numdoc` varchar(20) DEFAULT NULL,
  `idproveedor` int(11) DEFAULT NULL,
  `idusuario` int(11) DEFAULT NULL,
  `idmoneda` int(11) DEFAULT NULL,
  `estado` enum('CANCELADO','PENDIENTE') DEFAULT NULL,
  `numitems` int(11) DEFAULT NULL,
  `observaciones` text,
  `subtotal` double DEFAULT NULL,
  `igv` double DEFAULT NULL,
  `total` double DEFAULT NULL,
  `fecha` date DEFAULT NULL,
  `activo` int(1) DEFAULT '1',
  PRIMARY KEY (`idcompra`)
) ENGINE=InnoDB AUTO_INCREMENT=24 DEFAULT CHARSET=utf8;

/*Data for the table `gv_compra` */

LOCK TABLES `gv_compra` WRITE;

insert  into `gv_compra`(`idcompra`,`tipodoc`,`numdoc`,`idproveedor`,`idusuario`,`idmoneda`,`estado`,`numitems`,`observaciones`,`subtotal`,`igv`,`total`,`fecha`,`activo`) values (16,'FACTURA','555588996',2,27,2,'CANCELADO',3,'fdfasdfasdf',271.1864406779661,18,320,'2014-04-19',1),(17,'FACTURA','55589654',3,27,2,'CANCELADO',4,'fdfasdfasdf',627.9152542372882,18,740.94,'2014-04-23',1),(18,'FACTURA','89762548',1,27,2,'CANCELADO',4,'fdfasdfasdf',1057.6271186440679,18,1248,'2014-04-23',1),(19,'FACTURA','55899663',3,27,2,'CANCELADO',4,'fdfasdfasdf',288.135593220339,18,340,'2014-04-23',1),(20,'FACTURA','99868885',2,27,2,'CANCELADO',1,'fdfasdfasdf',254.23728813559322,18,300,'2014-04-23',1),(21,'FACTURA','99986575',5,27,2,'CANCELADO',4,'fdfasdfasdf',251.67796610169492,18,296.98,'2014-04-24',1),(22,'FACTURA','8996587',7,27,2,'CANCELADO',3,'fdfasdfasdf',769.4915254237288,18,908,'2014-04-24',1),(23,'FACTURA','36698547',1,27,2,'CANCELADO',2,'fdfasdfasdf',701.6949152542372,18,828,'2014-04-24',1);

UNLOCK TABLES;

/*Table structure for table `gv_detallecompra` */

DROP TABLE IF EXISTS `gv_detallecompra`;

CREATE TABLE `gv_detallecompra` (
  `iddetallec` int(11) NOT NULL AUTO_INCREMENT,
  `idcompra` int(11) NOT NULL,
  `idproducto` int(11) NOT NULL,
  `cantidad` int(11) NOT NULL,
  `importe` double NOT NULL,
  `descuento` double DEFAULT NULL COMMENT 'porcentaje de descuento',
  `activo` int(1) DEFAULT '1',
  PRIMARY KEY (`iddetallec`)
) ENGINE=InnoDB AUTO_INCREMENT=55 DEFAULT CHARSET=utf8;

/*Data for the table `gv_detallecompra` */

LOCK TABLES `gv_detallecompra` WRITE;

insert  into `gv_detallecompra`(`iddetallec`,`idcompra`,`idproducto`,`cantidad`,`importe`,`descuento`,`activo`) values (19,12,24,1,50,0,1),(22,13,30,5,3790,0,1),(29,12,28,1,120,0,1),(30,16,31,2,200,0,1),(31,16,26,1,70,0,1),(32,16,24,1,50,0,1),(33,17,31,2,200,0,1),(34,17,24,2,100,0,1),(35,17,27,3,80.94,0,1),(36,17,28,3,360,0,1),(37,18,24,1,50,0,1),(38,18,26,2,140,0,1),(39,18,31,3,300,0,1),(40,18,30,1,758,0,1),(41,19,26,1,70,0,1),(42,19,24,1,50,0,1),(43,19,28,1,120,0,1),(44,19,31,1,100,0,1),(45,20,31,3,300,0,1),(46,21,31,1,100,0,1),(47,21,28,1,120,0,1),(48,21,27,1,26.98,0,1),(49,21,24,1,50,0,1),(50,22,30,1,758,0,1),(51,22,31,1,100,0,1),(52,22,24,1,50,0,1),(53,23,30,1,758,0,1),(54,23,26,1,70,0,1);

UNLOCK TABLES;

/*Table structure for table `gv_encargadoalmacen` */

DROP TABLE IF EXISTS `gv_encargadoalmacen`;

CREATE TABLE `gv_encargadoalmacen` (
  `idEA` int(11) NOT NULL AUTO_INCREMENT,
  `idusuario` int(11) NOT NULL,
  `idalmacen` int(11) NOT NULL,
  `tipocargo` enum('Lider','Empleado') NOT NULL,
  `activo` int(11) DEFAULT '1',
  PRIMARY KEY (`idEA`)
) ENGINE=InnoDB AUTO_INCREMENT=6 DEFAULT CHARSET=utf8;

/*Data for the table `gv_encargadoalmacen` */

LOCK TABLES `gv_encargadoalmacen` WRITE;

insert  into `gv_encargadoalmacen`(`idEA`,`idusuario`,`idalmacen`,`tipocargo`,`activo`) values (1,24,1,'Lider',1),(2,35,1,'Lider',1),(3,27,1,'Lider',1),(4,31,3,'Empleado',1),(5,28,1,'Lider',1);

UNLOCK TABLES;

/*Table structure for table `gv_kardex` */

DROP TABLE IF EXISTS `gv_kardex`;

CREATE TABLE `gv_kardex` (
  `idkardex` int(11) NOT NULL AUTO_INCREMENT,
  `idProductos` int(11) DEFAULT NULL,
  `fecha` date DEFAULT NULL,
  `documento` enum('APERTURA','VENTA','COMPRA','COMPRA_ACTUALIZACION','VENTA_ACTUALIZACION','PRODUCTO_ELIMINADO_COMPRA') DEFAULT NULL,
  `nro_documento` varchar(30) DEFAULT NULL,
  `entrada` int(11) DEFAULT NULL,
  `salida` int(11) DEFAULT NULL,
  `precio` decimal(11,2) DEFAULT NULL,
  `valor` decimal(11,2) DEFAULT NULL,
  `stock_actual` int(11) DEFAULT NULL,
  `valorTotal` decimal(11,2) DEFAULT NULL,
  `activo` int(1) DEFAULT '1',
  PRIMARY KEY (`idkardex`)
) ENGINE=InnoDB AUTO_INCREMENT=67 DEFAULT CHARSET=utf8;

/*Data for the table `gv_kardex` */

LOCK TABLES `gv_kardex` WRITE;

insert  into `gv_kardex`(`idkardex`,`idProductos`,`fecha`,`documento`,`nro_documento`,`entrada`,`salida`,`precio`,`valor`,`stock_actual`,`valorTotal`,`activo`) values (5,24,'2013-03-08','APERTURA','000000',69,0,0.00,0.00,0,0.00,1),(6,25,'2013-03-08','APERTURA','000000',80,0,0.00,0.00,0,0.00,1),(7,26,'2013-03-25','APERTURA','000000',20,0,0.00,0.00,0,0.00,1),(8,28,'2013-03-25','APERTURA','000000',70,0,0.00,0.00,0,0.00,1),(9,29,'2013-03-25','APERTURA','000000',10,NULL,NULL,NULL,NULL,NULL,1),(10,30,'2013-03-25','APERTURA','000000',40,0,0.00,0.00,0,0.00,1),(14,24,'2013-04-15','COMPRA','88859658',38,0,50.00,50.00,58,2900.00,1),(15,28,'2013-04-15','COMPRA','88859658',32,0,120.00,120.00,72,8640.00,1),(16,27,'2013-04-15','COMPRA','88859658',22,0,26.98,26.98,42,1133.16,1),(17,30,'2013-04-15','COMPRA','88859656',5,0,758.00,758.00,45,34110.00,1),(18,31,'2014-02-10','APERTURA','000000',0,NULL,NULL,NULL,NULL,NULL,1),(19,26,'2014-02-10','COMPRA','548575',2,0,70.00,70.00,23,1610.00,1),(20,31,'2014-02-10','COMPRA','548575',4,0,100.00,100.00,4,400.00,1),(21,31,'2014-03-12','COMPRA','889958',2,0,100.00,100.00,6,600.00,1),(22,24,'2014-03-12','COMPRA','889958',2,0,50.00,50.00,60,3000.00,1),(23,24,'2013-04-15','COMPRA_ACTUALIZACION','88859658',1,0,50.00,50.00,61,3050.00,1),(24,28,'2013-04-15','COMPRA_ACTUALIZACION','88859658',1,0,120.00,120.00,73,8760.00,1),(25,27,'2013-04-15','COMPRA_ACTUALIZACION','88859658',2,0,26.98,26.98,44,1187.12,1),(26,26,'2013-04-15','COMPRA_ACTUALIZACION','88859658',1,0,70.00,70.00,24,1680.00,1),(27,24,'2013-04-15','COMPRA_ACTUALIZACION','88859658',1,0,50.00,50.00,62,3100.00,1),(28,28,'2013-04-15','COMPRA_ACTUALIZACION','88859658',1,0,120.00,120.00,74,8880.00,1),(29,27,'2013-04-15','COMPRA_ACTUALIZACION','88859658',2,0,26.98,26.98,46,1241.08,1),(30,26,'2013-04-15','COMPRA_ACTUALIZACION','88859658',1,0,70.00,70.00,25,1750.00,1),(31,24,'2013-04-15','COMPRA_ACTUALIZACION','88859658',1,0,50.00,50.00,63,3150.00,1),(32,26,'2013-04-15','COMPRA_ACTUALIZACION','88859658',1,0,70.00,70.00,26,1820.00,1),(33,31,'2013-04-15','COMPRA_ACTUALIZACION','88859658',1,0,100.00,100.00,7,700.00,1),(34,28,'2013-04-15','COMPRA_ACTUALIZACION','88859658',1,0,120.00,120.00,75,9000.00,1),(35,31,'2014-04-12','PRODUCTO_ELIMINADO_COMPRA','88859658',1,0,100.00,100.00,6,600.00,1),(36,24,'2013-04-15','COMPRA_ACTUALIZACION','88859658',1,0,50.00,50.00,64,3200.00,1),(37,28,'2013-04-15','COMPRA_ACTUALIZACION','88859658',1,0,120.00,120.00,76,9120.00,1),(38,26,'2014-04-19','PRODUCTO_ELIMINADO_COMPRA','548575',2,0,70.00,70.00,24,1680.00,1),(39,31,'2014-04-19','PRODUCTO_ELIMINADO_COMPRA','548575',4,0,100.00,100.00,2,200.00,1),(40,31,'2014-04-19','COMPRA','555588996',2,0,100.00,100.00,4,400.00,1),(41,26,'2014-04-19','COMPRA','555588996',1,0,70.00,70.00,25,1750.00,1),(42,24,'2014-04-19','COMPRA','555588996',1,0,50.00,50.00,65,3250.00,1),(43,31,'2014-04-19','PRODUCTO_ELIMINADO_COMPRA','889958',2,0,100.00,100.00,2,200.00,1),(44,24,'2014-04-19','PRODUCTO_ELIMINADO_COMPRA','889958',2,0,50.00,50.00,63,3150.00,1),(45,31,'2014-04-23','COMPRA','55589654',2,0,100.00,100.00,4,400.00,1),(46,24,'2014-04-23','COMPRA','55589654',2,0,50.00,50.00,65,3250.00,1),(47,27,'2014-04-23','COMPRA','55589654',3,0,26.98,26.98,49,1322.02,1),(48,28,'2014-04-23','COMPRA','55589654',3,0,120.00,120.00,79,9480.00,1),(49,24,'2014-04-23','COMPRA','89762548',1,0,50.00,50.00,66,3300.00,1),(50,26,'2014-04-23','COMPRA','89762548',2,0,70.00,70.00,27,1890.00,1),(51,31,'2014-04-23','COMPRA','89762548',3,0,100.00,100.00,7,700.00,1),(52,30,'2014-04-23','COMPRA','89762548',1,0,758.00,758.00,46,34868.00,1),(53,26,'2014-04-23','COMPRA','55899663',1,0,70.00,70.00,28,1960.00,1),(54,24,'2014-04-23','COMPRA','55899663',1,0,50.00,50.00,67,3350.00,1),(55,28,'2014-04-23','COMPRA','55899663',1,0,120.00,120.00,80,9600.00,1),(56,31,'2014-04-23','COMPRA','55899663',1,0,100.00,100.00,8,800.00,1),(57,31,'2014-04-23','COMPRA','99868885',3,0,100.00,100.00,11,1100.00,1),(58,31,'2014-04-24','COMPRA','99986575',1,0,100.00,100.00,12,1200.00,1),(59,28,'2014-04-24','COMPRA','99986575',1,0,120.00,120.00,81,9720.00,1),(60,27,'2014-04-24','COMPRA','99986575',1,0,26.98,26.98,50,1349.00,1),(61,24,'2014-04-24','COMPRA','99986575',1,0,50.00,50.00,68,3400.00,1),(62,30,'2014-04-24','COMPRA','8996587',1,0,758.00,758.00,47,35626.00,1),(63,31,'2014-04-24','COMPRA','8996587',1,0,100.00,100.00,13,1300.00,1),(64,24,'2014-04-24','COMPRA','8996587',1,0,50.00,50.00,69,3450.00,1),(65,30,'2014-04-24','COMPRA','36698547',1,0,758.00,758.00,48,36384.00,1),(66,26,'2014-04-24','COMPRA','36698547',1,0,70.00,70.00,29,2030.00,1);

UNLOCK TABLES;

/*Table structure for table `gv_marca` */

DROP TABLE IF EXISTS `gv_marca`;

CREATE TABLE `gv_marca` (
  `idmarca` int(11) NOT NULL AUTO_INCREMENT,
  `nombre` varchar(125) NOT NULL,
  `activo` int(1) DEFAULT '1',
  PRIMARY KEY (`idmarca`)
) ENGINE=InnoDB AUTO_INCREMENT=3 DEFAULT CHARSET=utf8;

/*Data for the table `gv_marca` */

LOCK TABLES `gv_marca` WRITE;

insert  into `gv_marca`(`idmarca`,`nombre`,`activo`) values (1,'Intel',1),(2,'AMD',1);

UNLOCK TABLES;

/*Table structure for table `gv_modelo` */

DROP TABLE IF EXISTS `gv_modelo`;

CREATE TABLE `gv_modelo` (
  `idmodelo` int(11) NOT NULL AUTO_INCREMENT,
  `nombre` varchar(125) NOT NULL,
  `activo` int(1) DEFAULT '1',
  PRIMARY KEY (`idmodelo`)
) ENGINE=InnoDB AUTO_INCREMENT=5 DEFAULT CHARSET=utf8;

/*Data for the table `gv_modelo` */

LOCK TABLES `gv_modelo` WRITE;

insert  into `gv_modelo`(`idmodelo`,`nombre`,`activo`) values (1,'Modelo1',0),(2,'Modelo2',1),(3,'modelo 387',0),(4,'modelo 4',1);

UNLOCK TABLES;

/*Table structure for table `gv_moneda` */

DROP TABLE IF EXISTS `gv_moneda`;

CREATE TABLE `gv_moneda` (
  `idm` int(3) NOT NULL AUTO_INCREMENT,
  `nombre` varchar(50) NOT NULL,
  `simbolo` varchar(3) NOT NULL,
  `activo` int(1) DEFAULT '1',
  `isdefault` int(1) DEFAULT '0',
  PRIMARY KEY (`idm`)
) ENGINE=InnoDB AUTO_INCREMENT=4 DEFAULT CHARSET=utf8;

/*Data for the table `gv_moneda` */

LOCK TABLES `gv_moneda` WRITE;

insert  into `gv_moneda`(`idm`,`nombre`,`simbolo`,`activo`,`isdefault`) values (1,'Nuevo soles','S/.',1,0),(2,'Dolar','$',1,1),(3,'EUROS','E',1,0);

UNLOCK TABLES;

/*Table structure for table `gv_producto` */

DROP TABLE IF EXISTS `gv_producto`;

CREATE TABLE `gv_producto` (
  `idproducto` bigint(20) NOT NULL AUTO_INCREMENT,
  `cod_barras` varchar(50) NOT NULL,
  `codigo` varchar(50) NOT NULL,
  `cod_del_fabricante` varchar(30) DEFAULT NULL,
  `nombre` varchar(125) NOT NULL,
  `costo` decimal(10,3) NOT NULL,
  `precioalmayor` decimal(10,3) NOT NULL,
  `precioalmenor` decimal(10,3) NOT NULL,
  `utilidad` int(3) NOT NULL,
  `aplica_igv` tinyint(1) DEFAULT '1',
  `stock_min` int(11) NOT NULL,
  `tipo` enum('Producto Terminado','Componente','Insumo') NOT NULL,
  `idmoneda` int(11) NOT NULL,
  `imagen` longblob,
  `idclase` int(11) DEFAULT NULL,
  `idmarca` int(11) DEFAULT NULL,
  `idmodelo` int(11) DEFAULT NULL,
  `ubicacion` varchar(10) DEFAULT NULL,
  `unidad_principal` enum('CAJA','MILLAR','UNIDAD','CARTUCHO','PAQUETE') DEFAULT NULL,
  `peso` float DEFAULT '0',
  `activo` int(1) DEFAULT '1',
  PRIMARY KEY (`idproducto`)
) ENGINE=InnoDB AUTO_INCREMENT=32 DEFAULT CHARSET=utf8;

/*Data for the table `gv_producto` */

LOCK TABLES `gv_producto` WRITE;

insert  into `gv_producto`(`idproducto`,`cod_barras`,`codigo`,`cod_del_fabricante`,`nombre`,`costo`,`precioalmayor`,`precioalmenor`,`utilidad`,`aplica_igv`,`stock_min`,`tipo`,`idmoneda`,`imagen`,`idclase`,`idmarca`,`idmodelo`,`ubicacion`,`unidad_principal`,`peso`,`activo`) values (24,'123541-54111-52141','99996655','53649','Producto dlsaks',50.000,45.000,65.000,0,1,0,'Producto Terminado',1,'\0JFIF\0\0\0\0\0\0\0C\0\0C\0+\"\"\0\0\0\0\0\0\0\0\0\0\0\0	\n\0\0\0\0}\0!1AQa\"q2#BR$3br	\n\Z%&\'()*456789:CDEFGHIJSTUVWXYZcdefghijstuvwxyz\0\0\0\0\0\0\0\0	\n\0\0\0w\0!1AQaq\"2B	#3Rbr\n$4%\Z&\'()*56789:CDEFGHIJSTUVWXYZcdefghijstuvwxyz\0\0\0?\0LA1NmJ..BEeD3,!F3\Z(4Vkfm5\ra:\"Nea+M4 N4y/4[K[oYcUBnw S=!Vj|:@X-.	g0,\ZK+R%\0J]\nVnF\'SBcNj{J*N|P^W?H`8FP+RdofMS\nj<][f5[m:kl76Xck-w{_w,9zu%\\Xa9\0O6dGZ\r4iDr#f-b{	(rHOK9;!f71OQ4.\Z9#wh4bd:9MrQtgT6h*RhQQJIxznXt\\7UcQ1O8V)EI2Z[U{R7L.F)^9;t(Lbuk&5kbM(IKh%ZhN(-u^[C$|`K7dhEkSUi\"2E-Gce,P#],m\'Ligw[CvV[{THf25^(9\n^&,ppW+teRG)*iW)z%UuY^^3=*)4?q9ME\'~\\&K+E&^t\'%m9-=3mEVNK)tNe}JVq([*,%+inMwrOv`?F%Ey0Z}	-\'ehAiu&y-qx#)6RxsQR4eJ1vVR$2xjUhPbp5P)VN	:rQN*_5fNV8E&x`i7SyscuCO{iu-zSY ZmUkcX=B>QLY\\7%gHHh/!KwV1%8$1	Y xcic&)xwF:Uio5pG^j7[$1h<+/26qL&k>=el$*PJ$]:XXRWQR*r<*.DbU**JqS\\UKFT5\Zj3Ji?{{/+Uxd\ZK*mX#P{9{	n34palldymz!$e \"p`3bK\'nzti:Wnn&%kh/mlk,Z+HC\r!u.s63,}m-lc\"{2Myy.<w>vF69L6\Z_h2Bk?}{\ra:J5Zt(4w*890JH:^8%.K]Fsi7vfYlZ.l-nf+wnm/%F7MzOw,7a7>BY^2a3I{$)&s3I6vJqju@F\"c	FaIT3Zy\\ZhdO}\\EZ[L]K6x`-7hFU}z<E|.\ZtjWt\nP\n+[\Z6G\ZpV*tE)G(\niAYOH}5*IR(%{hP[<wv.b,m.Emn/{[K9on0}VfI^1=qKvLRyjvK6Im+[M\r^IXFnq@wuo	\ZBI3kB\05\'*pFqS>HK%kc\ZOFJ&Egl4\\vYhG2^4]<L$h1\"#F<\"[{{wWr]L,8#f,:-L7xy	\r\Z/o:,L[%Ge^GU7j\r1/o$v4\nXt7I4-$a&FW6n#.G&H*RTB\nJrt\'Ms	({Fa%SJ\\{cNl,/\ZQ+Su6.)lS]+_D4(\0fK[&KxH>17Hv.wwd,k$wn\"+x@VEr!1);6is_]q}ZOwO,-L./\\*<2T/5*]iZVp}P6wzS]Z2-,Kw<=\r,CN=UTXz|TSL5vj<,e<L%uUFijr|nks1lkt\rIR[Iku{n+W 8?.u]J1=/u!D+%sK,\ZTaXW$XG16I49hM&K4q\nEmmEXR.d\rtUkJz!I73N2+&$hRaBeNUMiRa%Z#{q4+,sKL[}JZyy.#6qK*]\"-y,Kih$g+`Ma!kYoOp_f&	m$f2`%c\0[L;;,RY#?I \\..hU*W5zaneI)J5\\jN2oueR:M%KN%(8JP\'5	F)v.O%--Q-kwP,cb_R5_YjiSuiioo\\[[gHSN2-k2,V.j\Zwm<YbI&s$-W[RFH);W_O\\&3[*\'u9hm\\YnhuG(u#(J315*UUiSZuqUmee^okFNs\"*(F<nd=q-5^k\'KdSB\Z@w|hf?X/mJQNrC=0[(ZK[m	{Vn?_\\vk\rZ\"GO:E>cts-B+\\;-!w&XKkKd>eQNRcwV+Ngu8UzMR\rL\Z\nj5#	Jj:oP~Irl*5!%MM4RWA=[j}0fB=>xfX\\wrU0JK;+Ho.g6{)(h`m\\9SU<[h].u)g,jJEn3Ir\\J%a\"o*|/ae6,&rNiK:RRiY:T>+CNxMNt%%	rd>T;{FG\nw7%gk\Z@Y-gq|v|tij^Ku<KC3ylm9^_mDdZVfBTG\Zgo--bS<s{%Iqo`8]N]9 \ZF}]G:+Iwu{)$y>H7F	/_Vc\nUS	hP);{H&-a*9F1\nrUJIRT/uCo~HJ8!xcEs\"FI$r/|cPyB[>KWVi5fc\nZ82o|FHDH5L_+B4y7* \\Vn5+94&n]nn;MHRosr&&P%KuiF:u*Tri)=a>Xr.5j#Ro^eeehB$\\|S{quR	5C.dYmeY#x\"(MZ--7iq$39\"D$,.wY\0XK,chY|DJZ4El|<DY?!8Z.wNYBC:ixNJdWKNteFsj&U\n$JggU<<IF$F3j7GAn+N{M	f$I%^9$gy#RV7f%F%G\0QQ\r\ZxP D6VS!,J_Qvmsvo`muo-9#1WK;t\0mekOo5K\"[c#QkE]Kp&e8\"H:uf\Z8X3m5V-[%J4oI}Kryn\0H&S:JhBE5t{V\rPw{<qNy%OYf,$xL|4L\\i0J9^R|\Z4TR+pRvV\'a.zcWxTrpm4Nm$[[5R:koe-,WW;baG$\r\n\"?oeD6HEIK[5p^8%6k-K3E}--;AnaD.cI\ZInaFTAu+k6L>imkT+$O{1Y1Lyou2aR9)Fu1\n,CIF.q:UR%	^n|VO_:thYqVtJ~T%1wZ^a`{)R)\ntwlxcSfRgTysHyooc2Ik/<w>>q1y3\'\rv[Z6ejie5q\r$g{I4Hjkio~rMRd8H\n[@Wi!#c&b#*u\n1R88FTs8MS=p39\n9ZJ0HU.T%)9\\`Vvbc6SnC7LIFll*|4uD<DqqQmO\07	{jpCe,]<6Km~V[t3G!2<k{Ms\\sm$#I\"\ZoLNak,M,eKq\"F$Pk>uTpT(YbQTjV:XUMTZs~petWCMIiU*>W+%V]7\'\n=#Jgkie=bBk$\"5ZbjGtmMKEH#8UMk4ve{(j-FzAs,%aA-#4JM<eu\0Gi1^J~1-E9&&]#xSzM\01XL\rj0u=Juk)SRoc\nUTXz/g\Zhx_[pYV\Z^wpq,L_r[9dz\ZD>D4KH.;bg\Z}IusH[[|j`.Z8k\\E<Iqftm[vT\nfOR#kOe,,ZZW\nY^YY 76moylqde,}4>_bpO8SMB*0(JM*:~[a7Vuzu*mXV%-.(s(Yx${=H.YBGvKL7@-[;K\Zk!!d0[;^;(dXQYdMqw$\Zu5$%[{GX\0)(&o.n-ZnPQ0}$FFBmxV`Mjc0Hz1:TOe(F)Jk{_k\'jjj:QN>)s3]Zng5mYCpC6\n,0[/J\'b^K4/m&k{{6P-;u+C<]$R#9Z5nVQCqotsa-&A*Av]1en9`H5O7OkcI@#\r$Z?	t1>x)*Vy60qgJ4J|K8/vMz(SBjtBO	ISr\nR8{q^7\'DMT.y$am&!gYxioaH-D1$^}|-<\"3sV7W:{{k{{A#DJWmdQ\rJi\ZOn-;_<\"wah!4)\"#GX\\Ni0\\p4WW$4MqAc0W\\{xRQPUQZI.o:XO	W{Gx_>I9[1iICR3n\Z:=k?6n\Z}wrun@\"ws}]O}jm7Ao#i;f+)G yiL:vBa=tJtX\"mMowpu{y#$Nmu<fCvV	vO$r4ouL/)J8.MZ85N5#VHu*6yC\r%+rB*5M*ROb98O{Yix/,sXE)7?hQG$L~[X(58%,du#uJ4Jy)V{wci/eT9lm6Y+cg$mZG qs%RIk+\ZR:,:\n[Km;G)i&KG1$XrJXz*qq\Ze9q|<UJR?eQ(Zc:/jtUGR0V$a&_}qXhs,W7DvIZ(Z$kyV?.8xL4F(R;]1\0R\ryWxt-#4n(CKnMjh\rD$S\ZI\Z\\c4qX@YS\'5;E}]KE\"1vde\'f\n*dNt}~NH8zPTOTfYbst1iPXUU9O2:u\'G+Ja\ZmI8.,Hc21KGS[	+}.\rscc>{:3\\3\\E,n$J;u)#Ffm2t)<$NZkhbh=;utM2\rMg}Jix!r\0H<eGVs\n5*t*<Yb0JZ4}TZHq8/cg[B4fgQNc)59KSW[yEc[yzC\rIlw2Ly%&113:>ch 	1GsO*AYCWt5]4$[GubF+UM}mRZ nhys3QR\nDb 8px*JCNxj28U*rp:PpQ7kync^/T^tRJTvJG)5+X\r$}\r\r9ZxohvUC9r8iY$jtl\'\r9#>:\"t+4WbMsm^I<IgyBDfDHf}k!SI.#1x!,1PHM e\\Z0ZE<^fwBUFJ4%\n\n8jhFy}+N)\'\ZjN7;rTf?dy&h4:0vWImRFKk([r-~<=gx5aY	nimfak_K)~c{ojAo)h?`$,K[\'TWkL\ZZ5UO>c\ZI_.\'2e\\QI=`KP(w{o(omI4#[oIl\"HeRQITsr*r+$z\nntV\ZZqT$-$8ykM0[Gs{=K,weY&@!hA$z:,w;_K	K]CP@ wi6h66{[JSo(KFW\nM\"y3<[T\"Jl7\rhnLvoa,rf\ZT\n_/dA-mUVF1j\n9T%wQU\nSvX)Jq9U\\Pr8.[WRY4g5de;Dr-DNQeI$h%b]kYbh$bsOpb+6:KODh..]=ZKI,Z!giD(K<\nK&\r[hXZCopjr-%N\0<%<ul)\rSJ&SrNJ3jN5=+F(s%9EE:P	r3:Qmzh8}\'JiQ$k}wu:7-4n)<k54g{qH fH#@\0`qEk)/=$S_,R_TZ^_]N=[Ul\0]HKe$.\rVW\\;}Bxmu/Ymmjv--x\'mG[\ntNd\'*	Yr/%{\Z[r2J-9$:.%Hb(.\nyA<2\'q|iX.n[=6GWXY`=&G\0}<=HUCAMl/:S:+ti~ZNn3U*a\ZJg\Zt\'*\"J\Z^3iF2|9E?q1VgpKx5yY.m:VlR]\'Tqz=+@mxIg29$hQKu,k;<T2\nkRm.5^^u6H	[t$QE6\ZuoE-@^E|\0gIxw\r0\Z, ?\\MXQW1iVF)N7BqQsr93pZ4dJCNrU.IFn.Pn\\1|E#[(d]JlX#4;VFqyRpoIm~g$d<:Wot}\'1\\<#8!(pd%J&% zXjfarM$2\Zs#K;3K7s(\\7#p*xiX-Y^ybr\rbezae+#1*WI1I%dxBc~ Hum.#:O1BhVE}6ZV_A{y[_{RCm	LCmZ,+$38jFKPwBsd67\rl-R(-.g.deMR[g1Eimn\rHE|&7Z!hYx-mJuq)}f,&\" Fs*W9+sX,jHUy>iJ*xGCH5$}|4dJt<{2\n=-d[).B[96	jZ=[[K>-.Yx	.\'JZ#\'H{]R\rHjotlmKi400yo:7A\Z*[\"ogkunp`^w.&&v!,.\n0F*W[\'B	*U(S(SiZNVh\rb(*yjG\rQh9)V|\\=qj4{Ifuov7<7sT{K6,tiOJU&)5KX*\'yNOy>%ksvX!mr$*5F-myhmw NHSG-[E5Y^Zi&$#A%\nmth\n2tYFT0^q+njb$\\u_k)Zb(U5FU%:\r/F.MV[iuK/#kcXHH0-+[XU^;#\r%,=f$7xmL\'-5;$kYdeJu+K;g,]lxTse\ZG+*Lcu{	w[XRX25aKd&Y$}3*:xi1GR7/;.zJpTnCT*M[;)+TVy6u]vR[E{ iZd&Lg\']tkpZ\r=WpDoXJ	$I.L\"\rB{${M.=T H@Go\",v_`=\\=Mht)CnHQa-//a0<*T\ZIhu!iiVXfS)%j1$FXU4T99=QI4)e2MVg3	k6QfasX4XpC3}Kkxm}MeZilf\ZVM,so)mi$H;`O$*bu[A\"n.ko5n5k[P)Vx.#x;[(\'7&Bl=.\ZIchU$SQ&j(zrPMoJ+>\\#WMh8\'\';U}3N]N0Chl`Kkwhd,9YJiWV+hZ\\-JU#H$FYLv64iqw4$Y.Z58$`e1g28/uf=3fXKek{Wb\\RYB\"V`Y*Y}<cciN8e(R2qOt\"$iYp<Q)ruc?Ik)^iou(,\'JFY/pna1G,=HfaOx,=(K(|\Zwi$Z%qI7Y5<Me\0DCr<ex ?h4+C(n3Xei>[]i&	mVw[=Oid|9Tq9\"<9MWJta)B4/RrTsju9SS9eo4:479.ibS2/C}4>VY,I}H\\7!\'KKN1/Yxz#h-xc\Z	[VI_ay$EBp~/murEqorSK4Z4YB\\JX\"+.{9-/m{ab\";YO)Ln\ZiVR%.ef2(\n1*uatUb+BQW&+??2tJS:HUVf]NPEiM`(uxlL63X	\0v7da+u+6t*imLc&fvHxT,a*]	\"ynU\"|$xT2\0#S>AAamu$&m6P>\n]Uq{$KM-miJ:t3	TQ9>XIe**t0Tb%)ShF-Wej:\"x[,KQ*!$9$9LC\'wRXo4dX$ekkNGn\r\ZqIuid/j6+W#KHckH\'.#P6\",%vb\0O[^[(;4$Mh|PyVd7j\"\\%\nJjSwVpjqJU)%OaX,:,=4N\\SRNTvVpo.dW7sHJ,D^I`\0`HoY\Z}iq74	F$,&IdKL>wQnbi.+\\l!^)LD	d>E.61U%;f|\\<bI&	\n%AQ2Ml.6W^ZIF*8NjB,\ZTy4n\Z+hI\'R4<mQnN\\sM$tNx<y^Z=J]%q2St?wZh\Zu<M=Fy4:e\"ki^{{S#+YK.Ad\"Zgg`\n>!I\"u%=>X{y1BHd/*Ivo*D9#,\'R8&J)R<T%*.#^){NFg&:<~&4\'q69h]]6^tnO[\\H6J6_<$\"#K:gbh\"[{&Jg226u{K_/{wb\rRR$?,Di0TX1_^[]sA/u>uKy3.h _-^[aW2t\ZUBhF:JrqPJIvey$yTxB\\oT7:4ZU%.77\rFj6H@kwxmd&%e-BF-X\0mY\rL]WU,\';xn\"_u%Vv0p3\'u,wXe{.KWMBi$Zgf*f}5Q%o\rsj\\Y^G<p0$O6|3&*rN\r1uKF>Z\Z\"*F!)Qs{NxS(8\nIN4(U(mRsjlk=Ml/uiac\"ZIj]ItV0Ko]I%{yFt,<d`eRl2(n7F/c5n7_0*KinR_K[oM^ei-/\Z:i\'V,ZG7$[zHw:|]<71ih<$h\naGR^aqZmmuqyososq,byM5Kvusn>MO@4!s T{|O4IOB*-V\nT^PF:\\_M\0~ve9L,UVWIm{MWiygB@Qm{IVgv\'tEsVqj:]iQbIFn-PF-mp=[[ZPIM$$RyoQl\\q<Ak~.l&dm )e$\r#v%*Vc}>:F89F0Y_~t&zhYXS[\ZZr|ukO<Q:V+E$[KTO	\ZydoY%4XyX$\nj_^]Cqme!4\0JkI$=AY^ix-4\"Dm$F}HS!\'tu#5Qj\\i6d1b6gP@/o$BP<6/X\ZuE*%AJpu\'yRiMr;jN9F4(D-2<A:u%|\"{]>EJ]-R(,\ZI4}MjvZ|d:^tC$<\Z\\<[\"d#wF-u=\'VP;moj\ZP&],c6l,FMKYV&(d2#@X@1:\\+VS8{RR5%ZT+TpN6%RIzyeSJ:t\n\\bGtci9YIIMkZ_E{y,I]SG,t$0!3<Gc\rbuZn\0f(WX&h<ON6z\\_KX-]1,F$BcN~:5i.uq\"WvfUiY\ZEJ\r+F%|.gG	V**:2Njh<D/)FZbiTVF+aTwbe+]6I\'wopfGoa\ry:II%\nGh{]\'R=o#$o%HnJnvB 5EUgb[v^0ycwt$u7{%r\0)opRq.km29\n>YgK<j%WfI3Q\0>g\rIb!W*N\'*5y$\nn2\"<>S_\'9?Tm6Q\nr})[K][ymKiou^%~NBxmIyxv_q3%Z\"(9$ueM{Q[1H.2,230,e(!_C-m/ua-%jduc$>\\;Exd	DW|gx$p5a#7_\rUS^\"kTu\\c5Z7hYg\\*zz*~U\nNwg7xYv|\0	myx-m#\"1aC0Kc-fzMu+6)KUmkItFdx\'d{(#)!M{iMbO*D#o{4n\"\'n\nysXej7k{9{%kI;e,9x]l>.xIu\ncRUc*ptT\nV8B\'F84Nj<%R%)e)9^-%\'y=?khM4=2tQrd;f?<Nu\0E[wA3+Iyn.lmK<^JG]\'xdgirDVBh;E;}se;w5ojK+V\"H&e5\"+\\|frjs,l6F\'VZSx;*S:N4|X14}X{JJ#28Q|:\0MkYVwp6EL$O)!/s{n-9?!XeXfl\\Kiyo-laUz%V+v\'K{|[C,R^#_9=4IooA,QB	U,E^&!w[+/#><4\Za()R+)T5%)NJ_^ZTkub^#(*vVi9k5ff5&wwx-cK(--$\nLG$/RN&D72CoqDfxF^GRBs5x-YM\r1NKh<1S)^LE;3&7+i!g\\k{[U Q-B?Fd#@h @Q6\nSCh\ni8JJ\"N2%ln!OUgAN5NrNSs8Qq,I9X\\^4/3\\khJ&igF,q|8n!m-\npr6i@qim)>Zw$y^D9$Wz#2E<~<V&{@-]tfDQ+:69o[*i1QRXzHuRQ79EEJ	rNqQ*Ri%iUN(Fj\\uGA5+nO&;~[xd$U\rjzS#ifc>l]|\nfn/)[\\z]443$d-2.4	CX/[X72^^5,Pyp!R$Bc6\rt0\n*ZJ\n*qTiF7w]XT%\n5/	B\\tS8rI]Yi	4PZ44S\Z9(	/19dI=0ZSd\ZiG3mo,k\ZJ#J]\0+\0GXxYS	cqa-P{,YOsp!C$TWS>&HC\rRm	&9#	p\"h+O:VF,/gk0F4TajUN6xEs>^7t18\nXjB5IQZu!rB./~%YaSCd{f(ma$kED8l[\\JIxbdI#]xWr9P+_(kv3I*Z8?>h\ZfJ<\"$K&~(BH;|!X!OG\"VWT#QZ.pjJ*QKYJN<-|\rN*Mb\\8FQnOKFN+Gs_\Z[I^%$k2u4<I-;Z7.C$wcA6h\"V\'-_&276\\WBoSC2r@q+1^[RC:{Q\Z\\-+f\"K&&VNJu-5V5j1rY{KU^i3\nrT8|Tsi\rsYy?hlu++H#czK4k)g&4c:Johz}N-Pn.FKCdZ(&y~W|h2[WYMyAxg\"fh2qrvZkk{}yeqoPUv\n\0(ors2E<;UsdEE.J|R}76Spj}HS(bk/k\ZJ5eNZ-/h%$Y\Z1$GL7q[$3\\l\Za5i\rh[\0~T~e?Vg\\DGk2I<1KF-b-EtUV\'xnq$(<-vx#eyE_.\r8n:U0!Z4O	*?U|9<E9{H%Ai]{Ez<X<=|]wFUiU{8z+=o|\Z+0GLI\r/)m*5AFHZfc4Qr\"!UrXEDp3{=zBjm\r\0;zObo-I$~E<K\\-i\Z AR@ MKGk;5s6i{{a*YCc&z$?km[[I;E4jFA!Q	 @3J$S%-BbPE#C\n8VFP\nB<KP\\bZjOafT*9I\\\n>U)89\'KQer0swY<NPVV:.ETe\\PwA,Wiai#k8#fHG	&agM4	WF$`i]]I/V1KYs8A~KQ]9\\\\d-5$\\\\1YC)6/jFqZP|i\Z5-:/M%4w3BYDz\rl514KX.>m70\\V4uZx+/]] TI\n\0%bx%Y1!m2JNp<iYbct-fdc<DYpB,qMUXVON%BKaWV\Zsr%A\'*x\Z\nPG5*i:H*>X%IJm7dYkG>\Zn\"Ew<8%c`%c\ZBmBGRu+{`Y/\r	i&tI!H$A\\Ii{[6[vKyin$i\r`\')Q]ykR_\Z-=v6}mLWo*s\nq&>~+\rNroVQZp1pSVjn(rh+Vj*17NnXyXPQ(-JVnO-E2$y	nCimqK$G\nG\Z*2?76P[{jI-K	&s,NQ\",%W5+MM[+G++`Ts\rr&$y&W3}ug(\"hH]$	yDD*Fn0\0\nYbg^a)GK	FnRW*^MIE]Y\'	>>\r8UXR>iU|QSQoS>	xv*4E@oU3[\\H8UY.%e,kHN7;[]>g_ncE\ZIcHX<%	GODjPGo$`ltb-2-dKh\\cqr}G+ogi2q -4)\ZE	,,/5Ju:rJK:>zE-m{).+t:SNI;Q7eR>k5_=]DA\'61%3gZM#-LcAqn^&hQ-dwXa8\0RuhnFo73Y GnuS\'fv	htA6bv[\r\\>[U#7e]([*tZ9RtKauaUU#:U[VyJJSQ}>[DdUHu+,\Z;Wm)aB\ZHsI4GP734ZFf]q&[kT`c+]F{T*17\nMa	F-(-F}nhRMoI{7pF\";C%HifQ:yn!4rFnV+{9FH9b6swYbR08bg\ZJ*JMI[^7M-s|;Z-c`#GiV-|E>\Zw5X?z	|$@	aX%j:4\'\'=P{ure,hUlz[k:ng~E+_,RC,%{%2! x$W*\Z_F?sS7\nju*:pt:U%9{5	8W\r*);)9Nqkxev\\]?F[eer.#1o0B*+I1\ZB^D]#l55Mj[(-gZ8KgZIq(Ybm<m]k\ZOo&5!#dxk $<Rr>mj}vp$pC<\"h%cVi%U1)L.-~yjukrr|7(v6\\4(}c>GNiTV9BPJVK+y4ZzBP5[K\"m\r07%r[m4(k\r%95I\r\ZPv&1*C5F{czc\rJ,=nE\Z-Y<_sVQ6[bg7Y$(WhB+|1XQQ\"4\'NSJSNM(tfQl\Zu6\"2mJqrmUs%~nJ7JJj6j[sbukx-(-%dsE)#,Qn6jFb5YWM6XT<M\0fo_K~VvCZT\n\Z\n.4\\ZZ_,s\ryj<eQ,f	pi<x<6;L}J:8._cN>Zk[yUN,8a*4cz)MGF|wZ&<AjoSihH.o<$o\\I\0VBC_tM6xdUU2%fi1G=6[`hbq(QVaG`Zl^*#2@nDMM+eGa(io<%WU11+F)d%\nT%hjiy*u[xxIaNQU9(d.${cnP|yiFjd8RKC\Zfts[xHt%2Kby6e\0MYEZii6\'yn#w|<Q\0lekQ:eA%2N\rO)`D(G-JPO\r\nPLE9MU574g\ZjKj^Q%u8U/K\'DVpIi;cib.\"2I#luiY\r/Fy4{lMwf2yVCo)0x%ne*{{X.%M))g\r52%iHX\\([>pHDz8qeVUtTe[U{j4?SeWeF5ejTqv/.i^%mRmLideY,Bm$#M	$)N\\j:t7CH6\'HWU7ZF#B6@sB?k:tcc<jZE<%\ru\ZmDP%TObnG V3o$6E\"c$ML)WNXe\'z:1PZJ4\Z4c$VJ\\Pn<Ix)ISsFT^&J0nWmcn\rMWUC,F4xI-(YAU\"zvFLw]K$v\nBA;qD-*lmIk-fwOE2&\"y%E_\"5HUZ1Y:C=o<11n1;JYmncj\\q	S+zU,V1ZQN\rWe0nb#^\Zt*9(5{r^EbA.-+\ZYF	W2D]mmpivkymjHbxwI<+x)^?jm6O{[{Q[Kv`m!2LQfs}2U-V+F^F_%cq*20|&\\4HER8MTsJ^;RTO.\ZgNcNcF%%e(YM\ZN<xj/H]<NxsErO~n8!.H#\'$\rB%Wo{\0&^_t>--tmH>U6IvhTA#Dckle\\I#yLI4[}.% }hyB:eC#Rlt@^j,KK=:C$wA,	q!SGKgo#\Z	l]^ieY\',;p$i1@^bwN\ZPaNTKsJ^~XBJ1qrC0jq^5a3I:qVbCyys-&SmdkkXG8mn\rsn.2ZZ5(bX(hdk0Y|pX\ZE+w\rjfGHbxI. rp0p^xk-rbKUAi&kXIJsVQRu,*U|edMB	uk,2c))Rhu=aJwwrIOt>m\'Y+kkzMe%,\"cN\Z57V|~n4.d2bHWfmq2D\Z5YSJX#}A2KKb#I\"1Evp[G]&vfkCVIX,`rrPD#Xhb}zt%\Z0K^\nxs*4V.REF;khJj;*s:pu*cNQ<c~Uwv7\"y\"66w`C\'7t@ahxe#k4}3P_iD#8X#[FA*B!, NL^Y!n/6+C;IwNixD(f5h%TtdMoq%*Ki$-i6o>Y1T8!V*8z,<k_R49GKZJ.;	UL&+4P^Z}pGRiZ)qu5Ho.t73,jeXC5adi+HKyZX$YcuUE|DAv4:]mQr5^F41`C3IL0KR}b;6+-\"iL%f1kop/\n\rR6QBuF4*=)8|TRVL*TsNVb\'ZqT]EQs)n3JQmksI%H)9%Rm-RCBA}jJ.21^xmh!%1\nX25K<r_jkRC.mEHa\ny@qsxr}\Z=R=<S[<Q[i$7TDsy#J<H)\nYa7(GB2U#$~URJ2o\\d:)41Sjq|m[0[-f{3X+2ZZ4xlnQ%]vpL.e0NJf(,*2M+L?A]iy0G5q([WXk1#3RcjCmk<^H/\Z).1DncJx<&\\Q*8H*N6R\\+Wi*4o;i]|:+9Wr|	:ORvR\\Z^<owJE,\ZmHq+fO3{GtX[[,Mw=yeX`X\\4j\0\'=?X^K=DagOOmR(ASuMi{KFA)%\"%Y{IeH8 \rT<:Qap\\DJ^J~V+Jn0\\$^o\ZESju)N)85*P~-eT$I+l{1Mk#Vk{t1v%\0*^%]YnL7\ri\\o\\B\Z,R\ZK3:\0kg6d5[Yc6oEMp1:MK#L%#E/b\rFKfKiQSI\"f*O,1)@K?GV)t 8F9FRPIJPtrQUS:xY+SRSe\njQS:sVtRg1cw- bP!cxV\ZKM[]\n]<F6o\n:D8[u},R\\%3X hc<]dI45K(5soP\r&Y\"EHZ(A,qA$\0hG2j3\n,$x	WPNISTcaBeFqpi9/2Qv5Rnt4>dSK~ctl-kxL^&4yNTAu=$sHJEyA2;\\G;jZ\\d5wmo%tS$.1wFd>Jn_(h6o*Y\Z%%UE\'VmRF\ZEVhyYNP!)I*VZscF]`B\Z%\"\\4&4ojvB$/\"25\"C+X:.,z,q\\cNdX\r26$_dU3E5MFAE\'\0TX$\r:r<0@a`o.M+-Hu8\nj7jk5r^Gh%&Ca|[6KW0++`cb15OBMOXn4E9JTRRa~,%`eSmkYQ9%r:OWZ$G 1+R	\\j\'SkVermxmmRIB!%\\^\"eZs>ep*)kO,12tq&ldf\"C0UR*91S#K7\ZkT9tjnhoF\"Im:[*8*\nqe}vvi~Gnf,(7U1E+D\"Uc1\ZL>(mT[{{Uo}o*Z}r#fI$HUALdk{yZX(JH)m;$wk:_-ntNqm.`G\"5HU,[I\ng8ggK\rZ\rU(VJr\'\ZrS\ngTqJX&\nT\nPqj\\[xov|-z}BmO\"[aL3K%G\"9xTY$Or/Z+o[y,\\tX+DIW}365(G$E,,N+%0y$[[o*U\ZSx2:bKPuW,*Mv<flG\nyH*\"*\\Di^U$JQj4I7ffkT_G;s:\\\nj\\*	J>mZ,9Wd\"]iPF8K^9VivJ9(.X#\'NOwGM\"<RnQ\"\n(Y9\05[XHW\rap2+=n.7@yr[r2l0_:4eN\n0NpHFSjn?J0\ZNH09eVn+-OjZa\rk {y`o0#i !^voJ-RN|19_Zz|VHUZ;*Y}\'US,\n=\nO&K?J,`X)wja\rKow[|$4.v>8eX:*XT0TjK\rZV?BTM\\3Tn52=	8>*x%bhXN^NV~qp9E=d,]S/#u+=t6Vhl-tm>YZ%c6obLk]^ZHk\"Fa8>&L>ma|#kB\'ayw5A,*C8wGE*+	^KoIxbd\ZbdnnXsUSK	Z<:)b\',%/o9J0I)7R9AE4},%l\\iRJk0N%KY4I|MI&Q,m7$\0B%2rvJW)[GRi8<E|7\0V}G\0s7z]?.m~EvMOzfioI6$roonKJ.- 	$ f\\H1<?U,OS9!35O!y1$&f)&4lo`5S=VA:+$sK]Y:/kM}okXyb)]Dbe1]Nw2KZq~[Jia+baVUhq=T+e{F40*VE*RJ:rQII~2Imi|t95X61-ctpK%yBynfNoYhF;\"6-sBR:Zxbt\'I1Eyirb^3^HgB}Jm\Z]MAYLVOm77/4,1=o))bkaJ:TqrVh)RJ2)}Jkdf3w<;pS8SyTn:E{Wi-_zwZ-k/-67!q+	9@3U\Zz[o\"l^^MFKSXmK(%	q#r]2=Q.-	Ze6<eg)KU0C]_ZjMu+X/M{aGrxli9He3`5;KZH)(MUTF6^;1x*h\0[\'\nT*:[i%~h\r6{Gp[y%D%~uo6 ieoO\n]xKo4Ng/y?2{]$\0Yk\Z 97s?y:*JCUR.5MNC\n&&d$Vkqu(.-]UV]d tfYQa1E,Ez^ZQV\\,*{oe5UFt)VK^eRGS8axRiAY{vi)(X&ES[y-(;K$	526m:y^i0ZtmevhVLBPmxd~\"]-b30Oi4CbK#3ezST/1,?fK!wP[i`GXZ,)\n.+Vy,:2Bg\nt!R0rJr\\i>c1kb*R\ZtVKNuQSpK$\0.|7PWWl{uP!# y^(1Novwjr%$V,I$\ryI#eNmm]J$q}4lFev&<Yw{Zgi8\0m:VnI[J^}-\\E\\^54%FLU)Tb:EJ.I+xhCx1JiS!U$\"rPi(Q\ZLzvdm{\rbG5G?;3%xm-j\ZZ\"C-c	\"n.\Z[qsGxn[]YKl]N/%kkKXrK\"]E-kii\Z7Bbwy9Qd($^<-<l\\WJ4N:\r)_tW\'$=vI\'EFqrrm+U6yX/mg}]$=`HZOB<.$17gTPRZta1){ao4I$9x[>KcK:rhE.,C-Js	+2L|@*>sM`Su_<!mFC<~E,39Y>hf49G:rZ|Kg,MIBNmB%NN	NQ}y5\nkJ*i\0ATj$9)F*97Z\'+#]\Z=&fOw{47\\CIu-\ZI4{\r[Y41^\Z-^Hnb7W%33$R#5z\Z$k8di.%rY*%Ziqqks/>[oOwJvS-d83LK\0Hq>/\Zy.\ZTZOoBuI*tV\nt\ZvWbiN$a<E%\n\\zxU:\\i=#Am}+mOT1Kw{.=G-(\"3chbdI:)tk2eWHFyPB87\Z($x>MbIYi-ZK-I2X(K2*\ZiEgV)UtI[\'Mo%ri;d7pFckw<e+a`,m%8NJYQJ2O$`#lVG]Ha+4ESTdrPPb[N*qrP.in+E-(]I$m,.1/@	Sz,-4Kuykm%%eJ2P<w(wfUI&F}cXdyM\r#]]H;)&V\nm67_hu=2{[{p77E<Vn-^F[hy\0T%\ry[C<b+t>1\0f,^\"\ZR(iRbI*M8>hI}vh[+6^4A<<Q8rJE sR[YX4]<fd{O!sJ&[hL!BHi+_\rcwp[<Wi#o\Z\"p#af2QoE-ZIwM|_*hn;vnb6<Dj|jFJS)JPquKsUJU9oz.jY1PXxU-Y2RqJbiQk\r.+qIncycI?u4zHe%XZhfmkqwr-V{xQI|Me\"xph\Zz5}Y[=C4\\\\yl7:\Z-Y6l--[rIo#Jd3D:i`+:xs\Z\nf7tTR9Es/NpW#*q:9^\"`jvZ;_:~ jlPe!M~<pxwY=5V+hxG4eQyfH]1k%o:MI-YJLom\" N%#+1]iJ-DIGQ]<I\"\r^\Z9$102#Q\ZKJ\"TEn\ZHMuG> )BN*Uq_	8&Q\\}l@}N{S,\0d[Yro,p&Gy?HaG)Q%OI34C\"Gr`<9^hH`\rum4H~D9BEH\"|5|;ju}~r!3o-$.d8uH9E|N\ZX99VjABJ\\=:uIYr\nmZE:xjRJ17\'g8\'IBWrvgj=^|;q7.^x[1]}DcR#t:%lsrXj%Jd~Tk#oO4B\':d3#e(#yF?e_{&/LK\"65\n<erd?!	60)b+9F=*sPF5*\\)NM>g9r8<>1ua)Qjv5jN\0^LKk\"[bXo%in`H44DH]-H\0U|vYIu3gaHbkE!]#xfYv;0RXamV[.=<%Cnd=i^$.Q,aDT1eN-S^Jn.EImq*a6H\0\rV:58(US]J1J*to>IRJmr8)*0IJO9:j7iI$sW]#jXs,v pc)3SwJIy2$uY{bvI~$YW&=GMnul-Ey0Fl.!2\r5\rRm*u3gzZLf+,4]]HZY,Ee\\IcZOCb}h.ibWXTIy:U$,i.)4PORXs%7:vJ\n)TnOg[[$:Hby\"8vEgNr2qEmU_/-u\"6lU09U\\m\n]X_GhNglbsCUuo^#Ok^u\\6{MN74-\rY-/]6@cg.H;^}vmH,r#$_}\0?k=Q_\\xoB!gok3U;k6EI.tqw<h~Z78qnWx>HK_EhzjQL%/CRL1R)00x\ZjPnj<DiT)QUrf,XH\Z\0YR5O>jU\Zb8F1gZC,\"EKaY.R47\nQ%\rw+]N}Ji1]hYIkmwe#ZZ7alnM5P$2;Zd}K\\Gx\ZhxF@5K5{{IleO>^m[@-4\rkM*j\nsg$mIlF_\"{,O-)E|:({6t\'o{\'jK\rV8.KJ*mZg)e\'nhY=~wP5CozuGGow4Qo\'e/Sj\Z-vp[_Y\\4=Dm!MRMy8{Enw/M>~x\06PksK`^ugzvpm]L}H/xOS|7}{M@v\ZR94[.`Mvi:WfK{y`F\Z34RPp<T%Vp>i)BUQJ\re0X)>MQpq9S=muOO4mcCiZ&!k1TmdUSZbk`,n-+<K\n8~^!oijzfj66v3\Zuj{yKxKNJo/ZVvSj7zsn\"d:\\)X\\muw$$FUigi\\Bsb9h_\"-Nyj];~I\'XhUaJ\nsI%Ilj|,.Jy-,\nL<sAu\"h.eDE]_,LrwxQ0}=vy,m|!x/q[:@@Ky\\N:Nf^wM}C5X>T.>yr\nJUXV,rI$/x]Gs`$0^OHMy*l?Gip%>.?q_m\Zt(Nm<M;8xW[aN^Q)^i(Fcc0xb*cC.ND{U	TMJK~rrGWsZrJhm,yYI|\rfx /W{\0-NR$&=apnWOim/\0-?Ub?kqsk{w77ZXKD-[+W[H\'t	5_K?g,\rF[. D5:&=`lPG0E|:Pd<F`0qL,RZta\n\ne:EYF![Q~L<6a\n8AW:4B1o	/-*k;Z[5Our-s\rd7f0m#B\"7;gJw&&I#?%%3d,RK4S?	/|^l|sO=53Nmk{m,jV<M\\[+g\0`!zG\"xV\0W4\\O4J6k@+}itE\\U)1qz/%VqREJ2cgRR\\Rj)fSgWx<UybcIEUJ$gJ*HF)6k]]V\ZKu\r&<]&hHe\0xWt4>5gvbW-lEqk#![he`2Y\0O?Yf\0BAw^+=Bp:~oqj^\"$\r>bl-nmMCc@^=2BA<W]NW[<r-\'LUk9|.N(xURO\'E<$*qRTs5${\nc)e?R[^rN(HI_#&~ {MZHKaFUI&\'[ku[+	iD*$w1KtAn~&D@:Oa4\\=#X*|W=\0=__,ETKtzHkR>(-;Mlm?L%\0/=ZN_a_Y,[Q\':fj6ZrZ?\rh{jvP74t+2\'G8BVTe\Z*Kr(IHXY,\'*{[TS8)\\qOjt6(l,\rP@fm7Uj\'?hI+@+[lKm7S_[m\nO\"yo9Yecq?\0=5\rFPAq.[Bg}PD\Zs[x,% XEgc~:_~\ZLtzTv:u/?\rt2;k.fM^\rB\rHh\0m\n@xb2){SmNF4S%\ntrJ1Vm	*\nTUJsVrIss7yj>HmQA}eZI-GY-.lAo\r1,,SE@&D2\0~\\7|uM#UIuK$-pO5[[,ck3{Cp4kQZ#[8!.Ih-LRI$~H2,%wVXeYab\\%e+K5u\nR8$rq~fYNcU&J|VcIU#t!{?&oynvHJufrXye*I\Z{k?t#o!m<bh%Enl,\rieQ&K;-^[i5bH\"Z1l94P22iKmW0JL}V[t!)!\"~o&G\"Jqug^)T,(J?IRcpt<0S5:u#)Tn7\'N2/4;+:kQfLy[42 F^ouIcy>d-WeK{bFj12DKh:`Z]~17S&ss<jI\n[<g,Zo6S[;K;=Xd8}Dw9X[xD\\Q9*ss?JHEOT\'\rc2I^.93JSe\nrqR6){Y8rM;NOGgo-glsy4V7($9/A!EAIxAYf\\H^G=q	xs#+9${kY}hNigHJ][/W!$4-BlnJ&8D]k\"MKfYV_(TTNNjT`NwiSO1Yste0Wf$9B1VWI-.o<Ke8{c%o:$Z|\0fXw-t;;m;E0As\Z]IlK},2M3;U]*7y^s/xKtk<JQ+3msjI_W.:44\rH_wy.-h2H!OYb\"h<}W^3hBurfh5g-/-PRJ\ZQF3Tg\'][dZ;.7fh.Ilxm,dWr+GsVn,\\M`#X.HIf0fL\"OV][p8a-m&h,Qm-NY6[iqZi_4	#[}[ .X7CTx<Va\npSpSt)FV*qTe(oV8x<,)Z*s8kJ\Z0W*0$\Z\"E\r<Zqg]<UQHUl*pP^S6o1YOa<yboOjy\"AX^Wo,5WQxn]cRA.PAm+K}&%wey(xofA%2C+V;h#H..|it?=jM\Z;\nTT,g=*lRmW2FFJ7S*Wq[Kh-tcCx.Ibsq[X5&XrE*\rM\Zu4Qnd@Fk<mLHG3j<kkVZ,U,_&[Yt# _\Zd:env\r$r\ru$3/VsIU0T|CJ<UJ	P)BW,m5d/0\'	My6UI\ZQ^	k$i`citeT%X$	hZ\r7WPcnEq4r#,,KIbNMR0q^-4X,M&}l\0&\Zck;z\'SV^\0(4Q\ZB=#ZA.I\rZi|_CxkX|sIxSEog.jZ@]^W^bte[iDcJms&x[[	?9?\r%;//Nh\".XIl\'u[/xyCm5O!!jZ5um\0S;>m$#\08K[ fWX.&Ju\"(R\ZJ9e|K}RXx}F!NQ%^^xWS}~s^k\Z{hg][<M>\0.[_Ew\0-[t-xoKv6iXh/]\'K4WhB?#4mYxI	wC.ouJ\"|?\Zo=._i\ZGUSx~wxPm+RO4UW[OkvI|M6qjOlq]yRg8\\6cN*R\'{V9UvQa<\"3JVJQRM[Td2S#a{_\nj 7m5sOM{\ZkMK\rNyq~Rz_6<gPx:~Riom5O\',4_M`UXJ5M{R~wgY_xZ?X|= hIuki763\\6{k}-\"u=f_\n<OZ	i)h<+pRD :2o U\Z59V=GOp)7zG/NI\'O$5>I),=YfWR8zS5KJqJQsV|C/>.?\r%Y\r\ny=G]KjE4{[Ky.z6l|wx>\0W4O%:m\\i&}R^mg\\\Z[|Au}\\jmK\Zn:,iz5Cuwq3tw?vvG.}^j>x-P--uW-mgBbiIB3C1Q)V&|*7\"\Zqu*ECrwc(.J_u~&^thSXiuXx1-7Nh4^E35_<;\r|IytYwJ\0rj4i:q5Iig}yaw>?YZ@vSwWoqw^e:k5zMs;X~|bO|; \Z:a{okM\n_IGonPFjX|e<Ej9.*YWZgda^QNt%G	S;t{/*X<q4S(9$NM7Vt<GZO0W{=[&KC3Awsk%-5O$S5MOBSj#cCf-Z,6:nu{NG7ZUw6zDV|7qm%|5aIt[SC;)&Pm*;u8h\'Ot{O;M{\Z_X?\Z&]xgG_SOj}oV{Eq=PxT!\ZQ#NJ$3?kR4\nr*xJQ\Zr\"|d%0r(.X+P\\>,EWH;8-l-}ms6i-OlTx#A*]~~_t_\Z7|O^.(]P+w6w,rjZR-\"k5K;E_\0\n^\r\0[Uyzx\r2Ox]N.lu|;h(:UXk1,z!}(a%5F\Zkev% l[{ycK;^8jfeJYxZjj\Z\'%:`#\\^\"+N.<82Ime=kW\ZlM6i /s9_&+\r_Oab]fVK\'\0d:-\0FH/DN,\0W\0V.mI}go$~5&8/u}N/O\\gqy_I463[#kq?ues#]}CZ%/eto,N:kWx{V6Z?bolY3mmjNQ\Zja%F_WU)E.IsNu9nW}1{xJ9A4)*zr8u++\'G/gkG|/OZ6!5]nUD:ZZYXX>[uSIC\\zvgmA`^e&Mug>x^QTX.7{}?-5RZm~?iu;[KnM/R6u%Ui?t/\rKKq$r\ZuIw=V/DZ]vxTkm!*U)*4F}y~b*r`,JviBT)JrkJudJq>e=RC%m_]nuMGF)uhc]_jK05{\rS^6bcGNxD\'5iR\'O7m?=b=rm7wiZtZxC!Cqn|Hti/^]mol4g[f\\YO[q[wZ7SKfmZk)t{o<A[ Zjz]KssCe/j9SYVn\'(Fk|Qr&iiZ,LrUaNPZVwmsC\0o|o<Wj}x|\0k[!,OAa%]Y}|Eu|8{mKhLoym1jO|-_J1@\'$vOLxQnM?L4K[P82gXhIKIe6:vhOC64]j=/^ahv6(-,-m,~cKZ\r>\r.F-eYOxFml#~teN&\Z)M{%(QgB8ye%g4O]MI-nOomKM[	u\nH5Fem54UK,bv]2]=Z	_xOUEv:}GH;a8AR\rnR5{Q\r$g_Z6?Yj\ZFu;o-5/y[I5\ZPnn%	d\0\Zf.^MUtjLG^XX/O-y=VQZOIVnUi?gi/\'R*-,\r\ZN55U%)n1M+E-_O?%7<+H\Z[};K}7F\rFY{55i\'/O{&Y,|]b=1]IaYf\\]<Mo*?OvO}xE~IkXjd~fH\0-boS[;31xTHPm#5,}F--;V)\'_[-Z=F10[^HT:R)O:bVg&;!Uu0\rO;YaJRW?\0\02>.|PO6>J-zn.impV}?~NMgMK<+yizDnKuoi7>![K5u[[/-\0^>Vh\Z=\'}KCoM*mBxVF$,tbkrWM\n\\A\rnwFt5;MSL`EqngF[HVmykkvmWa<U:8tpMN4U\nQ[JS\0apY~]C\ntJesNM9\'+;GD9+<w\rSC^Ak#S-VPMi~m:Jm8xWYGh^\rGBSY\0*[\0\rJL_H.m$g.[XY[iWhaeoXZ.RlVxI_ZhzR]&{,GizMF?>&\0,5o_|>Or^Xq[|<\ZB\"NVxjh|/uv}L:TXx^TrN4Jr]fx:<L}\"<rs j>]ZAk:-m7:.j\rO[4#F;kVu}23Knyd | kz/t\'NY4MJ]H}zmJP{jRhZ{H5KbO\0#x+Z]gih^!M-xO\nwR5x~zwo~|%[iXO>>J,nO\'F-t~k9<>\n&\nr<VTU	F,s5|vxcNU\'S*n\n\\\\=|, O@M\rm\ZyOt/KH\"mm 5-3G4\Z;A5_f^y_i:E~04%NdXxOym]4?COa>]i>-Qmt\0x,\0Xxz\0S5O|f.k>)\0RM4 5?GX>s\0j:?5%}#UQLui>iPcxK[V6\0\r*-Ou*Nu<BU1YNUUF($rJF1*qqT9aFi.SmJ+CWj7)xsZ|?xKm\'C{<aq~(5QvfMuEe#Gr\0dHSPk`^\\B*,g=\'O9-&_v|3Y/4?@2]hUkv\ZMggFW|i~H|}%|9.\0Van5\\RZ/ek}:Wpu\rv)% xkTEYXb3J|6\"5:JQ\ZEU)UUi3:	ROjJ1*MJNzTxSIj./\ZHo	xcfVP{9&yb\\$>Z^xBKk&	gqQAmVDLa+E~K5{:(\0Z0ijzio3x\0Ocs\0	k:\'OX{K\r6OXO;ojxx\095ix>@\"]3L\ri{soa/bml!O3J_\\SxM<\'ZMlmjj\ZmtR<3\rDt;<oeIj$K\Zg\rspCkQ+K}vD|jYVc8L<T\np)xhG,=%_N9F8aE+LcqXLN]NJJgE|<J/i6/_\'Q:|Au{ xsYO\r4GZkL\ZD[a64x|Kswx<OtmwR:u<a}b/tkNI0izxA}C?j^\rk>CO<Xo|_}`4}.R\r}!c<=+g4Oe_A}>s\r-GB|-xJvJRGy ^MR|1v=Lf#9B7YIMT58u~R9NrS<[aySRQTU:UyT}t_x+ZxZ%|Gj^?EWuK[}~pxm) ,iU2VzA[hzP{E[C{5mj$j?mcMmf%<TPStyu;?IZmnNv5/]KD<si{.dQ4#uY_hbKX [(}{FaV2_P)XSp!N0J*tMO\rZ:91Prg$RZVku}B95[kI4SZiw<w,wV\\FX[&b\'Oe&IFy4lfR+mt[D-M\Z+&\0\ZP(RxD\Zt6r\0iA,J2_n<\0<q9\0\nS[-#Rj49oE[kK:FoKK1F.2HSV\n*t(MT~S\Z1x]NH.hEUzN`/C0x\0\\}g^&R</[Il]\"MV}[H|Imkw3Z3}/zFG\ZTz?l5hvjk6\Zt-nwZo5QW,B3{iFJ\ZZ<PiV=^]jvp]G&?5}?W]4mu(<_csY\\ UtrLOMV/\Zx\rRK}c*NIRQ5	T=T\"X\\T?UT:%U J/M)$7@>-C|/|ux^!5/R79mmkZ-Bv-fBMN7x.-?ER<L5\0\r|IkxcINiW~OWcqoHx|_q-\"&#KD:$)m{,0h:!2eWm? ~MM{;i<<N6G_\nxVIOqj?\ZU1Gt8U1ijNKSgR5)NQafJI_4^g_^&Wt\05S0\\Nu_uGX|p?/K_&^F!4\'Sox><>l4\'@7,\ZK}Z\rjChSKMJu)%2i~+|HwjZ>#j%5-rALUixRKK6N>8IBo/(wx\\4=T5:%-7IJ]M{=gkiz{Y_#\r*\\j_W\nm*8Q+bZNc&_++sH}_xPdZ.{oo|TK4\"V{\"JcCpt-l.N5=Nbxkk_lol#&0osMh6MS\\^9MKR\\m.},t%	5mMiVscix|U6u5\ZeG}+kebUKNEUu.d+HUx)N4M{{OJ1\'^9S	8wvm6S:f2Y.dUkB]}{1QVEu,[R\';4_1Z{ao+cPf{\rNPN{(K{[f]<V}og%.-\ruKuR4B\0cGze/5pj`*b\"NtU>v)s[4f;xjK-C|KPh1xmBh4=4[_/mf\\hz~4\\\'vgoo>|i\Z|6xV)s-cOkq`ue,RH/\0itvi-HI[I);^\\I_\\jVvhCQeux]Kox;{y\n\nMOM6]*_lnJR[V{6u{~7/uZ`8TFI/5\'f:8:1J2rpM=OK}[[!qkgt=M<SWmY]]qw\ZVuJ.~,Ksu.i[].\rI&=;24=>].\r1&>q}\0Ox?u6uk>Z2QmVn~\'V},%i$Zv}vmltO![qqk^WW Z]*Up~qDiTZvW\\g39\'\ZNxt}\"EqwM.4B]3F{\0sR[^k)mi;6KVsfr[>,oWgJ6$YOO\nZIimk=4^kkEo<}4-@5\r6RekMm.o,tfwWc]B/ik%6zK[[i.>/\ZxJGe|=.o-vvqj.\nj7RInZ[!#5iRV<<jR*BeN1$Rw[WoyYY\'zxx-oIcVM\'R\rBxNFRAmiVll\0A7.g4}\nU5-.%\0LE\ZT7xkGX\r|/M_cs[;WSZ~5V&/tFS}~g`!]4(ttMKD-]v=}-2R>Ehn1?\r[^yFc:2*MJ\riZ;J0U8i6.]uX#k\0rh\ZUAi0_ksg@n07M+k\r#_jzuV}@skv243AocH\"K[N}8F&:ejoi:}eeZEqx	KWYQS:?{L%qCMmR1]hvWd~\Z;]?a(uhcI\"N[NK]RSeynZ[vkc_\ZU::SK^}n&\':cW6_ph?Ri|CuLlFg]\0g*Je-k[vI/\Z3kZ\0:GAgwjX?\rh>>i]k#\0JRU)V!O\nxUmkpT:sK|i6v)qKuBaV\n8LiMEFui *ssPb%F[pR+I]Y+;UFsxyk:Oqeh5q{{!\rvy/=_^I)nekT}1`nod2OiplmM\\Q\Z=w{~\'IcICuWWO=w[5J\Z5gK:\\[P_T54cMmXA<5GkYgjd,m%d:5^%u98Un5J\ri6[#Vy!+E]$\0-_\0tq.\'y:o	Mi7_sMB9.t}&.<Uo6#,-l/yq8tV-7H<Wx\\<9xIFSFk\r#IeG$|/kwqo\ZqBIQu>6M\ZSQY\ZFsh-nRO]j[_-mz}[_{k\n5)M\r>Hf6MbO*O\ZIF2?wTn.<\\\Z\ZZ{iHg^\r\ru5K.$#\\lOf>Ke	L\'?J=GIxsT%|7j<2wjztk\0\0fYnw?xUxNoK]To=\Z?U:,bo_YYE[asaAqmi:?ax=\'u\r{UKfv[z\r]\'MWTj8nirr(I(6[)*=IFQ\\p}e5wwzE[Mk\\19^G5yTj2$r{t!_B_>QEB^\\A7Va[\\N,yh	EfV#K/=-\0O~\0\"zwsy]z-WOqYn t;miZn\r>%xEU6>|+	;/Rza)Ci\nV%p=wki$z}wW_^\\K]v:4CaXlI\ZRHn-n^[b62P<9ZE1-y=\'5;[j6Zt\Zk:}jJl SN\ZJ)T\nP(Z-7u{H*UII6-<I]><}&_\rMm}d,-u/X4!VUa&;k4[[/x\Zog,Wv3]BU,_B}b-O\0.GVu\Z_hgxm5Y_w:SK^oeh7T6RuKk\\}<d./5+OxUt-._6a!{=#@E%@M.p0Y6	Tjt`N1$ZxlEJVN\ZqJkn<9\0bxgx[]n<i:hZY.;\rijkj\Z-pYXYj1jq:Zf.4NKh@M\':~hRt}#I/jhvhz^6&kL7&.x?9sO=A]M{ERz om;Okk[ZKBm+R0|K>T0Z4]:T!7RP7Zn1Yf*Y|99R	9K{x.^Y:&cira\ZaQ^Q|LS;InOg_:ve|57<_7n@ [t_F|axQt\Z3m\'ufLdLv|RjS2;=$xET3[Poh	7WDmm:VnO<}x]gA~0gO1<mjSe|n5i:c<U<:9\Z7P4R\Z\"KTa^_\nc5M6et/_3I~._h*_x;6*x\Zhi^w>tKQ5\"=C<E<qOk+5P4-G\\F-\nDMas	-_IT\rCeexGK.i;u_7Y?xcJj5[>_Mk+}5|Nz|Iqrx\0PEoj>-M)!\rZHkzeiqRcMEvig}&79%JJ,Ej%Ut)U5)7J)s(R0!*)3UUk%vEx[\0\rXXA5i,v6Sx%C4ioIk|WaJ\r^\r5okSj~ uC@h$UkZ;ijp1Zu[h5	o}FYui-z=W]BH>[4\r$\\Zkv\ZogPOqE_ih7IYEhYNSE[Js)NSQ8t\Zq+wmeJXF\rIb%eJZzuM\"N?T,1Ni/4	A\0	;hwtF\'74\rC<9MAQs\n\r=O~i\"}PC+kfmb\0Z/qxK\0\\E{k%age%C#Kis{kyjlQZ@F\0}#]>K]sz~Ois%6ii7i\'-];RNCk1Y*pOaQ9)ST6Tu&a]khFt8>x;yM1xJ6wzOM2.gSlY/$mS2P}V=sVsO^^Y]+LRn-.5}$O^xb\\64^Vvz}7\Zm\0	54=:Hg\ZAd[M|3kM&fZ[D\rv:YxMxkM\rioh>2[CHA^Kt\">RluU,k<^b-j1qrt8FOS|r|^eukF)Jrr#)>j:xj%c];K=VJtSPmkM:;}3A6::Lw~o[k}gmk\\,iM4ZwxG.oy.c{xKL[r^$SQMUS9$\'I_k:xgEt\r\0cYTXSY{\0O	]G<<c\'KEHT7u#P):*AVEMc%*\\FXyT9i(;uNJK+W3xj??lyct9c4{H5uvzq;N4T[.ikj$\Zfu[gK~Cai.|97Z^i-n4_3S:^-DP^4h\r)%xb kh[[	 x4H`kHXS8C^%_DN,u#\ZujA^RJ6WJi/^%w\Z$q\"+y+7(_wuo4aEItMkO\\twb{7S71-\rkVglA9o/Ie4?ZVfeoBP` 2Koo3_hZ,s\\.zj>N(u%K/fM{\0k,pZ5:~EkMfoN%QBM5)U\\U:I%z\\P^T=mtmkzp~$uFTLMPI-I5\0shi[Lf^V/Kn\0^;}XK}mpRE&{jzSC3E\'==.\07ajZ\\Oj!%iNy[h<Iwoyp\0j~#>:<VUevzZ\\:LZau\nXh$d-J[x\n|1)NN9]yqrZ\\Z9k[C#rJI%$fK]xBxn(]W3j:Ci\"<Co[NCwkf=\0hj7(YUn-5mkJuo\r]\\h->$qm:4w\"}ZHzfm&]mJ>{iRAw5\'|:nxMoV\Z\0Q1DI_ON?4o\0O&JuOKu;Yx\n{1\0;W\ZxySqJrR)HBn*wQ>*~_R5MG.nU(5g/vjm=_VvI}hWO%i co*jvS .,Xh>W;-/H\'Y.KR-CLmC6~^gV\Z\\W6xCmuM&P}Bv\r(ll/^<;CmZ.,tKER\ZS^~b|Soc]ZG}o^\ZDmQ/\\\ZaD6Muq+\r^ti88Xov\Z8+nyWNreM{5}_^?\0f,4[M4W|]6io*yuz83DWwzg*u)5t#m#n5Gww(T5qsPmun}H]si[x=N(cX.+u<m\0\'y{s5ysk=cGGP9c{}L<?jaTU]\'R4Z*QkW>v8Ngegv{><Y[xM7_YE[XhieI;8Jf\0J|]i}>4FKCMRZem.hsLK{~\Zbi	mGzmIzj=+ZX_i\0lFOx.u_\njKc\03S[Mw\"}SPk\rW6QuNJB)hr%[2u(Rp/,5_.=J^E6+f6qjf}6}wj0^VbVZ<%7,Y#k3K\Z#<Qqh0jQiVz[+Oi7ViZIGiE\'l<s\\IxSZV/K\ZZqeXj1I-k|6fl|M7=\'{.<=[}x-5m\nT$2<7vWjXG^j0\'a]l<eIN5K3qOJ~1ZkTfEdn<^rki^.5xdL76^K$W7mAhl~\r5\0i~(\"ACmf^N\r}fk\Z3|sh|MxjLW&K/x3K/d\rVfm{!Q)KYZ57i,4\0%)4[CZX[hhWtJ3\ri^m*z!PX%=AB;5%VJofZ$y4|S.vk#~Ewo1ueOr^ Kh`pD*_?GkV+tX-,,L6V(;[h!(QXE{\'OK=1\0u\'}VX\'z4IcK,p^d<Gx+iPZjJx<[gCTgMiXZXMKVa<7y-sGNm:U	oq~.{I4ZhCa<-BP[Y5>j, _4\"-Mv\0J\'4GKou-feu|V5{hakHdO!VFq#JSP85&)q|z|bP(O 5x8&S?i	YO^IxJYgmK]mBEXZMms)uON|Gq?kej~x6F!dVw=zK}7Ud`}i#xYW<?}qn/C\r2Oi-2_QW\Z>\\ZT^x/]Zug\rE>:x{W~xW?\'^ZX\0gh\n-i{iR^e}om~&:y=:.8T3EKUxBFJ.M_0(J4%V*T\"M8sFJAtz}GG}c1$>=^WY*t_x]u4N;0xRR:&9\Zt5\\BF>\r7Mkevfx}-,5|Dai)_IXl\re(t+vVzM5Y-Gm</OZ|K-E=k[Uu\rOZNA/gu&Qy&m>WGjGV.jEOg8\r5\ZOkuQb+C	MS*F\'ww4i?\0]jw}Bo\'d~`n\\{}uv}9 1j>8xR6\rhCTm5Kxu;m^I#LGQ:ex<?xtRm\"[_OwdzN>~#[95+[Xm,n#0|?|7Imb$E=_\\ZZ\r7vq4:8X6e8,>2T8e*T^I7U1ZJfe:T*a[xU\\}R\rD|QXi+??>xCoiz\0>h\ZG-th{bE-\ZKm:\rI|Ce_HmM>|U+]cZCr[\rN\0W:]X^Z.kyMGQ+8Mv^Z	4j>(W|_69^I+:T+m]VR\0NQLY])u\"\\A^/4\"XtkCP5uk[\"|p\Z*\ZT!B5:Xu*a#8V)(N8q9GS\rV7E#ZrQN1TjOS7h17:CT<AuhQ:Tz~)kgY{=VI,a+gRA3xK,]3SL\"5iZG;W\Zz&`c./cME-\Z\ZFyKq\03i-c<5Zk+\r\ZR\ZH-Fbse{B@\ZizZ,:~mAj:sgBVSqc&>5}n\"a\nUOTT!5[J5.Ztl.5\\0SWJTi5jd#xY<-cxC\Z^eGwH6j~ZFc}%{BC$<@o|EdV4^}IImm6Wf:^ij] ~w:E?5i^)t}NM/F\rk-G-Kz>wOKjf\0}uhtcMd]?:F:-hEZa6w^	a+`J:ZN2sVuSQQpyh+\rVr	b-\"_|7JKH=KKtK3s4NY5pP\0j@X7Sw|#xM<i<-SLRi?Mn#Oxz:wiv80\Ziw\Z\0=sKH-5OWoUtQ=)L<uhGC]]3+M;\Z_y64/S/~ px1xV63zFa:ZI%J9my\ZUSRjRz+/C8F\'9F1une&lmgnotmF}{iJ[}royfk7Yh.m>koq^.~w]se?4<J+hLGNQqxN+yeJ}Ims<giifo|/-l_\\Xhh\02y-nMM%w3WdCxD\r]4\rGZ-|oZj15>\\Y4i_KAn=8LO%$bgS/::\\,\"\nc<\r.xy6[rN>>_hg<m>}/\rG.^*DZt\0ij4]TX]XNAwk\Zc{g17Z^M[j6P|qOok&ian1Ak[XH) 4hdi_d+oONv7ik[mVu	zgGWNm4]7Wm5m;?-c[6yZ\\Zl.lgym.m5-BP+I/\'XIb\"*pS\nT9e(T_4fZQUSKEg&u7ez/\Z~#\ZkyKy59ZJ9l&(}?gk3]t\"+f.dVq-q>\\X]\\h<6Ok\rsY,$o\r&;]X}n\0j\r\\4*\r3Vk5\rAu$6a4k(wWrYG!qG*R\'cBS\',:.g^r88*QR-/RWvwJxvVu{-wwwPi3O\r=.u]>{o,KA>=SkWZ\"Ol	KokZxj426%:n;tc]Y/]\\nQk9^{O{4\"2\\g>(y!m~x/5[OCXj/Ciw[[]k7kY5\rB]:k8i6?m^N%FUhUuG+)G\'=%wP\nqrN.k8;(^J2WT[OZIiSe\ZD-um\'|9Ucgs\\[+AsZ{x[K6XQox2iLPid\Ze\r*6fx/X4/$9sk	gTe6[vWXO\\iY3om{=6\Z4:ZjR^	IahR)MANRn<dlR*5Qn\\~r|VWdo.t=XTU<vzu]Qzj:i#jA0]g|s[O\\xvo4#v-4kfaR]jJM4qSIO<Y%m-eM}[Q=Z4Fic$lOZY~u|MCh:ismSY.b-n.5\rJaj7:eer-,P5j<Ds7=a\\oyJM;i}TbTTaR\\o8E6:4hqGj^t6fkK\'B:,661V!~`E=ys]YeY~wR k&\"?q-O+[<SetwoIdlX-Mi}3ZHXve:TSOtk]{4D{\\F\Z	K_[4yAx^8--$9gFt)*X~shN\ZnszE0i3BUsfW\'emn%m:^Mu|=*=fjF\"#}QttfK;b\'Yuht/n\"H-*Fn5GGOM=|U~Sn7>iK	^wZj3iQk^-)[ZT`52]Yi\057j-;UmKLq\\h)kknu=3GLtD\rVS*5\\*TVN>\'7Km8S5)RIYkMZ=xr\rK>#;,oDKEoi1\Z4	4oM]%S\"#~<3}c~mZXhxM=JE6PtmeH|gM_qid|KuxLMj-PHtgN[kfiXm-cm:WYu-gO(?emqMA\ZE;VR^rqT*Q)J\'MMq$\\=y,FPN79[qrOyt[\r3TVM#R_LQI|Yt&ou{XirbU,e]GkE]\\iW\"Dmj--,aea0=|H\\gB^Ew[]}[-RQxkNCR\r/gk$W2MibY^>iZ.H&m-5?Euem<~\nu*u\ZPMuu6u5yG*Jjj{VjqmZ^I+/6CqrsydeYIrfi^R#$_?{{Gt\0\"9dH|JO){4[wt\n6cp\nU+IV:7Y[\neo&]]cjgf^Gc-Nn/n	{aqjN\rOTYK`sO}5-6a-Hv5[i>sU;5\ZIr?mv{i43HI+i-WxMNu[wDIwpK-)xVks9hW}ja^4w,yy\\%$vRdj\0#\0|_>+=r\0BKfEy<j2i%YX7/xMPk\r\Zjvmmu.J9O&k\Zr\ZikmEu\':\\B[+XMuu+E%%,rd~~<uzR7\Zz#TnbV/.Se4-cpYN2G_s*u^51QJ*RNe\nrJt+q#JxL=G]9V#\n^Qq\\I\\4?Z=S:$|Cx_I6\ZfW=RqvnV\\{g-6\'sA]Uuio.5|Y`l\"k[ko_P/\ri]7MIXt:+?Kzs:__Y\ryM<lilm,o,,>mUGee(G<HoW.$[wFBQquN\n4\\T%)&VHB9TJ#f:6&j0QKK-zq$>|3w6)dwx\'AonTck-sLQi4Mv>#k^G&C\0k\Z7|:jEQVv[n?9sh5G-d4[wu4i-y$k./Zo^]\'O%[MJ;uMF^5at4J _(c8<V]|Jt+QcF:1xJXaZng	S\\zs)ae%JmFU=\'{\'t-_w4j5|Y\0dDix\Z.4~XaQp`!6z}\\Imkzvqh-4ukuaKa*	)R\'KZ<9q7kKJ%:3h\ZuIknw1 N&o)zD5$\ZkBqx^{X&0I,3qR+^XNNRKJml=HQq`&VTF0	)NTjV$:S^\0Z<K[cVWVj[]GlGCRR+cOGQ/4Ok7wsxm7.u(1jI>$oEh^#^Z|Oc:]ehVLmJC-,jU&;xd^b\r2Nl5XBW3%\rchHhHWB+JP5TkTg(Ju-\ZVRMEF#V8uiE8)RVN.6Jtj\Z;MqtRGJ/}k>vQ[>A!}b\r2mB\\GJKfN-.g2]7ohp^	gqD:R1Y#2}]ZfK*XVxLO.l]+uf[(3iK7sOo-W%WWQJ@gMT^prNojU^xW<6\0;4q[id^8\ZiZ]=2LR<\n>/~u3xR7vW&\07z.Z_/^.j7XhU?\r{m?\Z{ZFmigGk\rZAe#_}ueei@_>\'aJ\'A<g\"5;YyAlnM9JkYR+(kUeN<\"+OZj9Fwti-$Jec!%V57R0x~w\'FFiKU_Lwo?ms|BBml5n;{km2[]3E}B]+Rj>cimh^ <Gk7quw/nOalu]]N]V--u>/\'fbG<+u]/%7z<MOVGX%<GZiW*Cy!VZiwVQ^jw_\\_j7yM3`VIT)*puqFnTb*iIR%5wZ}~G/jZ}[\\~_.ZoS{Mh,	<X\n-k>.az|}YxK){xJVmZmv\\M6s5:%Qmq5\\T3x~Kt\n{-DxuuS-5vm:m:1oj\Z,A%Y-{8\ZfvM\"Wu*~FTkwnfZbm=!F!\Zh5YA?z59gjI:rmsV\\n][f-8.bMZVqow\\z\niZQj72a5i--n9?PGKmYQs%\\<Qi^Ts6>}k\Znu\rLh*1F\Z6$yYh2K:]e\nC(daa	b5yQ$d2~,T5*JrnrrJWe>JZNP\n]}7JMWmN\Z^K&aqp.),rh Oy-\\^MvZ[-oyo\\hV]2_X}mjzAp7kwS5Rw~yj m5abhhtJo$a2xulew-^5tki-3Zmm4W`&YntjOa	)F\"F\\NqM$mz9]E6Qm+?\0ZFejZngv)^	ews|uC\0%CV7T7uki0I7PG,\0];Kq&\Z\0|E%6jQK=_\\?&kzd?fKOKm#:kInga\\R\\jGu%u11{\ZQR1IR9sBj3h	)25F#=4-yz_n\r+M];:Cg{Z_Yj1A\rZ|V4Q-p[q=F)5o/xAASiZjSB[G\rd[DEki:}|\'idj_YY5=R5M%\"R.g4aiUs\"K-Z}7HHM&!\r&[g{^#Z8(zt?i9\'\nj7PEhi3\Z+Jn.QwqQ!&i~$l}XI{l#Ai$c\Z=>DrF%hFO}UCl.b-7Adp\0PL\r^KneX/uy&J[Z24{wPZ\\i=,AXJkzWl-6/`\'S\ZtUWZLD\r]MzExzoSx=GhEETQ%){+FH;YZ2hS*m)BSGJD~+<j>7rSK^v\r(xnL-9#TtI& Z\ZlAi5entKt-?ImiR=Jwkzd&SLRn,%v4??x\0M;\Z|qi]72h:Il\rqiwizSOE24ZMq$\ZZ.SG1=+BOG	MfFc5O_Ms@j_ImY41c:*e\'Vua	Mf*N.1P+8(Tz;Ifm_],\'y5{kIr	95em56pMu\04\rxvV]+\nxWTZ]{ygwFiZ&5Z\r+isF}VXkM\rw:wqMjk{wK5_\",>!}kL#t[wS[\rei<=kZ\rz=28o\'6k\rS)G\r\Z:~RQO8F&%/z5^Jzi78\Z|$NQM#u=SZ@+.EJK{fQt4WD{@]\\\Z5\Zwa^aQCub+{#JM5rNhHXtT[cOuKi=ig=io&xn|Wa.X6R_LW\0]nt2;JX~ Q5M\ZrxnP7N4Ngm:mSRQnJFTSKU\Z%x7W0PO^7mMvu$I)Pd[\rgW&c2q+Aci7<`oa7vqR%9D*\rK>vTy\02\0?\\mcImfk,zP\\	dViz/-uuZw\"d9^ky\\	>\Zq9U9k,o[#4kp#Es|= T9#smMvwD5lSIyh \nL/`1R^)UYTc,E5V)R%itF\nt)hSQRQ$QNNZ:\0g-2XsB]IiI\"N<	,.-D>w~1o	54K\"ShtIdDph_F,...vl5!=UGu{{?*ENn;*,rPA$<r\\%\Z5\\J,XR}+nR<]Kn8|>FXxe\'PJsTN_5FrW4)GjNhJ:Q$qUjk&{5MNSamfk{j1<0w@\\\\!2 0	QM<ijogrF\\Y$CZP3n\Z [s,V->Mn_5kV0.FV{u<u9x[0*lhK{>Hr}ZG7_yM*4QYfb(r:n\n3Eae\Z{\\\nJ3qRN1oj5vrG4R\ZjUtrW5ikguzg]EttA{\n[q\n[h[Sp.uN/_\\hWtg>jZOkoynF_6X\\]k_Yvr\0[+-ca$5}_&0ri:$US[=|wY\\eCRY7bqxSOQT)NM{Vjdzxj0e\Z4*US5:|tRs#V]xW)o&HI%Af[m6(mbYF(Vk>-4]iATV()|[[,4Fg]Jn5s7Tck,miM4j\\Y<E4dKu\r\"iO<[.>4D6G$\r{9n2-4.81-rl,b1JGc0*GPy%ASVVu)O*WhP_}^*!-u{R;m-Okg%f)-njV[}{k?k}>e8PDW	yq:*>$pE+	\'5EW4x+IWy,5[}3QEUSjVKo:EDK}r|[6[%i$3\0e4;piROK\rWuN\'*o9]YsB3tJpZ3L>RTJP|:&nSjqi\\	hggmVHI;ThEZ$DNd4\0A-n@tF]:HE4Zv+KfF}6gei6rBCkctK8FD[\\YbYcR^[-o5]]My3nEqB=\0V\"[_8pCQ~HNiFU+J<\\n,4KI%\ZMs9nNUwo\"k1TZ+A5?HXZFHu\rRsvFiPsZChii*=n(uRh.dVJ6%-\\MSM\"[[G/mloml\ZE)2[\\Dn.F+nJd+ ( A_i\"MrHK>YsK	HV]QYVD[K [W\rf\Z\ZgV\ZrH()J1^\0=7%{FJ7o3X\'JqtQ~Xk:y_WI$dKx+1Z-iB02ys\0nxE?\rIl70zn{~-m<0Kl\rw>axQ2jIe7XYi-cjZI(WDfq-Cxut3_E<|Smpm:5n]X\\H,<NpARjM$su+S~wm.]/mwwI/chk*xw<3y9};EeKmmiWq#Hg.5\0Mz67gc<A>4\ZP~Jui+KZ=]6vx#l5+\rk\Z>\Z-Fxo|)Ijx\rR/euAIyv:Ex^!7x\0dlaO<D*D?Z\n:ttq%+ev=:\ZQuAzIsrZksu,4i&F5gi]j\0DfO.egRsim.Ep]UF[]bKI<\Zf6\0E<O\"iG_pkcJy_qMjj0}1#XeS@!\"+e]Kq\0IUV9T83m	5y	jN*I%B9U8Sw>WNu#N\nrWm)Blbek+=NPg};Q6F+{}A?xeyq$S\"!=Votgkxlo7h\r--aK;$W.Y>5R	#^3fdxecK\\9IQz_Gvmo`]*!{-wQ eK75\n\Z`;NsW\'NN4wmY&9a&\'f,Zo\":u*X;[h5}WD}?>u+ZC`^UgH;{\n\"\r?jhy,Piwvw\\k7yhvWNu=ZOycrZN:udK@u%`]).jeW7K%H_J)3+I\r-+JjQ6G*rn1m&-u](JjT{sJRj?N[6&oh\\j15,muC2$Pan%IUjC9{,mz6\'InE;rm5_-gi$.iu+R{6&8CI&\Znh+8\'_:#,{%6Vs4cK&`m8i5x`N\ZRr(oKQX-(	^HNP4(rRI6W{u4}>/^Kaj-iWw$Y%Xg0Ig/7-mxX\rkkkoc7VQZL4xN{M4|5[9mga_P:1B2]H\'--05^(U}<7{\\ZE`jvtf|K,6;\'B=Ei)i$*qRSQIm+]-Z254M6c%9N.P}x;Fm_Ox>Z0YoVp1=	8/5{{$=:[4:fuqqMoqgb[OFuI)wu{O5$WKZ/M2A*pKmKq2Z0Z_>g-.4Gh]\n/\'G^scJlM!aoN:~K:qyl0Pu;N25\\/do;yoC]W.ky3jW:-#yM4+o\Zsq-d3_MT3/ztWvw\'KZS[6HL\"(\ZirZA}w66n{+HYo[OuktEfx[t^xEu	[J-#5oT:RG&W[G\'.E\"=Xl\nN50^1qa\nE7)Sv|}kb_-GzJX/WKZ}BuX5=a-mu5(gR\'S%\'t\ZmF^dPF&2xx=}#[?>=]AMWW\\<Emnjqaw\\XV\'K-]8,)xZwVzno7-CJ.Al/-TK{dYlH]k^F,uw6Eyg\\izw]\\\\i:f{^h{*pJ3:U9Y94(9&vS7ct)*=g:nmU\\}>/|3D\\*\\izvIo&,%,/,F%xx(j_SIbU\0J|;CL@OImsww77DOr+y2ioS/|?;}\n;iO[}^}?9\Z\rVHttfW2IriQou3oY$ww5D]K+99Dqhq$MyrLQq9xEt>R[=rW:	<2io[Hw.|hF^Z<eVM-z$..\"mD%o2MH+W)ue\nJRkVSQQU$rK^Tc!*)MI-Sm9)T74Z\\4h$d|iaZfKe_RR``K\"Mwk,PK{G+Vmxlm3B>&Tm>i, @\\B%_)F4le`~\"]&T\Zh>jo@2^Pex$sy=lF+\'*UjVQ[N<+Q$Eh]R*EF4+VvuivV=o[\r>`M1V+yn$\\/l-\"RR*9#ay-YC:]-!`Xh&mB7y\'0K\n)C/qv^\"K`1 r+JgL\'XQw.%7U~rJ*WvDM6JC\nv#x5iW^z$wDGnGZOo+[\\57q,jVy$=cwT>h\0x-|A-/.[qp+oos#r%,d1W/rFmnXCtBY.Z+s\\ZY\\VP[iZj][CHtkMj4Yb\Z^<W/<l!6T9U%RMZ.4l=]KT:7VdiFXXBe9\'Rjz5v[Kx}P$W/\Z7k}qY=II\\yuu}wyemWM*\\_^X`\ZrV!.oa}-k~!C~<=Ms>okr[\0s#n$m@9tCn,2yZLdad<v/.7VrqE\\-\n8DV5\n.l<_,EX)WWR\r4F^\ZTi9AS[rV)Jx7zw\0Yh!t\Zr;I4Fu)TL\\4P*PO$kKgiGya}%\n<^a=9A[6sp/\'moc-15-d!\rRM,Lz\0c\ZE/s<3Eu=MdX+{f<K%OU*a^sX:#*nl\'haf`$rZn3ON?\rS}=g]\rixv<&[fyD].rf=biODPI.OukfAnekno/2>t8n\'~jWz-E=K7dpInax9/7IM}msQY\\[MYgd)o%Y.gTU3I8A/K\Zm<e9RiL#Q*AU%~:ZJxG	(%J6JR,{z>MkZI=[;s4V2.[`pfIt2KO*-[H.jL\r+EY^LK\ZGeea0HdY^\\>P}BK.&B>M_op-0[mnok@AHo4;N4c{-Q{/$\"2!gp${T*05+\Zo*NYr:< `5OIb*2G7%(Y$>TMLZX[i7\\Xvwb2BmX]4KjP%(Z]]\rN&mU5;.w1y3Kh|\0OiYZZye%[Lv{E RY\ZNYVY^Q[y;aKqp\n[qu$ER1M2ISRQVnQZnS%;vIBu%4dkxzMwvZYiR7fy=T$e\r>;;;nTj:ucM2\r.[K-,ui	/m8K4tFu+y(\"!rD\nX.~]xkHu $\'b\'K\\@OOMX+\ZhCykw4K<(gK[}~oOFNUJ88N:!)T5N4StiBfYI7\\U\0iR,7>Ul\Zev{`pdRIVO{tVZbckf-#h`8-g,RIt\Z,;!G!DCvk\0Yb5{;[6CQdCcK-\\j)~>g\r}mjZ.39f\Z5 a\'fu:QN]	E)*,L\\P)rwVLku)GIJ:w+MwT?z;I4dq66]:(w$03+N<f7:)nn.Kd{)]ia-%&v)xm*Es?	n{8t\ZcdE?kVe\\[_7/m5$viH-ml[+HNK8o0{6Bjc%vX\\4dKQ|\'k6tw6^+YbdXkY]J^5#Ya`^d@L`Gu9-2i&85\"K[Hyo\ny }C^jK\Zrf{&.c$qGdv1En`_L&=ZRjzog\'Msuaq5r4L^SjrT>#U;\ZwIEq\\ST$nwtm7.g<KSk\"\"8Z4Ycwr!An4his\ry-::s#E#\\[R;E?G[nnk7{zmQZoM	Y1&QYmf[[(K43Z@nawg2C	1)mm2:>TF\ZXi^U*u\'\Z.xFJMRe5-S{{%\'%IKM<)4Z5xu)#MEoO$R@F:c7r=sg[FD/&VUc0q:Z4mzAs/-0.X$m1RC;[w28La<TYc1A)>IN45RTym7i\'f-`\Zuf&`iumJiOhd^Hn.VKu,?gfw5m_k}ivvgW{MX$K[I[t,m$olexZxDt7F\ZYK(Qqk<%yry.V!\ZNj:cj+].O<*oXP!hPG[\'FT<g>INj>T:V|tW\rYT+z([JZGjHM{\'cFLPGf,m1-&dQ	qxm\nu\r542S{ |[n\\[\ZM[\\D$\n`R|r3hx|U8L2],{	m7%kBZ5\"H|i\reRr8^1QM)`}\'k~]+O.Q\\k=MzFx<:j5+\r_Zn$K~M^	.2y)po> [BfnX,u>\rKk5[=R46vgtoH.?:ndiWksXG5u[/[Oqj}\'c7wKoxT%3Ne0\n\\X/=L81R\'WT|{5	kx	1JM$#6hBX/QXd3E%LI(\"*>B\0+(y^!;[\0#og\0t\0{Gzvsfh\\C#fd{;bcAh$.& O^K]3J4,~SI#ndt|;`yl:\'#h`\01BDN7FK1NpXH IWY{?]c[E(Zdq;D$(b>1#*Z_7$%I\nJ7xiTEt{%$Q`Ib&uRutRo_5$t-8Rw\"],2\n-xGhtE[s)H|\0Hr*l5+Ifl.2s+F1\Z(WVl	Zo4D03Ql\0!@70\0i\n\\T$SJNYIN{Qvm42L>T1x|bpI*ss~W-hZFl;q=s\0mp!<U`Wx!v@7dO 5Br, NIuM+y\"9QeY>|eD[w\Z/gjNdMMoq1!eK,cKu#]bqPX(C\'B-{Q%9<vM)b])UT\'UF4+Ih,fzu>g28\'x.i (!P\0r-_\Zy}Wzp}e0$E\Z]3B\ZI$M1Z\0A4,;21Gx\rs{p\n8QB&f-SQ-5	5bE$72M$h!+<4^/|E/eWY1*6\Z<T*nJ)*GMzRB3Q;OK}_S~\n3Yk\Zff{z$K}9[Saol;/Z_ Y}\'Z7SI/MDo3M_Yf#hmo%6pV|qk{@Cs]%}O~|Ce[:SZ{UPy`%.X*?-vm4(9VNmVZ97\ZYM%,&GsrkF3JS7JV+%N*V1tWIny,[u(le+88wN\'i#XI#mybzSvuLn.6~\'wku9;Op#Yi`IF6lw=itPd+(4lSJv]x!^%~Iq\ZNf E,2fUF%y\nb\neRqJ)KJZt*JQQT\\hsTMMZ;:7[	yT[XILKP\\?~WYK;I\\iv\\^Ak[5Z]I>ZBx\rJ6wi3,D]PGfnbu3V\"Gk\"O.!lIrG\nt*2OLUP:\Ze(J8O(qrJK)\'dI|.Y%*	PN.i4\\t~D]RSs]f\"%HE(4Y-VDHe!\rdxAkpxE+yP)d+]K4Xy1,GFldo[Iso\"Al,Nq{gyqs^KibYp\\LZF1C+\']6+<WC+Vce*RlGQTY5?i99^Ms+Fuq4)::ty1qs\ZJ%gh24:)fZ	cL#,ooE`igVWD\Zbynlr\rauIaW2JRe\"6kW6oqtE`\0HvepM<q18h7	m[m)1dFW\"\"hHV|b(5?eB8V\Z)4UJkm5JeK%*iB.QJR+j;vflb5+W.X[-SqomrEm\'$y$F;Iou>(iFK/Sw\"no\0PHbY$[V1I2\\\"n_08eeyk9c*oR@C*am\r{o4MwN]C fM\Z!X{l\nXiV)*{FjjvRu=`iT:NWFQm/iU^*1NMxYm{2+O/PAerb1O4]Hf_1_|K}{^>=4W-ie1kilm 4EPl\'I`1tzu[;it[[{R	%o yyAkr#<0\0JqoeAk[>fn2[$7g0G`42[5J8-5^1>r<,):kJNT#\rZQNhN?i2UnQ;Z5%m(41-Un-Kx!XBy%z.*4 Xrv\'N&][]k&SX4s=xmsk\nB[i?SdCI&;khn-\n[5a0k[F^y	oxM}fSW8tiNeN+T%<=4JPqYk)7_?(4	I.JR3RR7yF-5ABnwi7sA[FHyhm-m7.:L$]\\rX^8Ei-`Y^wdo;\']>0iMZ\\Fi3	v%qc]w}ekwzul/A-nXm-K+4SHm,rmB\"\'7J\nR#\'8IIEF*\\aJqVR, (8V{s.{/Byd}CZhja6vqfK6I#ZzvOoo[+54!.yQ{Vhr^PVu,i+&dT&!>-l.RbD_d\'M[V?67\",SN9%[eGL,uV6Jsk\\U$y/.Q9,}qf,MlHu}^MD\\9\'XeRn_a	^XoAsp^xDE<\"2DY4\\Bmfk%9m5Pd3;APxIik++G%U;[CgMt 8`#MEM\\@6!wwsyN\ri\nHH*H|f\n+Ub6Tja$U);5:xMU(az3SI%~XPo=]6\r6-Q^KAY.\"\'kV7Lk$9n\0J-5=Z-&yi51<6eV&X\'e{9N[fh w`\0{vZ/7\\%o74nh:ko(2iF9=LC32kFHE*kG)J\Zq|n+I^S~nyRW~Gytsce[M:8m*YIg}O$,xt~f+~oN{[MBIR\"@9Z\'P6KYn7V-qvCyv%F4VO&XU3I]O#9T0<VUXZJ3j1N7Z\rSqGi+%q}6.wO}b,Hq\\]\\ip,vG24F&tuRMokcosK$zC[]=J5CnXmD,|:J+Z;(b&{3#HZ<isrGk,CXluu$&k(#B$Nxe)IcFs:M(^Vi\05m:n-+IU_N5Qx;W8WHfD$b-pcU &VT+VO/Igi_I$dHyr+1>~I[oj[4IgHEIec(%m$f	u]+Mxfvkb6FR |v@Q;YFHl-7#Q\n@)Uab>f\'OU).dlfImH#23!feibQR8YQsB2MFU5V4!	I]K^D2M?gS;%kFkapm$V(	Ha\n3@,[3(qce0I$Y0ICk-Szt6[G,73-uhRfD0iH!$Mu5:a6RM(Rk<ej$TSVxl5ZxrJI*+g<E\Z|,aNcJkMjU)OB1nNKV\"po-CC$.eY|2Kp/;<N[]\\5|>FN#BY!^UFG.Hk0\rv(2C+H>dU\'%JfiZHtCuh-qIJdE@2~{l3RTTa=;rR\nF.:u9}sjsZuTF)r%Jg54/itAk9<Ba\"%\\u;K$!%V\'-Mb6nd;v\"^Hnc,jr9%ZMC0>]/eV[I\'8xVw;i9LHDK:~QvR2~W9+b-G	NF|+T&9:2NMN\\Tp1`RNUTu\0s;MCk=bV:Nh\Z4pImr,1[Jc7C\Z)h\r|;=ZZGks})ik&8F\0xNKS{k>b_[K*-qu.m[xm72+>i\rBBM6M?HKXib<-.~}_9V>`0NUjJ,FY\n86c9W)x,Y!b	7F$jS9TJR|++}w\ZnGZ^m56jZ2M]fYfdB;bK+X2G$M;2#\0J\Z\'O|9i}7Z<qu)oA)]cF\0>Y\'%oF.qpInG#utv[eXv]e(/a|)i@!{1L>q>_xZb*x\nNcB\'Br7^\':)Q~`-:~*x<\"lL=*F-*5\\|.\"	dnnnG,iFmXsIs\0\0Ax~mCONb+e\nn^W1G$-tIFC0Dacg6R.u<y<hg[D^,mb)/T{s`QW7yD&Xqy)b*{/USRu\'RSQ|eh*4V5TiQj9!iB,bqXVNkktO\09cMs;3\\nY$q`]tfn.db1eFJ2\Z]-P.4Rk[hRK;\rkH;q}[MfI|sAC$Z]goV)fy]}4#^]/[DSjWjBsNT+e^_OJwN:T=iBS4zPM$_h7PDHwA!0JLX]\\u~ok$cLD>stty=C\nkue0C#C<HC\n0\0M0#EIk\Zj#l-.L$FK$ZEpWb3HL|Wza*k^jm\\\r\'%R*r;_y&\nmJfVtFtK}CSF|1Z;o)Y?N+5]M-y-K$ 	i7Y{kkgX]c0E<w\'fF`	Co ix.TeaF,kKlIbZJRt/z(B.)PZOi}X1JT	]\n5ZQS]zR\"v(6&FfhVY&b\n6V,%E12Yd6}yZhYa{e;-T\\,$ec,,CgP3S32Vfty_,Tm;&+xdq9i\nA$pBH\Z%qJX^IE;R N\ZeR\\\\4J1jNNk{C6@ffM$`$snn5fxRK[C3lZ;)$d:M5#%R9sjv60\\)[K;!I!U\0E^iCje}y56M0y#R!<r$WC2	VBTn0Tgwc\Zpwr|94	F{I9F!*=R~wtITn+%,%WA6i\"Sm12.$\"z{{n$Pc\'-bn1XY~,O(&E=t(S9(He-f}iiV&YfPVSWiQl,n/\rV5pV7,\\UTN~^\n0*M.XBQTXI\ZX)\\V}R_@+=fYmuX-``(mb:~q^\0h}4eSk,GlblDm:Y[-NsifM<3iPEdk;S{H`dy\"?/7Zz}cMbwik5rALVd?c&;h\"Qs8U=YaFNhKTaRrRI\r<<*_m5FPIcqdZ3J0t8pSKm&RSDn\"_&TbKu+Xumb44_QXQi8-$e,\'/YZ^m2[[s{6L]*-%\n|[jsjBm<=_E.&yb[vspMP\ZjK0\'N)aNnHUK	[}bNZq({x(\'Z&aZFjmo-Bolw[jV7/%[;Yev, ky&vs}Z@pZ4FEr+7]uM[1Ei7G-\Z\0Ak{s%-u%q!IaV?,V_{i-sXZ)^59$fs\ZSLln#B2&+97KVa\ZptQpJZiKbaKKFxH{e-+hVdr_0\Z)L~ff\0UY4\\,#a[*!6kwjHnm!Y<EDV0d}qo!<E&2o(apdt:\\F;i/3Im=gA4RBZgDUIP\n(f:t	Qg:jjT\'B\'\n)4T)}q5N{xW5-f-V+w[W\0u!s\"C=kWi	usQ+(yR\0z-5`Ji\0s-<ZlR(GgtG>cFL-ZZV]tYnYXef$</Q\'.l*KcyS{A-	`E!	PaZtIC7RTybN:OK]*P*jOGEJ$wV]z*[PVU:EK^epJ !DUW$TPE,v\Zh;M)PdF4&rwp\rE}zNGk<\0O}El,FUG/6yS*n%9@5bPP<ak1fIRVH86%nNw@pXnZERt~	^3s6IS\'k#A,*2yecf,<LhSW*K\re9\"X]p}Zw?rJUFj*3rvPK4Sz{>\Zmhuxj[#=U)Eoq	RKn(,,<^P\ZHvYcN$IXy6Z(1=vdSm1mn0iux.e\r4gh^UeV{yrD\0qcyVa)sxXZ2JWNUsQ~MJu5J/c=N,%H4:7W0NVf>)ecq\nzN;\0hRP+tvj\'M7LeMqo[p?d!,a:1O+eX,^;\"HccEUWC/wyC:&-&HWV<e\n=*?J2Jc\Z\nT\']ic)8Jt=j7*NOIS:}?\'3/{M:M{<&3<FLmYo!0t[X}D7K*yq]$YbbF!}RHtvbJHR4?4[ FE$2 vU/3]Yuto;\'[uH)BrF_/	kV*c	fG23\n1	O::*KBTYA6\n`iH,\"|/xz\'R*|\\G6[X<AMfN5=26iB	%Nt`^Y6Q[4\rjK<be#(y.$:19\Z)$6#\0U^F*d;i n.t)9\ri$I)X^+	K1`0p(UF*EbsiN5#\nsN]H,uTyFJzZ$I7?/Z\0iY(^/[hcba{{h.d`m#Y[ZNNuI;5{BC.Ki.`m\"Oq%$1+k\\kqy!\Z>,,K	Zi46%`i5 OH(Dm<;g#}nNJ	I-8\\.`p_:l]*(b<B\nupss_\n_QTK_]MQ~	9<cV2t8lhW3Mwem{=:|ku]EEP[P<iM:6}O8Qqgynm\"veA\0%2E}&O[x+X-*5K]T[I\Z2!r9_j[^ &pujA}:X/4b;hIk[YjC)(STajNT]|=Z-NpVwR(b*Q{iNrpg[y.FQk=>\"B*1G-M0\"=E/trMY|<l%kU`!Yf,o2Y<,BV[^fO}+$r/7~Eo@0\nbqXo[az\Zta)T)w_lNrRI4%URTQSKo0%j\Zdw\\PFv.i#I\'%iX6iC5+s\rNd1fZEm;y`FR`YGE\\fwB}6sV[pfFrGI8%\nKE6OM(E\0_<Z#TrM*uiZEV3y#^uh)&Zr IZ#)6psb*TAPUm\ZurrNYJis,\0$nb;\\KoJ-\0+2\"TA\"nK\r9^d;uy<39ZREUI8M&X^[prK[\\f	gf<oyDv\n#)uT:hg&gW5LeARP!*F$3KZh_iJ|SN4RrMK]b28N2q8*3$a\\WNZ} [4SuY\Z%,UsN6E$r7LDDET^Y!yCrDB\"eYk3y\n2,Q|!C<g#YMQ]kXn.I[U.I(MO6V>lHWV+T:tuK4{pn^*2Jj3Z^YT\\[<67<#_@$v(a[fVXGm&	P#	\rO\0kXMIg}[RRP7Oe[cq<\"9/v<`\0Y|D\nb(*]?ke\0ngU{KXdf$K1N\nxJXbe^Pi78V\Z10SJI*iqN[UKm)(.u%y2-$\n$.ci!!&dXj9-2Ig}x#>lR[EVlF%Oyc\n=Y7@*M;;[7H-G+l.NRBImaOd5Sn[Q6%vI,O\\Ikn7%_\rK\rFJ:IG|R8B5Tn4}Vi-\rIJ~9T8NOv3>c\\xO4!4Zw\Z|%]Z6Newe>5[yR[khXA<7YW2EiukunC,mrs|\Zs{mlTI$50-n`aa:]bm!+r\'}+R3pX7:l]aQT@1l`a@B7S&k5pXH*J#\\iT\\\"k\\C\r,>a:qqQ-:Xu\n^sVn3u#:i~%tO}]X\r9I,EV\\9*O!~5<g]\r.;IN[\Zmkk+<zK{-Jv+o\"_[%{@kvA/4e\"PdB&B6H=?T*kso5/O\r^\r2h/sje[Q9/5>Kg[f5#<N+YG6ui\nEJ?Yv7(F.m_2St#9Xh\\\\,|g?m<9G_YhN3D	Z#IYy#HrdQWS3*E$cU4X^ZiHRKBAblof0[hx=*>c0{\r,b.ZGB;y`_~#0d8N\Z-L\'f>eWRrf#^RWX|5J(=.<},Mi)P\n_rnRMZ;<8bx4&/:^@bn iEK$hnsoY-mBP5ZkWo	VI-D-EG[ h\0Th$.o4zVQ,JU.%![KyBZy<}VH7aST/8*\\JJ-i3:	N*pJSc5N7N|[4z&m.=ZM*iK\\ybuk51i._bt;bXdaeg4\\#6 $sIqs2]:qscO-hNmu+@a)1js|H0C|k@L)MKI0=i@HVW-i-OpfifwY_B&V36T%\\SM7|8ek/\'Fj:?gl\'[WI%ugstw|-383M;fed$94V<rItM-6_>\0d[m9V_}jboYX\0>~o\\\0h$~Z.h?\"EQ,X*4(vA`\r`Kb	<t\\?hdt*(=rj-@#Nq0(SCJ:	F2Wj1Rm]~WN18tcy*YKdIH d3kwztg^yKs1,nSf}9zd_Mks#[GRdwhp?+4id*X:EA1zu/O\r%\ZR<kkE=\\>:]^JH*u*$i\'{_~W0!q<2YLRWp&8f2F6g|5AT,s\'y4 esW\'5\0\n|jX[bH##N+<MJ8<5nHt)aJGNvmKCz%;(a^E5k\\$>nMG\"$m73j\r_Dm|\r\"@?TD5Hg*\0@\rkDpY)($<Tq_Y[RT!R5RIT8FPI)E.c\n^R4XHCR]E%\'{wlX!-O<F HR4dBD4+J:/n\Ze]54K_Hw^\r |$#BU$FtgY%EcT={gk{{mGPB\'~ j\ZD8}\"(L45{%R%D,.zi7ZgOB)IXrSN:sxsq.HMSn~f;vxP$Z:*Ao]O{&Mn=%^kX;xCETW__^i\Zeyw#\\O\rLo{rIzWvwM(xwI0r%NggKgmF{ml4X]s[#1RH~QZFe[,6a<Lq:TSc41\'IBH*k?kYr3\'3\n\Z5*sL%=ZQ0U\'i+BR[V]Iq)K_Meq}FcV\\XCZX[,oNh=q\'f\Z}Lhom^)004 W9V<Q4VnG*|2KYym22/7M;L$6rTx!bBw+HQ,fT$3gUY>R+:Y-I\'8J28,+u\'Wca	Df+im.%{I\roo|VF-3m4Dr;G$+]&}_k:{fv/lIb<i\ZYVRe*dBO1YY^6>\ZTy:Pc&(dll+7|B&8\\.VzxTa#Vz8)Y5:#/jX~F8,(A4*P\\ny%)ncelPl^yWK	_&nm{^Hvtpu|>ZKz=YZ7b\'RKk\'tml-GX8NyHyd{f\r#ZYd`I$3RH {3KmJOfS5V+6Qm,@7Q+\0s,\'&Cy^st1RRR*NJa)i)vKaRtXKd3u~IA+;\Z8>2c<+4p\nWX[h$$*Er8P#IHY=[\0(*%Hg\n:;n$`rI$I9sqh%bAtT7!v*\0O\n\0$A\'5B7cJ|\\b-S1:QjsF*nnJ)INk[h2]\'tegX|tk9>Dq<s8g(EGkpX\nb sq[E<heA\" sYr*:I6#e\nOP>=(hOY(PnNV0iYUgQr;Z&kr~FE:)h58s)uh.b\rDpdu\r[yoi	Xb]LfcO\0\",1\0lGU1*c,K(U \r\0/aXoq\0\rW\np:sdj<>13bNJu8%IJ2\\M\'h#5Tl#FztnN\n~aM]P$p\'o<$^MpA=\'@\\O4\"QG\0s09 <$Nx4=m39uY-0\0\n|!^]Ks%N\\FE%$vG=Ly_ppr<f\"05khB=(.WR(cr\\~X<5)N*^)FjezkX+>5iVvquEk~-65=!\"R-fpHMqweew{K0\ZT%%[yHn+!>8t\Z=($	e,EU*8DC(<wM[=JMt7i-sc)`Sf*\"8z|lc1UqTFNs#ReR?ee5(rF4p\'[K6U7VtE>re/m7.fkGCkmk<V\ZkhJ\\[J\0iX%\"kfA4}Eocis;-j\rY&94Vx%L6Gw>\0m<[F\0v(0[24DXvC^???>?ifMdT)g6{p$)r\nE	S-xJPZ/}\n\\uIaZ:)KGG4b,0\Zu,VJ*98+Ifs\rRK.OtKH]m\"pm._/1y..Q$Zo+PU(b?\\\';KH.\ramceSz04=Es:\\=Lb/i<Z\Z0-z\\:{?b)}Jxf1B)NI2:RqST5l/qIStc8s#?-)Fjiwfvv#^-wy#D1,3!GtB\"`3-\r?\ZnOu=kgp+&y`3g\rq\\Oe\nCsdvZn9e%N\\V]12qa\'>kyi]XaVII]hZ9e\\$ke1#<45*RS(TX%)e{2&l>\"tcN:5iFNRnoogG5\"4jk!.m<8i\0Zq*vX[\Z;[{X(#i-a!wQFCP&K%k;x?,&IgTkkK\0 5UsO<e5K,6#rL1vdR7,k`B\\qmQPj8)8[<Ol5hBiQk8&Xm),K$<j\rb6elN289fY#vy%,\02I<\0=srjU^Z2|$	kyF2E{',0,0,0,'','CAJA',0,1),(25,'','8888555244','','Segundo Producto asad',0.000,0.000,40.000,0,1,0,'Producto Terminado',1,'\0JFIF\0\0\0\0\0\0\0C\0\0C\0+\"\"\0\0\0\0\0\0\0\0\0\0\0\0	\n\0\0\0\0}\0!1AQa\"q2#BR$3br	\n\Z%&\'()*456789:CDEFGHIJSTUVWXYZcdefghijstuvwxyz\0\0\0\0\0\0\0\0	\n\0\0\0w\0!1AQaq\"2B	#3Rbr\n$4%\Z&\'()*56789:CDEFGHIJSTUVWXYZcdefghijstuvwxyz\0\0\0?\0LA1NmJ..BEeD3,!F3\Z(4Vkfm5\ra:\"Nea+M4 N4y/4[K[oYcUBnw S=!Vj|:@X-.	g0,\ZK+R%\0J]\nVnF\'SBcNj{J*N|P^W?H`8FP+RdofMS\nj<][f5[m:kl76Xck-w{_w,9zu%\\Xa9\0O6dGZ\r4iDr#f-b{	(rHOK9;!f71OQ4.\Z9#wh4bd:9MrQtgT6h*RhQQJIxznXt\\7UcQ1O8V)EI2Z[U{R7L.F)^9;t(Lbuk&5kbM(IKh%ZhN(-u^[C$|`K7dhEkSUi\"2E-Gce,P#],m\'Ligw[CvV[{THf25^(9\n^&,ppW+teRG)*iW)z%UuY^^3=*)4?q9ME\'~\\&K+E&^t\'%m9-=3mEVNK)tNe}JVq([*,%+inMwrOv`?F%Ey0Z}	-\'ehAiu&y-qx#)6RxsQR4eJ1vVR$2xjUhPbp5P)VN	:rQN*_5fNV8E&x`i7SyscuCO{iu-zSY ZmUkcX=B>QLY\\7%gHHh/!KwV1%8$1	Y xcic&)xwF:Uio5pG^j7[$1h<+/26qL&k>=el$*PJ$]:XXRWQR*r<*.DbU**JqS\\UKFT5\Zj3Ji?{{/+Uxd\ZK*mX#P{9{	n34palldymz!$e \"p`3bK\'nzti:Wnn&%kh/mlk,Z+HC\r!u.s63,}m-lc\"{2Myy.<w>vF69L6\Z_h2Bk?}{\ra:J5Zt(4w*890JH:^8%.K]Fsi7vfYlZ.l-nf+wnm/%F7MzOw,7a7>BY^2a3I{$)&s3I6vJqju@F\"c	FaIT3Zy\\ZhdO}\\EZ[L]K6x`-7hFU}z<E|.\ZtjWt\nP\n+[\Z6G\ZpV*tE)G(\niAYOH}5*IR(%{hP[<wv.b,m.Emn/{[K9on0}VfI^1=qKvLRyjvK6Im+[M\r^IXFnq@wuo	\ZBI3kB\05\'*pFqS>HK%kc\ZOFJ&Egl4\\vYhG2^4]<L$h1\"#F<\"[{{wWr]L,8#f,:-L7xy	\r\Z/o:,L[%Ge^GU7j\r1/o$v4\nXt7I4-$a&FW6n#.G&H*RTB\nJrt\'Ms	({Fa%SJ\\{cNl,/\ZQ+Su6.)lS]+_D4(\0fK[&KxH>17Hv.wwd,k$wn\"+x@VEr!1);6is_]q}ZOwO,-L./\\*<2T/5*]iZVp}P6wzS]Z2-,Kw<=\r,CN=UTXz|TSL5vj<,e<L%uUFijr|nks1lkt\rIR[Iku{n+W 8?.u]J1=/u!D+%sK,\ZTaXW$XG16I49hM&K4q\nEmmEXR.d\rtUkJz!I73N2+&$hRaBeNUMiRa%Z#{q4+,sKL[}JZyy.#6qK*]\"-y,Kih$g+`Ma!kYoOp_f&	m$f2`%c\0[L;;,RY#?I \\..hU*W5zaneI)J5\\jN2oueR:M%KN%(8JP\'5	F)v.O%--Q-kwP,cb_R5_YjiSuiioo\\[[gHSN2-k2,V.j\Zwm<YbI&s$-W[RFH);W_O\\&3[*\'u9hm\\YnhuG(u#(J315*UUiSZuqUmee^okFNs\"*(F<nd=q-5^k\'KdSB\Z@w|hf?X/mJQNrC=0[(ZK[m	{Vn?_\\vk\rZ\"GO:E>cts-B+\\;-!w&XKkKd>eQNRcwV+Ngu8UzMR\rL\Z\nj5#	Jj:oP~Irl*5!%MM4RWA=[j}0fB=>xfX\\wrU0JK;+Ho.g6{)(h`m\\9SU<[h].u)g,jJEn3Ir\\J%a\"o*|/ae6,&rNiK:RRiY:T>+CNxMNt%%	rd>T;{FG\nw7%gk\Z@Y-gq|v|tij^Ku<KC3ylm9^_mDdZVfBTG\Zgo--bS<s{%Iqo`8]N]9 \ZF}]G:+Iwu{)$y>H7F	/_Vc\nUS	hP);{H&-a*9F1\nrUJIRT/uCo~HJ8!xcEs\"FI$r/|cPyB[>KWVi5fc\nZ82o|FHDH5L_+B4y7* \\Vn5+94&n]nn;MHRosr&&P%KuiF:u*Tri)=a>Xr.5j#Ro^eeehB$\\|S{quR	5C.dYmeY#x\"(MZ--7iq$39\"D$,.wY\0XK,chY|DJZ4El|<DY?!8Z.wNYBC:ixNJdWKNteFsj&U\n$JggU<<IF$F3j7GAn+N{M	f$I%^9$gy#RV7f%F%G\0QQ\r\ZxP D6VS!,J_Qvmsvo`muo-9#1WK;t\0mekOo5K\"[c#QkE]Kp&e8\"H:uf\Z8X3m5V-[%J4oI}Kryn\0H&S:JhBE5t{V\rPw{<qNy%OYf,$xL|4L\\i0J9^R|\Z4TR+pRvV\'a.zcWxTrpm4Nm$[[5R:koe-,WW;baG$\r\n\"?oeD6HEIK[5p^8%6k-K3E}--;AnaD.cI\ZInaFTAu+k6L>imkT+$O{1Y1Lyou2aR9)Fu1\n,CIF.q:UR%	^n|VO_:thYqVtJ~T%1wZ^a`{)R)\ntwlxcSfRgTysHyooc2Ik/<w>>q1y3\'\rv[Z6ejie5q\r$g{I4Hjkio~rMRd8H\n[@Wi!#c&b#*u\n1R88FTs8MS=p39\n9ZJ0HU.T%)9\\`Vvbc6SnC7LIFll*|4uD<DqqQmO\07	{jpCe,]<6Km~V[t3G!2<k{Ms\\sm$#I\"\ZoLNak,M,eKq\"F$Pk>uTpT(YbQTjV:XUMTZs~petWCMIiU*>W+%V]7\'\n=#Jgkie=bBk$\"5ZbjGtmMKEH#8UMk4ve{(j-FzAs,%aA-#4JM<eu\0Gi1^J~1-E9&&]#xSzM\01XL\rj0u=Juk)SRoc\nUTXz/g\Zhx_[pYV\Z^wpq,L_r[9dz\ZD>D4KH.;bg\Z}IusH[[|j`.Z8k\\E<Iqftm[vT\nfOR#kOe,,ZZW\nY^YY 76moylqde,}4>_bpO8SMB*0(JM*:~[a7Vuzu*mXV%-.(s(Yx${=H.YBGvKL7@-[;K\Zk!!d0[;^;(dXQYdMqw$\Zu5$%[{GX\0)(&o.n-ZnPQ0}$FFBmxV`Mjc0Hz1:TOe(F)Jk{_k\'jjj:QN>)s3]Zng5mYCpC6\n,0[/J\'b^K4/m&k{{6P-;u+C<]$R#9Z5nVQCqotsa-&A*Av]1en9`H5O7OkcI@#\r$Z?	t1>x)*Vy60qgJ4J|K8/vMz(SBjtBO	ISr\nR8{q^7\'DMT.y$am&!gYxioaH-D1$^}|-<\"3sV7W:{{k{{A#DJWmdQ\rJi\ZOn-;_<\"wah!4)\"#GX\\Ni0\\p4WW$4MqAc0W\\{xRQPUQZI.o:XO	W{Gx_>I9[1iICR3n\Z:=k?6n\Z}wrun@\"ws}]O}jm7Ao#i;f+)G yiL:vBa=tJtX\"mMowpu{y#$Nmu<fCvV	vO$r4ouL/)J8.MZ85N5#VHu*6yC\r%+rB*5M*ROb98O{Yix/,sXE)7?hQG$L~[X(58%,du#uJ4Jy)V{wci/eT9lm6Y+cg$mZG qs%RIk+\ZR:,:\n[Km;G)i&KG1$XrJXz*qq\Ze9q|<UJR?eQ(Zc:/jtUGR0V$a&_}qXhs,W7DvIZ(Z$kyV?.8xL4F(R;]1\0R\ryWxt-#4n(CKnMjh\rD$S\ZI\Z\\c4qX@YS\'5;E}]KE\"1vde\'f\n*dNt}~NH8zPTOTfYbst1iPXUU9O2:u\'G+Ja\ZmI8.,Hc21KGS[	+}.\rscc>{:3\\3\\E,n$J;u)#Ffm2t)<$NZkhbh=;utM2\rMg}Jix!r\0H<eGVs\n5*t*<Yb0JZ4}TZHq8/cg[B4fgQNc)59KSW[yEc[yzC\rIlw2Ly%&113:>ch 	1GsO*AYCWt5]4$[GubF+UM}mRZ nhys3QR\nDb 8px*JCNxj28U*rp:PpQ7kync^/T^tRJTvJG)5+X\r$}\r\r9ZxohvUC9r8iY$jtl\'\r9#>:\"t+4WbMsm^I<IgyBDfDHf}k!SI.#1x!,1PHM e\\Z0ZE<^fwBUFJ4%\n\n8jhFy}+N)\'\ZjN7;rTf?dy&h4:0vWImRFKk([r-~<=gx5aY	nimfak_K)~c{ojAo)h?`$,K[\'TWkL\ZZ5UO>c\ZI_.\'2e\\QI=`KP(w{o(omI4#[oIl\"HeRQITsr*r+$z\nntV\ZZqT$-$8ykM0[Gs{=K,weY&@!hA$z:,w;_K	K]CP@ wi6h66{[JSo(KFW\nM\"y3<[T\"Jl7\rhnLvoa,rf\ZT\n_/dA-mUVF1j\n9T%wQU\nSvX)Jq9U\\Pr8.[WRY4g5de;Dr-DNQeI$h%b]kYbh$bsOpb+6:KODh..]=ZKI,Z!giD(K<\nK&\r[hXZCopjr-%N\0<%<ul)\rSJ&SrNJ3jN5=+F(s%9EE:P	r3:Qmzh8}\'JiQ$k}wu:7-4n)<k54g{qH fH#@\0`qEk)/=$S_,R_TZ^_]N=[Ul\0]HKe$.\rVW\\;}Bxmu/Ymmjv--x\'mG[\ntNd\'*	Yr/%{\Z[r2J-9$:.%Hb(.\nyA<2\'q|iX.n[=6GWXY`=&G\0}<=HUCAMl/:S:+ti~ZNn3U*a\ZJg\Zt\'*\"J\Z^3iF2|9E?q1VgpKx5yY.m:VlR]\'Tqz=+@mxIg29$hQKu,k;<T2\nkRm.5^^u6H	[t$QE6\ZuoE-@^E|\0gIxw\r0\Z, ?\\MXQW1iVF)N7BqQsr93pZ4dJCNrU.IFn.Pn\\1|E#[(d]JlX#4;VFqyRpoIm~g$d<:Wot}\'1\\<#8!(pd%J&% zXjfarM$2\Zs#K;3K7s(\\7#p*xiX-Y^ybr\rbezae+#1*WI1I%dxBc~ Hum.#:O1BhVE}6ZV_A{y[_{RCm	LCmZ,+$38jFKPwBsd67\rl-R(-.g.deMR[g1Eimn\rHE|&7Z!hYx-mJuq)}f,&\" Fs*W9+sX,jHUy>iJ*xGCH5$}|4dJt<{2\n=-d[).B[96	jZ=[[K>-.Yx	.\'JZ#\'H{]R\rHjotlmKi400yo:7A\Z*[\"ogkunp`^w.&&v!,.\n0F*W[\'B	*U(S(SiZNVh\rb(*yjG\rQh9)V|\\=qj4{Ifuov7<7sT{K6,tiOJU&)5KX*\'yNOy>%ksvX!mr$*5F-myhmw NHSG-[E5Y^Zi&$#A%\nmth\n2tYFT0^q+njb$\\u_k)Zb(U5FU%:\r/F.MV[iuK/#kcXHH0-+[XU^;#\r%,=f$7xmL\'-5;$kYdeJu+K;g,]lxTse\ZG+*Lcu{	w[XRX25aKd&Y$}3*:xi1GR7/;.zJpTnCT*M[;)+TVy6u]vR[E{ iZd&Lg\']tkpZ\r=WpDoXJ	$I.L\"\rB{${M.=T H@Go\",v_`=\\=Mht)CnHQa-//a0<*T\ZIhu!iiVXfS)%j1$FXU4T99=QI4)e2MVg3	k6QfasX4XpC3}Kkxm}MeZilf\ZVM,so)mi$H;`O$*bu[A\"n.ko5n5k[P)Vx.#x;[(\'7&Bl=.\ZIchU$SQ&j(zrPMoJ+>\\#WMh8\'\';U}3N]N0Chl`Kkwhd,9YJiWV+hZ\\-JU#H$FYLv64iqw4$Y.Z58$`e1g28/uf=3fXKek{Wb\\RYB\"V`Y*Y}<cciN8e(R2qOt\"$iYp<Q)ruc?Ik)^iou(,\'JFY/pna1G,=HfaOx,=(K(|\Zwi$Z%qI7Y5<Me\0DCr<ex ?h4+C(n3Xei>[]i&	mVw[=Oid|9Tq9\"<9MWJta)B4/RrTsju9SS9eo4:479.ibS2/C}4>VY,I}H\\7!\'KKN1/Yxz#h-xc\Z	[VI_ay$EBp~/murEqorSK4Z4YB\\JX\"+.{9-/m{ab\";YO)Ln\ZiVR%.ef2(\n1*uatUb+BQW&+??2tJS:HUVf]NPEiM`(uxlL63X	\0v7da+u+6t*imLc&fvHxT,a*]	\"ynU\"|$xT2\0#S>AAamu$&m6P>\n]Uq{$KM-miJ:t3	TQ9>XIe**t0Tb%)ShF-Wej:\"x[,KQ*!$9$9LC\'wRXo4dX$ekkNGn\r\ZqIuid/j6+W#KHckH\'.#P6\",%vb\0O[^[(;4$Mh|PyVd7j\"\\%\nJjSwVpjqJU)%OaX,:,=4N\\SRNTvVpo.dW7sHJ,D^I`\0`HoY\Z}iq74	F$,&IdKL>wQnbi.+\\l!^)LD	d>E.61U%;f|\\<bI&	\n%AQ2Ml.6W^ZIF*8NjB,\ZTy4n\Z+hI\'R4<mQnN\\sM$tNx<y^Z=J]%q2St?wZh\Zu<M=Fy4:e\"ki^{{S#+YK.Ad\"Zgg`\n>!I\"u%=>X{y1BHd/*Ivo*D9#,\'R8&J)R<T%*.#^){NFg&:<~&4\'q69h]]6^tnO[\\H6J6_<$\"#K:gbh\"[{&Jg226u{K_/{wb\rRR$?,Di0TX1_^[]sA/u>uKy3.h _-^[aW2t\ZUBhF:JrqPJIvey$yTxB\\oT7:4ZU%.77\rFj6H@kwxmd&%e-BF-X\0mY\rL]WU,\';xn\"_u%Vv0p3\'u,wXe{.KWMBi$Zgf*f}5Q%o\rsj\\Y^G<p0$O6|3&*rN\r1uKF>Z\Z\"*F!)Qs{NxS(8\nIN4(U(mRsjlk=Ml/uiac\"ZIj]ItV0Ko]I%{yFt,<d`eRl2(n7F/c5n7_0*KinR_K[oM^ei-/\Z:i\'V,ZG7$[zHw:|]<71ih<$h\naGR^aqZmmuqyososq,byM5Kvusn>MO@4!s T{|O4IOB*-V\nT^PF:\\_M\0~ve9L,UVWIm{MWiygB@Qm{IVgv\'tEsVqj:]iQbIFn-PF-mp=[[ZPIM$$RyoQl\\q<Ak~.l&dm )e$\r#v%*Vc}>:F89F0Y_~t&zhYXS[\ZZr|ukO<Q:V+E$[KTO	\ZydoY%4XyX$\nj_^]Cqme!4\0JkI$=AY^ix-4\"Dm$F}HS!\'tu#5Qj\\i6d1b6gP@/o$BP<6/X\ZuE*%AJpu\'yRiMr;jN9F4(D-2<A:u%|\"{]>EJ]-R(,\ZI4}MjvZ|d:^tC$<\Z\\<[\"d#wF-u=\'VP;moj\ZP&],c6l,FMKYV&(d2#@X@1:\\+VS8{RR5%ZT+TpN6%RIzyeSJ:t\n\\bGtci9YIIMkZ_E{y,I]SG,t$0!3<Gc\rbuZn\0f(WX&h<ON6z\\_KX-]1,F$BcN~:5i.uq\"WvfUiY\ZEJ\r+F%|.gG	V**:2Njh<D/)FZbiTVF+aTwbe+]6I\'wopfGoa\ry:II%\nGh{]\'R=o#$o%HnJnvB 5EUgb[v^0ycwt$u7{%r\0)opRq.km29\n>YgK<j%WfI3Q\0>g\rIb!W*N\'*5y$\nn2\"<>S_\'9?Tm6Q\nr})[K][ymKiou^%~NBxmIyxv_q3%Z\"(9$ueM{Q[1H.2,230,e(!_C-m/ua-%jduc$>\\;Exd	DW|gx$p5a#7_\rUS^\"kTu\\c5Z7hYg\\*zz*~U\nNwg7xYv|\0	myx-m#\"1aC0Kc-fzMu+6)KUmkItFdx\'d{(#)!M{iMbO*D#o{4n\"\'n\nysXej7k{9{%kI;e,9x]l>.xIu\ncRUc*ptT\nV8B\'F84Nj<%R%)e)9^-%\'y=?khM4=2tQrd;f?<Nu\0E[wA3+Iyn.lmK<^JG]\'xdgirDVBh;E;}se;w5ojK+V\"H&e5\"+\\|frjs,l6F\'VZSx;*S:N4|X14}X{JJ#28Q|:\0MkYVwp6EL$O)!/s{n-9?!XeXfl\\Kiyo-laUz%V+v\'K{|[C,R^#_9=4IooA,QB	U,E^&!w[+/#><4\Za()R+)T5%)NJ_^ZTkub^#(*vVi9k5ff5&wwx-cK(--$\nLG$/RN&D72CoqDfxF^GRBs5x-YM\r1NKh<1S)^LE;3&7+i!g\\k{[U Q-B?Fd#@h @Q6\nSCh\ni8JJ\"N2%ln!OUgAN5NrNSs8Qq,I9X\\^4/3\\khJ&igF,q|8n!m-\npr6i@qim)>Zw$y^D9$Wz#2E<~<V&{@-]tfDQ+:69o[*i1QRXzHuRQ79EEJ	rNqQ*Ri%iUN(Fj\\uGA5+nO&;~[xd$U\rjzS#ifc>l]|\nfn/)[\\z]443$d-2.4	CX/[X72^^5,Pyp!R$Bc6\rt0\n*ZJ\n*qTiF7w]XT%\n5/	B\\tS8rI]Yi	4PZ44S\Z9(	/19dI=0ZSd\ZiG3mo,k\ZJ#J]\0+\0GXxYS	cqa-P{,YOsp!C$TWS>&HC\rRm	&9#	p\"h+O:VF,/gk0F4TajUN6xEs>^7t18\nXjB5IQZu!rB./~%YaSCd{f(ma$kED8l[\\JIxbdI#]xWr9P+_(kv3I*Z8?>h\ZfJ<\"$K&~(BH;|!X!OG\"VWT#QZ.pjJ*QKYJN<-|\rN*Mb\\8FQnOKFN+Gs_\Z[I^%$k2u4<I-;Z7.C$wcA6h\"V\'-_&276\\WBoSC2r@q+1^[RC:{Q\Z\\-+f\"K&&VNJu-5V5j1rY{KU^i3\nrT8|Tsi\rsYy?hlu++H#czK4k)g&4c:Johz}N-Pn.FKCdZ(&y~W|h2[WYMyAxg\"fh2qrvZkk{}yeqoPUv\n\0(ors2E<;UsdEE.J|R}76Spj}HS(bk/k\ZJ5eNZ-/h%$Y\Z1$GL7q[$3\\l\Za5i\rh[\0~T~e?Vg\\DGk2I<1KF-b-EtUV\'xnq$(<-vx#eyE_.\r8n:U0!Z4O	*?U|9<E9{H%Ai]{Ez<X<=|]wFUiU{8z+=o|\Z+0GLI\r/)m*5AFHZfc4Qr\"!UrXEDp3{=zBjm\r\0;zObo-I$~E<K\\-i\Z AR@ MKGk;5s6i{{a*YCc&z$?km[[I;E4jFA!Q	 @3J$S%-BbPE#C\n8VFP\nB<KP\\bZjOafT*9I\\\n>U)89\'KQer0swY<NPVV:.ETe\\PwA,Wiai#k8#fHG	&agM4	WF$`i]]I/V1KYs8A~KQ]9\\\\d-5$\\\\1YC)6/jFqZP|i\Z5-:/M%4w3BYDz\rl514KX.>m70\\V4uZx+/]] TI\n\0%bx%Y1!m2JNp<iYbct-fdc<DYpB,qMUXVON%BKaWV\Zsr%A\'*x\Z\nPG5*i:H*>X%IJm7dYkG>\Zn\"Ew<8%c`%c\ZBmBGRu+{`Y/\r	i&tI!H$A\\Ii{[6[vKyin$i\r`\')Q]ykR_\Z-=v6}mLWo*s\nq&>~+\rNroVQZp1pSVjn(rh+Vj*17NnXyXPQ(-JVnO-E2$y	nCimqK$G\nG\Z*2?76P[{jI-K	&s,NQ\",%W5+MM[+G++`Ts\rr&$y&W3}ug(\"hH]$	yDD*Fn0\0\nYbg^a)GK	FnRW*^MIE]Y\'	>>\r8UXR>iU|QSQoS>	xv*4E@oU3[\\H8UY.%e,kHN7;[]>g_ncE\ZIcHX<%	GODjPGo$`ltb-2-dKh\\cqr}G+ogi2q -4)\ZE	,,/5Ju:rJK:>zE-m{).+t:SNI;Q7eR>k5_=]DA\'61%3gZM#-LcAqn^&hQ-dwXa8\0RuhnFo73Y GnuS\'fv	htA6bv[\r\\>[U#7e]([*tZ9RtKauaUU#:U[VyJJSQ}>[DdUHu+,\Z;Wm)aB\ZHsI4GP734ZFf]q&[kT`c+]F{T*17\nMa	F-(-F}nhRMoI{7pF\";C%HifQ:yn!4rFnV+{9FH9b6swYbR08bg\ZJ*JMI[^7M-s|;Z-c`#GiV-|E>\Zw5X?z	|$@	aX%j:4\'\'=P{ure,hUlz[k:ng~E+_,RC,%{%2! x$W*\Z_F?sS7\nju*:pt:U%9{5	8W\r*);)9Nqkxev\\]?F[eer.#1o0B*+I1\ZB^D]#l55Mj[(-gZ8KgZIq(Ybm<m]k\ZOo&5!#dxk $<Rr>mj}vp$pC<\"h%cVi%U1)L.-~yjukrr|7(v6\\4(}c>GNiTV9BPJVK+y4ZzBP5[K\"m\r07%r[m4(k\r%95I\r\ZPv&1*C5F{czc\rJ,=nE\Z-Y<_sVQ6[bg7Y$(WhB+|1XQQ\"4\'NSJSNM(tfQl\Zu6\"2mJqrmUs%~nJ7JJj6j[sbukx-(-%dsE)#,Qn6jFb5YWM6XT<M\0fo_K~VvCZT\n\Z\n.4\\ZZ_,s\ryj<eQ,f	pi<x<6;L}J:8._cN>Zk[yUN,8a*4cz)MGF|wZ&<AjoSihH.o<$o\\I\0VBC_tM6xdUU2%fi1G=6[`hbq(QVaG`Zl^*#2@nDMM+eGa(io<%WU11+F)d%\nT%hjiy*u[xxIaNQU9(d.${cnP|yiFjd8RKC\Zfts[xHt%2Kby6e\0MYEZii6\'yn#w|<Q\0lekQ:eA%2N\rO)`D(G-JPO\r\nPLE9MU574g\ZjKj^Q%u8U/K\'DVpIi;cib.\"2I#luiY\r/Fy4{lMwf2yVCo)0x%ne*{{X.%M))g\r52%iHX\\([>pHDz8qeVUtTe[U{j4?SeWeF5ejTqv/.i^%mRmLideY,Bm$#M	$)N\\j:t7CH6\'HWU7ZF#B6@sB?k:tcc<jZE<%\ru\ZmDP%TObnG V3o$6E\"c$ML)WNXe\'z:1PZJ4\Z4c$VJ\\Pn<Ix)ISsFT^&J0nWmcn\rMWUC,F4xI-(YAU\"zvFLw]K$v\nBA;qD-*lmIk-fwOE2&\"y%E_\"5HUZ1Y:C=o<11n1;JYmncj\\q	S+zU,V1ZQN\rWe0nb#^\Zt*9(5{r^EbA.-+\ZYF	W2D]mmpivkymjHbxwI<+x)^?jm6O{[{Q[Kv`m!2LQfs}2U-V+F^F_%cq*20|&\\4HER8MTsJ^;RTO.\ZgNcNcF%%e(YM\ZN<xj/H]<NxsErO~n8!.H#\'$\rB%Wo{\0&^_t>--tmH>U6IvhTA#Dckle\\I#yLI4[}.% }hyB:eC#Rlt@^j,KK=:C$wA,	q!SGKgo#\Z	l]^ieY\',;p$i1@^bwN\ZPaNTKsJ^~XBJ1qrC0jq^5a3I:qVbCyys-&SmdkkXG8mn\rsn.2ZZ5(bX(hdk0Y|pX\ZE+w\rjfGHbxI. rp0p^xk-rbKUAi&kXIJsVQRu,*U|edMB	uk,2c))Rhu=aJwwrIOt>m\'Y+kkzMe%,\"cN\Z57V|~n4.d2bHWfmq2D\Z5YSJX#}A2KKb#I\"1Evp[G]&vfkCVIX,`rrPD#Xhb}zt%\Z0K^\nxs*4V.REF;khJj;*s:pu*cNQ<c~Uwv7\"y\"66w`C\'7t@ahxe#k4}3P_iD#8X#[FA*B!, NL^Y!n/6+C;IwNixD(f5h%TtdMoq%*Ki$-i6o>Y1T8!V*8z,<k_R49GKZJ.;	UL&+4P^Z}pGRiZ)qu5Ho.t73,jeXC5adi+HKyZX$YcuUE|DAv4:]mQr5^F41`C3IL0KR}b;6+-\"iL%f1kop/\n\rR6QBuF4*=)8|TRVL*TsNVb\'ZqT]EQs)n3JQmksI%H)9%Rm-RCBA}jJ.21^xmh!%1\nX25K<r_jkRC.mEHa\ny@qsxr}\Z=R=<S[<Q[i$7TDsy#J<H)\nYa7(GB2U#$~URJ2o\\d:)41Sjq|m[0[-f{3X+2ZZ4xlnQ%]vpL.e0NJf(,*2M+L?A]iy0G5q([WXk1#3RcjCmk<^H/\Z).1DncJx<&\\Q*8H*N6R\\+Wi*4o;i]|:+9Wr|	:ORvR\\Z^<owJE,\ZmHq+fO3{GtX[[,Mw=yeX`X\\4j\0\'=?X^K=DagOOmR(ASuMi{KFA)%\"%Y{IeH8 \rT<:Qap\\DJ^J~V+Jn0\\$^o\ZESju)N)85*P~-eT$I+l{1Mk#Vk{t1v%\0*^%]YnL7\ri\\o\\B\Z,R\ZK3:\0kg6d5[Yc6oEMp1:MK#L%#E/b\rFKfKiQSI\"f*O,1)@K?GV)t 8F9FRPIJPtrQUS:xY+SRSe\njQS:sVtRg1cw- bP!cxV\ZKM[]\n]<F6o\n:D8[u},R\\%3X hc<]dI45K(5soP\r&Y\"EHZ(A,qA$\0hG2j3\n,$x	WPNISTcaBeFqpi9/2Qv5Rnt4>dSK~ctl-kxL^&4yNTAu=$sHJEyA2;\\G;jZ\\d5wmo%tS$.1wFd>Jn_(h6o*Y\Z%%UE\'VmRF\ZEVhyYNP!)I*VZscF]`B\Z%\"\\4&4ojvB$/\"25\"C+X:.,z,q\\cNdX\r26$_dU3E5MFAE\'\0TX$\r:r<0@a`o.M+-Hu8\nj7jk5r^Gh%&Ca|[6KW0++`cb15OBMOXn4E9JTRRa~,%`eSmkYQ9%r:OWZ$G 1+R	\\j\'SkVermxmmRIB!%\\^\"eZs>ep*)kO,12tq&ldf\"C0UR*91S#K7\ZkT9tjnhoF\"Im:[*8*\nqe}vvi~Gnf,(7U1E+D\"Uc1\ZL>(mT[{{Uo}o*Z}r#fI$HUALdk{yZX(JH)m;$wk:_-ntNqm.`G\"5HU,[I\ng8ggK\rZ\rU(VJr\'\ZrS\ngTqJX&\nT\nPqj\\[xov|-z}BmO\"[aL3K%G\"9xTY$Or/Z+o[y,\\tX+DIW}365(G$E,,N+%0y$[[o*U\ZSx2:bKPuW,*Mv<flG\nyH*\"*\\Di^U$JQj4I7ffkT_G;s:\\\nj\\*	J>mZ,9Wd\"]iPF8K^9VivJ9(.X#\'NOwGM\"<RnQ\"\n(Y9\05[XHW\rap2+=n.7@yr[r2l0_:4eN\n0NpHFSjn?J0\ZNH09eVn+-OjZa\rk {y`o0#i !^voJ-RN|19_Zz|VHUZ;*Y}\'US,\n=\nO&K?J,`X)wja\rKow[|$4.v>8eX:*XT0TjK\rZV?BTM\\3Tn52=	8>*x%bhXN^NV~qp9E=d,]S/#u+=t6Vhl-tm>YZ%c6obLk]^ZHk\"Fa8>&L>ma|#kB\'ayw5A,*C8wGE*+	^KoIxbd\ZbdnnXsUSK	Z<:)b\',%/o9J0I)7R9AE4},%l\\iRJk0N%KY4I|MI&Q,m7$\0B%2rvJW)[GRi8<E|7\0V}G\0s7z]?.m~EvMOzfioI6$roonKJ.- 	$ f\\H1<?U,OS9!35O!y1$&f)&4lo`5S=VA:+$sK]Y:/kM}okXyb)]Dbe1]Nw2KZq~[Jia+baVUhq=T+e{F40*VE*RJ:rQII~2Imi|t95X61-ctpK%yBynfNoYhF;\"6-sBR:Zxbt\'I1Eyirb^3^HgB}Jm\Z]MAYLVOm77/4,1=o))bkaJ:TqrVh)RJ2)}Jkdf3w<;pS8SyTn:E{Wi-_zwZ-k/-67!q+	9@3U\Zz[o\"l^^MFKSXmK(%	q#r]2=Q.-	Ze6<eg)KU0C]_ZjMu+X/M{aGrxli9He3`5;KZH)(MUTF6^;1x*h\0[\'\nT*:[i%~h\r6{Gp[y%D%~uo6 ieoO\n]xKo4Ng/y?2{]$\0Yk\Z 97s?y:*JCUR.5MNC\n&&d$Vkqu(.-]UV]d tfYQa1E,Ez^ZQV\\,*{oe5UFt)VK^eRGS8axRiAY{vi)(X&ES[y-(;K$	526m:y^i0ZtmevhVLBPmxd~\"]-b30Oi4CbK#3ezST/1,?fK!wP[i`GXZ,)\n.+Vy,:2Bg\nt!R0rJr\\i>c1kb*R\ZtVKNuQSpK$\0.|7PWWl{uP!# y^(1Novwjr%$V,I$\ryI#eNmm]J$q}4lFev&<Yw{Zgi8\0m:VnI[J^}-\\E\\^54%FLU)Tb:EJ.I+xhCx1JiS!U$\"rPi(Q\ZLzvdm{\rbG5G?;3%xm-j\ZZ\"C-c	\"n.\Z[qsGxn[]YKl]N/%kkKXrK\"]E-kii\Z7Bbwy9Qd($^<-<l\\WJ4N:\r)_tW\'$=vI\'EFqrrm+U6yX/mg}]$=`HZOB<.$17gTPRZta1){ao4I$9x[>KcK:rhE.,C-Js	+2L|@*>sM`Su_<!mFC<~E,39Y>hf49G:rZ|Kg,MIBNmB%NN	NQ}y5\nkJ*i\0ATj$9)F*97Z\'+#]\Z=&fOw{47\\CIu-\ZI4{\r[Y41^\Z-^Hnb7W%33$R#5z\Z$k8di.%rY*%Ziqqks/>[oOwJvS-d83LK\0Hq>/\Zy.\ZTZOoBuI*tV\nt\ZvWbiN$a<E%\n\\zxU:\\i=#Am}+mOT1Kw{.=G-(\"3chbdI:)tk2eWHFyPB87\Z($x>MbIYi-ZK-I2X(K2*\ZiEgV)UtI[\'Mo%ri;d7pFckw<e+a`,m%8NJYQJ2O$`#lVG]Ha+4ESTdrPPb[N*qrP.in+E-(]I$m,.1/@	Sz,-4Kuykm%%eJ2P<w(wfUI&F}cXdyM\r#]]H;)&V\nm67_hu=2{[{p77E<Vn-^F[hy\0T%\ry[C<b+t>1\0f,^\"\ZR(iRbI*M8>hI}vh[+6^4A<<Q8rJE sR[YX4]<fd{O!sJ&[hL!BHi+_\rcwp[<Wi#o\Z\"p#af2QoE-ZIwM|_*hn;vnb6<Dj|jFJS)JPquKsUJU9oz.jY1PXxU-Y2RqJbiQk\r.+qIncycI?u4zHe%XZhfmkqwr-V{xQI|Me\"xph\Zz5}Y[=C4\\\\yl7:\Z-Y6l--[rIo#Jd3D:i`+:xs\Z\nf7tTR9Es/NpW#*q:9^\"`jvZ;_:~ jlPe!M~<pxwY=5V+hxG4eQyfH]1k%o:MI-YJLom\" N%#+1]iJ-DIGQ]<I\"\r^\Z9$102#Q\ZKJ\"TEn\ZHMuG> )BN*Uq_	8&Q\\}l@}N{S,\0d[Yro,p&Gy?HaG)Q%OI34C\"Gr`<9^hH`\rum4H~D9BEH\"|5|;ju}~r!3o-$.d8uH9E|N\ZX99VjABJ\\=:uIYr\nmZE:xjRJ17\'g8\'IBWrvgj=^|;q7.^x[1]}DcR#t:%lsrXj%Jd~Tk#oO4B\':d3#e(#yF?e_{&/LK\"65\n<erd?!	60)b+9F=*sPF5*\\)NM>g9r8<>1ua)Qjv5jN\0^LKk\"[bXo%in`H44DH]-H\0U|vYIu3gaHbkE!]#xfYv;0RXamV[.=<%Cnd=i^$.Q,aDT1eN-S^Jn.EImq*a6H\0\rV:58(US]J1J*to>IRJmr8)*0IJO9:j7iI$sW]#jXs,v pc)3SwJIy2$uY{bvI~$YW&=GMnul-Ey0Fl.!2\r5\rRm*u3gzZLf+,4]]HZY,Ee\\IcZOCb}h.ibWXTIy:U$,i.)4PORXs%7:vJ\n)TnOg[[$:Hby\"8vEgNr2qEmU_/-u\"6lU09U\\m\n]X_GhNglbsCUuo^#Ok^u\\6{MN74-\rY-/]6@cg.H;^}vmH,r#$_}\0?k=Q_\\xoB!gok3U;k6EI.tqw<h~Z78qnWx>HK_EhzjQL%/CRL1R)00x\ZjPnj<DiT)QUrf,XH\Z\0YR5O>jU\Zb8F1gZC,\"EKaY.R47\nQ%\rw+]N}Ji1]hYIkmwe#ZZ7alnM5P$2;Zd}K\\Gx\ZhxF@5K5{{IleO>^m[@-4\rkM*j\nsg$mIlF_\"{,O-)E|:({6t\'o{\'jK\rV8.KJ*mZg)e\'nhY=~wP5CozuGGow4Qo\'e/Sj\Z-vp[_Y\\4=Dm!MRMy8{Enw/M>~x\06PksK`^ugzvpm]L}H/xOS|7}{M@v\ZR94[.`Mvi:WfK{y`F\Z34RPp<T%Vp>i)BUQJ\re0X)>MQpq9S=muOO4mcCiZ&!k1TmdUSZbk`,n-+<K\n8~^!oijzfj66v3\Zuj{yKxKNJo/ZVvSj7zsn\"d:\\)X\\muw$$FUigi\\Bsb9h_\"-Nyj];~I\'XhUaJ\nsI%Ilj|,.Jy-,\nL<sAu\"h.eDE]_,LrwxQ0}=vy,m|!x/q[:@@Ky\\N:Nf^wM}C5X>T.>yr\nJUXV,rI$/x]Gs`$0^OHMy*l?Gip%>.?q_m\Zt(Nm<M;8xW[aN^Q)^i(Fcc0xb*cC.ND{U	TMJK~rrGWsZrJhm,yYI|\rfx /W{\0-NR$&=apnWOim/\0-?Ub?kqsk{w77ZXKD-[+W[H\'t	5_K?g,\rF[. D5:&=`lPG0E|:Pd<F`0qL,RZta\n\ne:EYF![Q~L<6a\n8AW:4B1o	/-*k;Z[5Our-s\rd7f0m#B\"7;gJw&&I#?%%3d,RK4S?	/|^l|sO=53Nmk{m,jV<M\\[+g\0`!zG\"xV\0W4\\O4J6k@+}itE\\U)1qz/%VqREJ2cgRR\\Rj)fSgWx<UybcIEUJ$gJ*HF)6k]]V\ZKu\r&<]&hHe\0xWt4>5gvbW-lEqk#![he`2Y\0O?Yf\0BAw^+=Bp:~oqj^\"$\r>bl-nmMCc@^=2BA<W]NW[<r-\'LUk9|.N(xURO\'E<$*qRTs5${\nc)e?R[^rN(HI_#&~ {MZHKaFUI&\'[ku[+	iD*$w1KtAn~&D@:Oa4\\=#X*|W=\0=__,ETKtzHkR>(-;Mlm?L%\0/=ZN_a_Y,[Q\':fj6ZrZ?\rh{jvP74t+2\'G8BVTe\Z*Kr(IHXY,\'*{[TS8)\\qOjt6(l,\rP@fm7Uj\'?hI+@+[lKm7S_[m\nO\"yo9Yecq?\0=5\rFPAq.[Bg}PD\Zs[x,% XEgc~:_~\ZLtzTv:u/?\rt2;k.fM^\rB\rHh\0m\n@xb2){SmNF4S%\ntrJ1Vm	*\nTUJsVrIss7yj>HmQA}eZI-GY-.lAo\r1,,SE@&D2\0~\\7|uM#UIuK$-pO5[[,ck3{Cp4kQZ#[8!.Ih-LRI$~H2,%wVXeYab\\%e+K5u\nR8$rq~fYNcU&J|VcIU#t!{?&oynvHJufrXye*I\Z{k?t#o!m<bh%Enl,\rieQ&K;-^[i5bH\"Z1l94P22iKmW0JL}V[t!)!\"~o&G\"Jqug^)T,(J?IRcpt<0S5:u#)Tn7\'N2/4;+:kQfLy[42 F^ouIcy>d-WeK{bFj12DKh:`Z]~17S&ss<jI\n[<g,Zo6S[;K;=Xd8}Dw9X[xD\\Q9*ss?JHEOT\'\rc2I^.93JSe\nrqR6){Y8rM;NOGgo-glsy4V7($9/A!EAIxAYf\\H^G=q	xs#+9${kY}hNigHJ][/W!$4-BlnJ&8D]k\"MKfYV_(TTNNjT`NwiSO1Yste0Wf$9B1VWI-.o<Ke8{c%o:$Z|\0fXw-t;;m;E0As\Z]IlK},2M3;U]*7y^s/xKtk<JQ+3msjI_W.:44\rH_wy.-h2H!OYb\"h<}W^3hBurfh5g-/-PRJ\ZQF3Tg\'][dZ;.7fh.Ilxm,dWr+GsVn,\\M`#X.HIf0fL\"OV][p8a-m&h,Qm-NY6[iqZi_4	#[}[ .X7CTx<Va\npSpSt)FV*qTe(oV8x<,)Z*s8kJ\Z0W*0$\Z\"E\r<Zqg]<UQHUl*pP^S6o1YOa<yboOjy\"AX^Wo,5WQxn]cRA.PAm+K}&%wey(xofA%2C+V;h#H..|it?=jM\Z;\nTT,g=*lRmW2FFJ7S*Wq[Kh-tcCx.Ibsq[X5&XrE*\rM\Zu4Qnd@Fk<mLHG3j<kkVZ,U,_&[Yt# _\Zd:env\r$r\ru$3/VsIU0T|CJ<UJ	P)BW,m5d/0\'	My6UI\ZQ^	k$i`citeT%X$	hZ\r7WPcnEq4r#,,KIbNMR0q^-4X,M&}l\0&\Zck;z\'SV^\0(4Q\ZB=#ZA.I\rZi|_CxkX|sIxSEog.jZ@]^W^bte[iDcJms&x[[	?9?\r%;//Nh\".XIl\'u[/xyCm5O!!jZ5um\0S;>m$#\08K[ fWX.&Ju\"(R\ZJ9e|K}RXx}F!NQ%^^xWS}~s^k\Z{hg][<M>\0.[_Ew\0-[t-xoKv6iXh/]\'K4WhB?#4mYxI	wC.ouJ\"|?\Zo=._i\ZGUSx~wxPm+RO4UW[OkvI|M6qjOlq]yRg8\\6cN*R\'{V9UvQa<\"3JVJQRM[Td2S#a{_\nj 7m5sOM{\ZkMK\rNyq~Rz_6<gPx:~Riom5O\',4_M`UXJ5M{R~wgY_xZ?X|= hIuki763\\6{k}-\"u=f_\n<OZ	i)h<+pRD :2o U\Z59V=GOp)7zG/NI\'O$5>I),=YfWR8zS5KJqJQsV|C/>.?\r%Y\r\ny=G]KjE4{[Ky.z6l|wx>\0W4O%:m\\i&}R^mg\\\Z[|Au}\\jmK\Zn:,iz5Cuwq3tw?vvG.}^j>x-P--uW-mgBbiIB3C1Q)V&|*7\"\Zqu*ECrwc(.J_u~&^thSXiuXx1-7Nh4^E35_<;\r|IytYwJ\0rj4i:q5Iig}yaw>?YZ@vSwWoqw^e:k5zMs;X~|bO|; \Z:a{okM\n_IGonPFjX|e<Ej9.*YWZgda^QNt%G	S;t{/*X<q4S(9$NM7Vt<GZO0W{=[&KC3Awsk%-5O$S5MOBSj#cCf-Z,6:nu{NG7ZUw6zDV|7qm%|5aIt[SC;)&Pm*;u8h\'Ot{O;M{\Z_X?\Z&]xgG_SOj}oV{Eq=PxT!\ZQ#NJ$3?kR4\nr*xJQ\Zr\"|d%0r(.X+P\\>,EWH;8-l-}ms6i-OlTx#A*]~~_t_\Z7|O^.(]P+w6w,rjZR-\"k5K;E_\0\n^\r\0[Uyzx\r2Ox]N.lu|;h(:UXk1,z!}(a%5F\Zkev% l[{ycK;^8jfeJYxZjj\Z\'%:`#\\^\"+N.<82Ime=kW\ZlM6i /s9_&+\r_Oab]fVK\'\0d:-\0FH/DN,\0W\0V.mI}go$~5&8/u}N/O\\gqy_I463[#kq?ues#]}CZ%/eto,N:kWx{V6Z?bolY3mmjNQ\Zja%F_WU)E.IsNu9nW}1{xJ9A4)*zr8u++\'G/gkG|/OZ6!5]nUD:ZZYXX>[uSIC\\zvgmA`^e&Mug>x^QTX.7{}?-5RZm~?iu;[KnM/R6u%Ui?t/\rKKq$r\ZuIw=V/DZ]vxTkm!*U)*4F}y~b*r`,JviBT)JrkJudJq>e=RC%m_]nuMGF)uhc]_jK05{\rS^6bcGNxD\'5iR\'O7m?=b=rm7wiZtZxC!Cqn|Hti/^]mol4g[f\\YO[q[wZ7SKfmZk)t{o<A[ Zjz]KssCe/j9SYVn\'(Fk|Qr&iiZ,LrUaNPZVwmsC\0o|o<Wj}x|\0k[!,OAa%]Y}|Eu|8{mKhLoym1jO|-_J1@\'$vOLxQnM?L4K[P82gXhIKIe6:vhOC64]j=/^ahv6(-,-m,~cKZ\r>\r.F-eYOxFml#~teN&\Z)M{%(QgB8ye%g4O]MI-nOomKM[	u\nH5Fem54UK,bv]2]=Z	_xOUEv:}GH;a8AR\rnR5{Q\r$g_Z6?Yj\ZFu;o-5/y[I5\ZPnn%	d\0\Zf.^MUtjLG^XX/O-y=VQZOIVnUi?gi/\'R*-,\r\ZN55U%)n1M+E-_O?%7<+H\Z[};K}7F\rFY{55i\'/O{&Y,|]b=1]IaYf\\]<Mo*?OvO}xE~IkXjd~fH\0-boS[;31xTHPm#5,}F--;V)\'_[-Z=F10[^HT:R)O:bVg&;!Uu0\rO;YaJRW?\0\02>.|PO6>J-zn.impV}?~NMgMK<+yizDnKuoi7>![K5u[[/-\0^>Vh\Z=\'}KCoM*mBxVF$,tbkrWM\n\\A\rnwFt5;MSL`EqngF[HVmykkvmWa<U:8tpMN4U\nQ[JS\0apY~]C\ntJesNM9\'+;GD9+<w\rSC^Ak#S-VPMi~m:Jm8xWYGh^\rGBSY\0*[\0\rJL_H.m$g.[XY[iWhaeoXZ.RlVxI_ZhzR]&{,GizMF?>&\0,5o_|>Or^Xq[|<\ZB\"NVxjh|/uv}L:TXx^TrN4Jr]fx:<L}\"<rs j>]ZAk:-m7:.j\rO[4#F;kVu}23Knyd | kz/t\'NY4MJ]H}zmJP{jRhZ{H5KbO\0#x+Z]gih^!M-xO\nwR5x~zwo~|%[iXO>>J,nO\'F-t~k9<>\n&\nr<VTU	F,s5|vxcNU\'S*n\n\\\\=|, O@M\rm\ZyOt/KH\"mm 5-3G4\Z;A5_f^y_i:E~04%NdXxOym]4?COa>]i>-Qmt\0x,\0Xxz\0S5O|f.k>)\0RM4 5?GX>s\0j:?5%}#UQLui>iPcxK[V6\0\r*-Ou*Nu<BU1YNUUF($rJF1*qqT9aFi.SmJ+CWj7)xsZ|?xKm\'C{<aq~(5QvfMuEe#Gr\0dHSPk`^\\B*,g=\'O9-&_v|3Y/4?@2]hUkv\ZMggFW|i~H|}%|9.\0Van5\\RZ/ek}:Wpu\rv)% xkTEYXb3J|6\"5:JQ\ZEU)UUi3:	ROjJ1*MJNzTxSIj./\ZHo	xcfVP{9&yb\\$>Z^xBKk&	gqQAmVDLa+E~K5{:(\0Z0ijzio3x\0Ocs\0	k:\'OX{K\r6OXO;ojxx\095ix>@\"]3L\ri{soa/bml!O3J_\\SxM<\'ZMlmjj\ZmtR<3\rDt;<oeIj$K\Zg\rspCkQ+K}vD|jYVc8L<T\np)xhG,=%_N9F8aE+LcqXLN]NJJgE|<J/i6/_\'Q:|Au{ xsYO\r4GZkL\ZD[a64x|Kswx<OtmwR:u<a}b/tkNI0izxA}C?j^\rk>CO<Xo|_}`4}.R\r}!c<=+g4Oe_A}>s\r-GB|-xJvJRGy ^MR|1v=Lf#9B7YIMT58u~R9NrS<[aySRQTU:UyT}t_x+ZxZ%|Gj^?EWuK[}~pxm) ,iU2VzA[hzP{E[C{5mj$j?mcMmf%<TPStyu;?IZmnNv5/]KD<si{.dQ4#uY_hbKX [(}{FaV2_P)XSp!N0J*tMO\rZ:91Prg$RZVku}B95[kI4SZiw<w,wV\\FX[&b\'Oe&IFy4lfR+mt[D-M\Z+&\0\ZP(RxD\Zt6r\0iA,J2_n<\0<q9\0\nS[-#Rj49oE[kK:FoKK1F.2HSV\n*t(MT~S\Z1x]NH.hEUzN`/C0x\0\\}g^&R</[Il]\"MV}[H|Imkw3Z3}/zFG\ZTz?l5hvjk6\Zt-nwZo5QW,B3{iFJ\ZZ<PiV=^]jvp]G&?5}?W]4mu(<_csY\\ UtrLOMV/\Zx\rRK}c*NIRQ5	T=T\"X\\T?UT:%U J/M)$7@>-C|/|ux^!5/R79mmkZ-Bv-fBMN7x.-?ER<L5\0\r|IkxcINiW~OWcqoHx|_q-\"&#KD:$)m{,0h:!2eWm? ~MM{;i<<N6G_\nxVIOqj?\ZU1Gt8U1ijNKSgR5)NQafJI_4^g_^&Wt\05S0\\Nu_uGX|p?/K_&^F!4\'Sox><>l4\'@7,\ZK}Z\rjChSKMJu)%2i~+|HwjZ>#j%5-rALUixRKK6N>8IBo/(wx\\4=T5:%-7IJ]M{=gkiz{Y_#\r*\\j_W\nm*8Q+bZNc&_++sH}_xPdZ.{oo|TK4\"V{\"JcCpt-l.N5=Nbxkk_lol#&0osMh6MS\\^9MKR\\m.},t%	5mMiVscix|U6u5\ZeG}+kebUKNEUu.d+HUx)N4M{{OJ1\'^9S	8wvm6S:f2Y.dUkB]}{1QVEu,[R\';4_1Z{ao+cPf{\rNPN{(K{[f]<V}og%.-\ruKuR4B\0cGze/5pj`*b\"NtU>v)s[4f;xjK-C|KPh1xmBh4=4[_/mf\\hz~4\\\'vgoo>|i\Z|6xV)s-cOkq`ue,RH/\0itvi-HI[I);^\\I_\\jVvhCQeux]Kox;{y\n\nMOM6]*_lnJR[V{6u{~7/uZ`8TFI/5\'f:8:1J2rpM=OK}[[!qkgt=M<SWmY]]qw\ZVuJ.~,Ksu.i[].\rI&=;24=>].\r1&>q}\0Ox?u6uk>Z2QmVn~\'V},%i$Zv}vmltO![qqk^WW Z]*Up~qDiTZvW\\g39\'\ZNxt}\"EqwM.4B]3F{\0sR[^k)mi;6KVsfr[>,oWgJ6$YOO\nZIimk=4^kkEo<}4-@5\r6RekMm.o,tfwWc]B/ik%6zK[[i.>/\ZxJGe|=.o-vvqj.\nj7RInZ[!#5iRV<<jR*BeN1$Rw[WoyYY\'zxx-oIcVM\'R\rBxNFRAmiVll\0A7.g4}\nU5-.%\0LE\ZT7xkGX\r|/M_cs[;WSZ~5V&/tFS}~g`!]4(ttMKD-]v=}-2R>Ehn1?\r[^yFc:2*MJ\riZ;J0U8i6.]uX#k\0rh\ZUAi0_ksg@n07M+k\r#_jzuV}@skv243AocH\"K[N}8F&:ejoi:}eeZEqx	KWYQS:?{L%qCMmR1]hvWd~\Z;]?a(uhcI\"N[NK]RSeynZ[vkc_\ZU::SK^}n&\':cW6_ph?Ri|CuLlFg]\0g*Je-k[vI/\Z3kZ\0:GAgwjX?\rh>>i]k#\0JRU)V!O\nxUmkpT:sK|i6v)qKuBaV\n8LiMEFui *ssPb%F[pR+I]Y+;UFsxyk:Oqeh5q{{!\rvy/=_^I)nekT}1`nod2OiplmM\\Q\Z=w{~\'IcICuWWO=w[5J\Z5gK:\\[P_T54cMmXA<5GkYgjd,m%d:5^%u98Un5J\ri6[#Vy!+E]$\0-_\0tq.\'y:o	Mi7_sMB9.t}&.<Uo6#,-l/yq8tV-7H<Wx\\<9xIFSFk\r#IeG$|/kwqo\ZqBIQu>6M\ZSQY\ZFsh-nRO]j[_-mz}[_{k\n5)M\r>Hf6MbO*O\ZIF2?wTn.<\\\Z\ZZ{iHg^\r\ru5K.$#\\lOf>Ke	L\'?J=GIxsT%|7j<2wjztk\0\0fYnw?xUxNoK]To=\Z?U:,bo_YYE[asaAqmi:?ax=\'u\r{UKfv[z\r]\'MWTj8nirr(I(6[)*=IFQ\\p}e5wwzE[Mk\\19^G5yTj2$r{t!_B_>QEB^\\A7Va[\\N,yh	EfV#K/=-\0O~\0\"zwsy]z-WOqYn t;miZn\r>%xEU6>|+	;/Rza)Ci\nV%p=wki$z}wW_^\\K]v:4CaXlI\ZRHn-n^[b62P<9ZE1-y=\'5;[j6Zt\Zk:}jJl SN\ZJ)T\nP(Z-7u{H*UII6-<I]><}&_\rMm}d,-u/X4!VUa&;k4[[/x\Zog,Wv3]BU,_B}b-O\0.GVu\Z_hgxm5Y_w:SK^oeh7T6RuKk\\}<d./5+OxUt-._6a!{=#@E%@M.p0Y6	Tjt`N1$ZxlEJVN\ZqJkn<9\0bxgx[]n<i:hZY.;\rijkj\Z-pYXYj1jq:Zf.4NKh@M\':~hRt}#I/jhvhz^6&kL7&.x?9sO=A]M{ERz om;Okk[ZKBm+R0|K>T0Z4]:T!7RP7Zn1Yf*Y|99R	9K{x.^Y:&cira\ZaQ^Q|LS;InOg_:ve|57<_7n@ [t_F|axQt\Z3m\'ufLdLv|RjS2;=$xET3[Poh	7WDmm:VnO<}x]gA~0gO1<mjSe|n5i:c<U<:9\Z7P4R\Z\"KTa^_\nc5M6et/_3I~._h*_x;6*x\Zhi^w>tKQ5\"=C<E<qOk+5P4-G\\F-\nDMas	-_IT\rCeexGK.i;u_7Y?xcJj5[>_Mk+}5|Nz|Iqrx\0PEoj>-M)!\rZHkzeiqRcMEvig}&79%JJ,Ej%Ut)U5)7J)s(R0!*)3UUk%vEx[\0\rXXA5i,v6Sx%C4ioIk|WaJ\r^\r5okSj~ uC@h$UkZ;ijp1Zu[h5	o}FYui-z=W]BH>[4\r$\\Zkv\ZogPOqE_ih7IYEhYNSE[Js)NSQ8t\Zq+wmeJXF\rIb%eJZzuM\"N?T,1Ni/4	A\0	;hwtF\'74\rC<9MAQs\n\r=O~i\"}PC+kfmb\0Z/qxK\0\\E{k%age%C#Kis{kyjlQZ@F\0}#]>K]sz~Ois%6ii7i\'-];RNCk1Y*pOaQ9)ST6Tu&a]khFt8>x;yM1xJ6wzOM2.gSlY/$mS2P}V=sVsO^^Y]+LRn-.5}$O^xb\\64^Vvz}7\Zm\0	54=:Hg\ZAd[M|3kM&fZ[D\rv:YxMxkM\rioh>2[CHA^Kt\">RluU,k<^b-j1qrt8FOS|r|^eukF)Jrr#)>j:xj%c];K=VJtSPmkM:;}3A6::Lw~o[k}gmk\\,iM4ZwxG.oy.c{xKL[r^$SQMUS9$\'I_k:xgEt\r\0cYTXSY{\0O	]G<<c\'KEHT7u#P):*AVEMc%*\\FXyT9i(;uNJK+W3xj??lyct9c4{H5uvzq;N4T[.ikj$\Zfu[gK~Cai.|97Z^i-n4_3S:^-DP^4h\r)%xb kh[[	 x4H`kHXS8C^%_DN,u#\ZujA^RJ6WJi/^%w\Z$q\"+y+7(_wuo4aEItMkO\\twb{7S71-\rkVglA9o/Ie4?ZVfeoBP` 2Koo3_hZ,s\\.zj>N(u%K/fM{\0k,pZ5:~EkMfoN%QBM5)U\\U:I%z\\P^T=mtmkzp~$uFTLMPI-I5\0shi[Lf^V/Kn\0^;}XK}mpRE&{jzSC3E\'==.\07ajZ\\Oj!%iNy[h<Iwoyp\0j~#>:<VUevzZ\\:LZau\nXh$d-J[x\n|1)NN9]yqrZ\\Z9k[C#rJI%$fK]xBxn(]W3j:Ci\"<Co[NCwkf=\0hj7(YUn-5mkJuo\r]\\h->$qm:4w\"}ZHzfm&]mJ>{iRAw5\'|:nxMoV\Z\0Q1DI_ON?4o\0O&JuOKu;Yx\n{1\0;W\ZxySqJrR)HBn*wQ>*~_R5MG.nU(5g/vjm=_VvI}hWO%i co*jvS .,Xh>W;-/H\'Y.KR-CLmC6~^gV\Z\\W6xCmuM&P}Bv\r(ll/^<;CmZ.,tKER\ZS^~b|Soc]ZG}o^\ZDmQ/\\\ZaD6Muq+\r^ti88Xov\Z8+nyWNreM{5}_^?\0f,4[M4W|]6io*yuz83DWwzg*u)5t#m#n5Gww(T5qsPmun}H]si[x=N(cX.+u<m\0\'y{s5ysk=cGGP9c{}L<?jaTU]\'R4Z*QkW>v8Ngegv{><Y[xM7_YE[XhieI;8Jf\0J|]i}>4FKCMRZem.hsLK{~\Zbi	mGzmIzj=+ZX_i\0lFOx.u_\njKc\03S[Mw\"}SPk\rW6QuNJB)hr%[2u(Rp/,5_.=J^E6+f6qjf}6}wj0^VbVZ<%7,Y#k3K\Z#<Qqh0jQiVz[+Oi7ViZIGiE\'l<s\\IxSZV/K\ZZqeXj1I-k|6fl|M7=\'{.<=[}x-5m\nT$2<7vWjXG^j0\'a]l<eIN5K3qOJ~1ZkTfEdn<^rki^.5xdL76^K$W7mAhl~\r5\0i~(\"ACmf^N\r}fk\Z3|sh|MxjLW&K/x3K/d\rVfm{!Q)KYZ57i,4\0%)4[CZX[hhWtJ3\ri^m*z!PX%=AB;5%VJofZ$y4|S.vk#~Ewo1ueOr^ Kh`pD*_?GkV+tX-,,L6V(;[h!(QXE{\'OK=1\0u\'}VX\'z4IcK,p^d<Gx+iPZjJx<[gCTgMiXZXMKVa<7y-sGNm:U	oq~.{I4ZhCa<-BP[Y5>j, _4\"-Mv\0J\'4GKou-feu|V5{hakHdO!VFq#JSP85&)q|z|bP(O 5x8&S?i	YO^IxJYgmK]mBEXZMms)uON|Gq?kej~x6F!dVw=zK}7Ud`}i#xYW<?}qn/C\r2Oi-2_QW\Z>\\ZT^x/]Zug\rE>:x{W~xW?\'^ZX\0gh\n-i{iR^e}om~&:y=:.8T3EKUxBFJ.M_0(J4%V*T\"M8sFJAtz}GG}c1$>=^WY*t_x]u4N;0xRR:&9\Zt5\\BF>\r7Mkevfx}-,5|Dai)_IXl\re(t+vVzM5Y-Gm</OZ|K-E=k[Uu\rOZNA/gu&Qy&m>WGjGV.jEOg8\r5\ZOkuQb+C	MS*F\'ww4i?\0]jw}Bo\'d~`n\\{}uv}9 1j>8xR6\rhCTm5Kxu;m^I#LGQ:ex<?xtRm\"[_OwdzN>~#[95+[Xm,n#0|?|7Imb$E=_\\ZZ\r7vq4:8X6e8,>2T8e*T^I7U1ZJfe:T*a[xU\\}R\rD|QXi+??>xCoiz\0>h\ZG-th{bE-\ZKm:\rI|Ce_HmM>|U+]cZCr[\rN\0W:]X^Z.kyMGQ+8Mv^Z	4j>(W|_69^I+:T+m]VR\0NQLY])u\"\\A^/4\"XtkCP5uk[\"|p\Z*\ZT!B5:Xu*a#8V)(N8q9GS\rV7E#ZrQN1TjOS7h17:CT<AuhQ:Tz~)kgY{=VI,a+gRA3xK,]3SL\"5iZG;W\Zz&`c./cME-\Z\ZFyKq\03i-c<5Zk+\r\ZR\ZH-Fbse{B@\ZizZ,:~mAj:sgBVSqc&>5}n\"a\nUOTT!5[J5.Ztl.5\\0SWJTi5jd#xY<-cxC\Z^eGwH6j~ZFc}%{BC$<@o|EdV4^}IImm6Wf:^ij] ~w:E?5i^)t}NM/F\rk-G-Kz>wOKjf\0}uhtcMd]?:F:-hEZa6w^	a+`J:ZN2sVuSQQpyh+\rVr	b-\"_|7JKH=KKtK3s4NY5pP\0j@X7Sw|#xM<i<-SLRi?Mn#Oxz:wiv80\Ziw\Z\0=sKH-5OWoUtQ=)L<uhGC]]3+M;\Z_y64/S/~ px1xV63zFa:ZI%J9my\ZUSRjRz+/C8F\'9F1une&lmgnotmF}{iJ[}royfk7Yh.m>koq^.~w]se?4<J+hLGNQqxN+yeJ}Ims<giifo|/-l_\\Xhh\02y-nMM%w3WdCxD\r]4\rGZ-|oZj15>\\Y4i_KAn=8LO%$bgS/::\\,\"\nc<\r.xy6[rN>>_hg<m>}/\rG.^*DZt\0ij4]TX]XNAwk\Zc{g17Z^M[j6P|qOok&ian1Ak[XH) 4hdi_d+oONv7ik[mVu	zgGWNm4]7Wm5m;?-c[6yZ\\Zl.lgym.m5-BP+I/\'XIb\"*pS\nT9e(T_4fZQUSKEg&u7ez/\Z~#\ZkyKy59ZJ9l&(}?gk3]t\"+f.dVq-q>\\X]\\h<6Ok\rsY,$o\r&;]X}n\0j\r\\4*\r3Vk5\rAu$6a4k(wWrYG!qG*R\'cBS\',:.g^r88*QR-/RWvwJxvVu{-wwwPi3O\r=.u]>{o,KA>=SkWZ\"Ol	KokZxj426%:n;tc]Y/]\\nQk9^{O{4\"2\\g>(y!m~x/5[OCXj/Ciw[[]k7kY5\rB]:k8i6?m^N%FUhUuG+)G\'=%wP\nqrN.k8;(^J2WT[OZIiSe\ZD-um\'|9Ucgs\\[+AsZ{x[K6XQox2iLPid\Ze\r*6fx/X4/$9sk	gTe6[vWXO\\iY3om{=6\Z4:ZjR^	IahR)MANRn<dlR*5Qn\\~r|VWdo.t=XTU<vzu]Qzj:i#jA0]g|s[O\\xvo4#v-4kfaR]jJM4qSIO<Y%m-eM}[Q=Z4Fic$lOZY~u|MCh:ismSY.b-n.5\rJaj7:eer-,P5j<Ds7=a\\oyJM;i}TbTTaR\\o8E6:4hqGj^t6fkK\'B:,661V!~`E=ys]YeY~wR k&\"?q-O+[<SetwoIdlX-Mi}3ZHXve:TSOtk]{4D{\\F\Z	K_[4yAx^8--$9gFt)*X~shN\ZnszE0i3BUsfW\'emn%m:^Mu|=*=fjF\"#}QttfK;b\'Yuht/n\"H-*Fn5GGOM=|U~Sn7>iK	^wZj3iQk^-)[ZT`52]Yi\057j-;UmKLq\\h)kknu=3GLtD\rVS*5\\*TVN>\'7Km8S5)RIYkMZ=xr\rK>#;,oDKEoi1\Z4	4oM]%S\"#~<3}c~mZXhxM=JE6PtmeH|gM_qid|KuxLMj-PHtgN[kfiXm-cm:WYu-gO(?emqMA\ZE;VR^rqT*Q)J\'MMq$\\=y,FPN79[qrOyt[\r3TVM#R_LQI|Yt&ou{XirbU,e]GkE]\\iW\"Dmj--,aea0=|H\\gB^Ew[]}[-RQxkNCR\r/gk$W2MibY^>iZ.H&m-5?Euem<~\nu*u\ZPMuu6u5yG*Jjj{VjqmZ^I+/6CqrsydeYIrfi^R#$_?{{Gt\0\"9dH|JO){4[wt\n6cp\nU+IV:7Y[\neo&]]cjgf^Gc-Nn/n	{aqjN\rOTYK`sO}5-6a-Hv5[i>sU;5\ZIr?mv{i43HI+i-WxMNu[wDIwpK-)xVks9hW}ja^4w,yy\\%$vRdj\0#\0|_>+=r\0BKfEy<j2i%YX7/xMPk\r\Zjvmmu.J9O&k\Zr\ZikmEu\':\\B[+XMuu+E%%,rd~~<uzR7\Zz#TnbV/.Se4-cpYN2G_s*u^51QJ*RNe\nrJt+q#JxL=G]9V#\n^Qq\\I\\4?Z=S:$|Cx_I6\ZfW=RqvnV\\{g-6\'sA]Uuio.5|Y`l\"k[ko_P/\ri]7MIXt:+?Kzs:__Y\ryM<lilm,o,,>mUGee(G<HoW.$[wFBQquN\n4\\T%)&VHB9TJ#f:6&j0QKK-zq$>|3w6)dwx\'AonTck-sLQi4Mv>#k^G&C\0k\Z7|:jEQVv[n?9sh5G-d4[wu4i-y$k./Zo^]\'O%[MJ;uMF^5at4J _(c8<V]|Jt+QcF:1xJXaZng	S\\zs)ae%JmFU=\'{\'t-_w4j5|Y\0dDix\Z.4~XaQp`!6z}\\Imkzvqh-4ukuaKa*	)R\'KZ<9q7kKJ%:3h\ZuIknw1 N&o)zD5$\ZkBqx^{X&0I,3qR+^XNNRKJml=HQq`&VTF0	)NTjV$:S^\0Z<K[cVWVj[]GlGCRR+cOGQ/4Ok7wsxm7.u(1jI>$oEh^#^Z|Oc:]ehVLmJC-,jU&;xd^b\r2Nl5XBW3%\rchHhHWB+JP5TkTg(Ju-\ZVRMEF#V8uiE8)RVN.6Jtj\Z;MqtRGJ/}k>vQ[>A!}b\r2mB\\GJKfN-.g2]7ohp^	gqD:R1Y#2}]ZfK*XVxLO.l]+uf[(3iK7sOo-W%WWQJ@gMT^prNojU^xW<6\0;4q[id^8\ZiZ]=2LR<\n>/~u3xR7vW&\07z.Z_/^.j7XhU?\r{m?\Z{ZFmigGk\rZAe#_}ueei@_>\'aJ\'A<g\"5;YyAlnM9JkYR+(kUeN<\"+OZj9Fwti-$Jec!%V57R0x~w\'FFiKU_Lwo?ms|BBml5n;{km2[]3E}B]+Rj>cimh^ <Gk7quw/nOalu]]N]V--u>/\'fbG<+u]/%7z<MOVGX%<GZiW*Cy!VZiwVQ^jw_\\_j7yM3`VIT)*puqFnTb*iIR%5wZ}~G/jZ}[\\~_.ZoS{Mh,	<X\n-k>.az|}YxK){xJVmZmv\\M6s5:%Qmq5\\T3x~Kt\n{-DxuuS-5vm:m:1oj\Z,A%Y-{8\ZfvM\"Wu*~FTkwnfZbm=!F!\Zh5YA?z59gjI:rmsV\\n][f-8.bMZVqow\\z\niZQj72a5i--n9?PGKmYQs%\\<Qi^Ts6>}k\Znu\rLh*1F\Z6$yYh2K:]e\nC(daa	b5yQ$d2~,T5*JrnrrJWe>JZNP\n]}7JMWmN\Z^K&aqp.),rh Oy-\\^MvZ[-oyo\\hV]2_X}mjzAp7kwS5Rw~yj m5abhhtJo$a2xulew-^5tki-3Zmm4W`&YntjOa	)F\"F\\NqM$mz9]E6Qm+?\0ZFejZngv)^	ews|uC\0%CV7T7uki0I7PG,\0];Kq&\Z\0|E%6jQK=_\\?&kzd?fKOKm#:kInga\\R\\jGu%u11{\ZQR1IR9sBj3h	)25F#=4-yz_n\r+M];:Cg{Z_Yj1A\rZ|V4Q-p[q=F)5o/xAASiZjSB[G\rd[DEki:}|\'idj_YY5=R5M%\"R.g4aiUs\"K-Z}7HHM&!\r&[g{^#Z8(zt?i9\'\nj7PEhi3\Z+Jn.QwqQ!&i~$l}XI{l#Ai$c\Z=>DrF%hFO}UCl.b-7Adp\0PL\r^KneX/uy&J[Z24{wPZ\\i=,AXJkzWl-6/`\'S\ZtUWZLD\r]MzExzoSx=GhEETQ%){+FH;YZ2hS*m)BSGJD~+<j>7rSK^v\r(xnL-9#TtI& Z\ZlAi5entKt-?ImiR=Jwkzd&SLRn,%v4??x\0M;\Z|qi]72h:Il\rqiwizSOE24ZMq$\ZZ.SG1=+BOG	MfFc5O_Ms@j_ImY41c:*e\'Vua	Mf*N.1P+8(Tz;Ifm_],\'y5{kIr	95em56pMu\04\rxvV]+\nxWTZ]{ygwFiZ&5Z\r+isF}VXkM\rw:wqMjk{wK5_\",>!}kL#t[wS[\rei<=kZ\rz=28o\'6k\rS)G\r\Z:~RQO8F&%/z5^Jzi78\Z|$NQM#u=SZ@+.EJK{fQt4WD{@]\\\Z5\Zwa^aQCub+{#JM5rNhHXtT[cOuKi=ig=io&xn|Wa.X6R_LW\0]nt2;JX~ Q5M\ZrxnP7N4Ngm:mSRQnJFTSKU\Z%x7W0PO^7mMvu$I)Pd[\rgW&c2q+Aci7<`oa7vqR%9D*\rK>vTy\02\0?\\mcImfk,zP\\	dViz/-uuZw\"d9^ky\\	>\Zq9U9k,o[#4kp#Es|= T9#smMvwD5lSIyh \nL/`1R^)UYTc,E5V)R%itF\nt)hSQRQ$QNNZ:\0g-2XsB]IiI\"N<	,.-D>w~1o	54K\"ShtIdDph_F,...vl5!=UGu{{?*ENn;*,rPA$<r\\%\Z5\\J,XR}+nR<]Kn8|>FXxe\'PJsTN_5FrW4)GjNhJ:Q$qUjk&{5MNSamfk{j1<0w@\\\\!2 0	QM<ijogrF\\Y$CZP3n\Z [s,V->Mn_5kV0.FV{u<u9x[0*lhK{>Hr}ZG7_yM*4QYfb(r:n\n3Eae\Z{\\\nJ3qRN1oj5vrG4R\ZjUtrW5ikguzg]EttA{\n[q\n[h[Sp.uN/_\\hWtg>jZOkoynF_6X\\]k_Yvr\0[+-ca$5}_&0ri:$US[=|wY\\eCRY7bqxSOQT)NM{Vjdzxj0e\Z4*US5:|tRs#V]xW)o&HI%Af[m6(mbYF(Vk>-4]iATV()|[[,4Fg]Jn5s7Tck,miM4j\\Y<E4dKu\r\"iO<[.>4D6G$\r{9n2-4.81-rl,b1JGc0*GPy%ASVVu)O*WhP_}^*!-u{R;m-Okg%f)-njV[}{k?k}>e8PDW	yq:*>$pE+	\'5EW4x+IWy,5[}3QEUSjVKo:EDK}r|[6[%i$3\0e4;piROK\rWuN\'*o9]YsB3tJpZ3L>RTJP|:&nSjqi\\	hggmVHI;ThEZ$DNd4\0A-n@tF]:HE4Zv+KfF}6gei6rBCkctK8FD[\\YbYcR^[-o5]]My3nEqB=\0V\"[_8pCQ~HNiFU+J<\\n,4KI%\ZMs9nNUwo\"k1TZ+A5?HXZFHu\rRsvFiPsZChii*=n(uRh.dVJ6%-\\MSM\"[[G/mloml\ZE)2[\\Dn.F+nJd+ ( A_i\"MrHK>YsK	HV]QYVD[K [W\rf\Z\ZgV\ZrH()J1^\0=7%{FJ7o3X\'JqtQ~Xk:y_WI$dKx+1Z-iB02ys\0nxE?\rIl70zn{~-m<0Kl\rw>axQ2jIe7XYi-cjZI(WDfq-Cxut3_E<|Smpm:5n]X\\H,<NpARjM$su+S~wm.]/mwwI/chk*xw<3y9};EeKmmiWq#Hg.5\0Mz67gc<A>4\ZP~Jui+KZ=]6vx#l5+\rk\Z>\Z-Fxo|)Ijx\rR/euAIyv:Ex^!7x\0dlaO<D*D?Z\n:ttq%+ev=:\ZQuAzIsrZksu,4i&F5gi]j\0DfO.egRsim.Ep]UF[]bKI<\Zf6\0E<O\"iG_pkcJy_qMjj0}1#XeS@!\"+e]Kq\0IUV9T83m	5y	jN*I%B9U8Sw>WNu#N\nrWm)Blbek+=NPg};Q6F+{}A?xeyq$S\"!=Votgkxlo7h\r--aK;$W.Y>5R	#^3fdxecK\\9IQz_Gvmo`]*!{-wQ eK75\n\Z`;NsW\'NN4wmY&9a&\'f,Zo\":u*X;[h5}WD}?>u+ZC`^UgH;{\n\"\r?jhy,Piwvw\\k7yhvWNu=ZOycrZN:udK@u%`]).jeW7K%H_J)3+I\r-+JjQ6G*rn1m&-u](JjT{sJRj?N[6&oh\\j15,muC2$Pan%IUjC9{,mz6\'InE;rm5_-gi$.iu+R{6&8CI&\Znh+8\'_:#,{%6Vs4cK&`m8i5x`N\ZRr(oKQX-(	^HNP4(rRI6W{u4}>/^Kaj-iWw$Y%Xg0Ig/7-mxX\rkkkoc7VQZL4xN{M4|5[9mga_P:1B2]H\'--05^(U}<7{\\ZE`jvtf|K,6;\'B=Ei)i$*qRSQIm+]-Z254M6c%9N.P}x;Fm_Ox>Z0YoVp1=	8/5{{$=:[4:fuqqMoqgb[OFuI)wu{O5$WKZ/M2A*pKmKq2Z0Z_>g-.4Gh]\n/\'G^scJlM!aoN:~K:qyl0Pu;N25\\/do;yoC]W.ky3jW:-#yM4+o\Zsq-d3_MT3/ztWvw\'KZS[6HL\"(\ZirZA}w66n{+HYo[OuktEfx[t^xEu	[J-#5oT:RG&W[G\'.E\"=Xl\nN50^1qa\nE7)Sv|}kb_-GzJX/WKZ}BuX5=a-mu5(gR\'S%\'t\ZmF^dPF&2xx=}#[?>=]AMWW\\<Emnjqaw\\XV\'K-]8,)xZwVzno7-CJ.Al/-TK{dYlH]k^F,uw6Eyg\\izw]\\\\i:f{^h{*pJ3:U9Y94(9&vS7ct)*=g:nmU\\}>/|3D\\*\\izvIo&,%,/,F%xx(j_SIbU\0J|;CL@OImsww77DOr+y2ioS/|?;}\n;iO[}^}?9\Z\rVHttfW2IriQou3oY$ww5D]K+99Dqhq$MyrLQq9xEt>R[=rW:	<2io[Hw.|hF^Z<eVM-z$..\"mD%o2MH+W)ue\nJRkVSQQU$rK^Tc!*)MI-Sm9)T74Z\\4h$d|iaZfKe_RR``K\"Mwk,PK{G+Vmxlm3B>&Tm>i, @\\B%_)F4le`~\"]&T\Zh>jo@2^Pex$sy=lF+\'*UjVQ[N<+Q$Eh]R*EF4+VvuivV=o[\r>`M1V+yn$\\/l-\"RR*9#ay-YC:]-!`Xh&mB7y\'0K\n)C/qv^\"K`1 r+JgL\'XQw.%7U~rJ*WvDM6JC\nv#x5iW^z$wDGnGZOo+[\\57q,jVy$=cwT>h\0x-|A-/.[qp+oos#r%,d1W/rFmnXCtBY.Z+s\\ZY\\VP[iZj][CHtkMj4Yb\Z^<W/<l!6T9U%RMZ.4l=]KT:7VdiFXXBe9\'Rjz5v[Kx}P$W/\Z7k}qY=II\\yuu}wyemWM*\\_^X`\ZrV!.oa}-k~!C~<=Ms>okr[\0s#n$m@9tCn,2yZLdad<v/.7VrqE\\-\n8DV5\n.l<_,EX)WWR\r4F^\ZTi9AS[rV)Jx7zw\0Yh!t\Zr;I4Fu)TL\\4P*PO$kKgiGya}%\n<^a=9A[6sp/\'moc-15-d!\rRM,Lz\0c\ZE/s<3Eu=MdX+{f<K%OU*a^sX:#*nl\'haf`$rZn3ON?\rS}=g]\rixv<&[fyD].rf=biODPI.OukfAnekno/2>t8n\'~jWz-E=K7dpInax9/7IM}msQY\\[MYgd)o%Y.gTU3I8A/K\Zm<e9RiL#Q*AU%~:ZJxG	(%J6JR,{z>MkZI=[;s4V2.[`pfIt2KO*-[H.jL\r+EY^LK\ZGeea0HdY^\\>P}BK.&B>M_op-0[mnok@AHo4;N4c{-Q{/$\"2!gp${T*05+\Zo*NYr:< `5OIb*2G7%(Y$>TMLZX[i7\\Xvwb2BmX]4KjP%(Z]]\rN&mU5;.w1y3Kh|\0OiYZZye%[Lv{E RY\ZNYVY^Q[y;aKqp\n[qu$ER1M2ISRQVnQZnS%;vIBu%4dkxzMwvZYiR7fy=T$e\r>;;;nTj:ucM2\r.[K-,ui	/m8K4tFu+y(\"!rD\nX.~]xkHu $\'b\'K\\@OOMX+\ZhCykw4K<(gK[}~oOFNUJ88N:!)T5N4StiBfYI7\\U\0iR,7>Ul\Zev{`pdRIVO{tVZbckf-#h`8-g,RIt\Z,;!G!DCvk\0Yb5{;[6CQdCcK-\\j)~>g\r}mjZ.39f\Z5 a\'fu:QN]	E)*,L\\P)rwVLku)GIJ:w+MwT?z;I4dq66]:(w$03+N<f7:)nn.Kd{)]ia-%&v)xm*Es?	n{8t\ZcdE?kVe\\[_7/m5$viH-ml[+HNK8o0{6Bjc%vX\\4dKQ|\'k6tw6^+YbdXkY]J^5#Ya`^d@L`Gu9-2i&85\"K[Hyo\ny }C^jK\Zrf{&.c$qGdv1En`_L&=ZRjzog\'Msuaq5r4L^SjrT>#U;\ZwIEq\\ST$nwtm7.g<KSk\"\"8Z4Ycwr!An4his\ry-::s#E#\\[R;E?G[nnk7{zmQZoM	Y1&QYmf[[(K43Z@nawg2C	1)mm2:>TF\ZXi^U*u\'\Z.xFJMRe5-S{{%\'%IKM<)4Z5xu)#MEoO$R@F:c7r=sg[FD/&VUc0q:Z4mzAs/-0.X$m1RC;[w28La<TYc1A)>IN45RTym7i\'f-`\Zuf&`iumJiOhd^Hn.VKu,?gfw5m_k}ivvgW{MX$K[I[t,m$olexZxDt7F\ZYK(Qqk<%yry.V!\ZNj:cj+].O<*oXP!hPG[\'FT<g>INj>T:V|tW\rYT+z([JZGjHM{\'cFLPGf,m1-&dQ	qxm\nu\r542S{ |[n\\[\ZM[\\D$\n`R|r3hx|U8L2],{	m7%kBZ5\"H|i\reRr8^1QM)`}\'k~]+O.Q\\k=MzFx<:j5+\r_Zn$K~M^	.2y)po> [BfnX,u>\rKk5[=R46vgtoH.?:ndiWksXG5u[/[Oqj}\'c7wKoxT%3Ne0\n\\X/=L81R\'WT|{5	kx	1JM$#6hBX/QXd3E%LI(\"*>B\0+(y^!;[\0#og\0t\0{Gzvsfh\\C#fd{;bcAh$.& O^K]3J4,~SI#ndt|;`yl:\'#h`\01BDN7FK1NpXH IWY{?]c[E(Zdq;D$(b>1#*Z_7$%I\nJ7xiTEt{%$Q`Ib&uRutRo_5$t-8Rw\"],2\n-xGhtE[s)H|\0Hr*l5+Ifl.2s+F1\Z(WVl	Zo4D03Ql\0!@70\0i\n\\T$SJNYIN{Qvm42L>T1x|bpI*ss~W-hZFl;q=s\0mp!<U`Wx!v@7dO 5Br, NIuM+y\"9QeY>|eD[w\Z/gjNdMMoq1!eK,cKu#]bqPX(C\'B-{Q%9<vM)b])UT\'UF4+Ih,fzu>g28\'x.i (!P\0r-_\Zy}Wzp}e0$E\Z]3B\ZI$M1Z\0A4,;21Gx\rs{p\n8QB&f-SQ-5	5bE$72M$h!+<4^/|E/eWY1*6\Z<T*nJ)*GMzRB3Q;OK}_S~\n3Yk\Zff{z$K}9[Saol;/Z_ Y}\'Z7SI/MDo3M_Yf#hmo%6pV|qk{@Cs]%}O~|Ce[:SZ{UPy`%.X*?-vm4(9VNmVZ97\ZYM%,&GsrkF3JS7JV+%N*V1tWIny,[u(le+88wN\'i#XI#mybzSvuLn.6~\'wku9;Op#Yi`IF6lw=itPd+(4lSJv]x!^%~Iq\ZNf E,2fUF%y\nb\neRqJ)KJZt*JQQT\\hsTMMZ;:7[	yT[XILKP\\?~WYK;I\\iv\\^Ak[5Z]I>ZBx\rJ6wi3,D]PGfnbu3V\"Gk\"O.!lIrG\nt*2OLUP:\Ze(J8O(qrJK)\'dI|.Y%*	PN.i4\\t~D]RSs]f\"%HE(4Y-VDHe!\rdxAkpxE+yP)d+]K4Xy1,GFldo[Iso\"Al,Nq{gyqs^KibYp\\LZF1C+\']6+<WC+Vce*RlGQTY5?i99^Ms+Fuq4)::ty1qs\ZJ%gh24:)fZ	cL#,ooE`igVWD\Zbynlr\rauIaW2JRe\"6kW6oqtE`\0HvepM<q18h7	m[m)1dFW\"\"hHV|b(5?eB8V\Z)4UJkm5JeK%*iB.QJR+j;vflb5+W.X[-SqomrEm\'$y$F;Iou>(iFK/Sw\"no\0PHbY$[V1I2\\\"n_08eeyk9c*oR@C*am\r{o4MwN]C fM\Z!X{l\nXiV)*{FjjvRu=`iT:NWFQm/iU^*1NMxYm{2+O/PAerb1O4]Hf_1_|K}{^>=4W-ie1kilm 4EPl\'I`1tzu[;it[[{R	%o yyAkr#<0\0JqoeAk[>fn2[$7g0G`42[5J8-5^1>r<,):kJNT#\rZQNhN?i2UnQ;Z5%m(41-Un-Kx!XBy%z.*4 Xrv\'N&][]k&SX4s=xmsk\nB[i?SdCI&;khn-\n[5a0k[F^y	oxM}fSW8tiNeN+T%<=4JPqYk)7_?(4	I.JR3RR7yF-5ABnwi7sA[FHyhm-m7.:L$]\\rX^8Ei-`Y^wdo;\']>0iMZ\\Fi3	v%qc]w}ekwzul/A-nXm-K+4SHm,rmB\"\'7J\nR#\'8IIEF*\\aJqVR, (8V{s.{/Byd}CZhja6vqfK6I#ZzvOoo[+54!.yQ{Vhr^PVu,i+&dT&!>-l.RbD_d\'M[V?67\",SN9%[eGL,uV6Jsk\\U$y/.Q9,}qf,MlHu}^MD\\9\'XeRn_a	^XoAsp^xDE<\"2DY4\\Bmfk%9m5Pd3;APxIik++G%U;[CgMt 8`#MEM\\@6!wwsyN\ri\nHH*H|f\n+Ub6Tja$U);5:xMU(az3SI%~XPo=]6\r6-Q^KAY.\"\'kV7Lk$9n\0J-5=Z-&yi51<6eV&X\'e{9N[fh w`\0{vZ/7\\%o74nh:ko(2iF9=LC32kFHE*kG)J\Zq|n+I^S~nyRW~Gytsce[M:8m*YIg}O$,xt~f+~oN{[MBIR\"@9Z\'P6KYn7V-qvCyv%F4VO&XU3I]O#9T0<VUXZJ3j1N7Z\rSqGi+%q}6.wO}b,Hq\\]\\ip,vG24F&tuRMokcosK$zC[]=J5CnXmD,|:J+Z;(b&{3#HZ<isrGk,CXluu$&k(#B$Nxe)IcFs:M(^Vi\05m:n-+IU_N5Qx;W8WHfD$b-pcU &VT+VO/Igi_I$dHyr+1>~I[oj[4IgHEIec(%m$f	u]+Mxfvkb6FR |v@Q;YFHl-7#Q\n@)Uab>f\'OU).dlfImH#23!feibQR8YQsB2MFU5V4!	I]K^D2M?gS;%kFkapm$V(	Ha\n3@,[3(qce0I$Y0ICk-Szt6[G,73-uhRfD0iH!$Mu5:a6RM(Rk<ej$TSVxl5ZxrJI*+g<E\Z|,aNcJkMjU)OB1nNKV\"po-CC$.eY|2Kp/;<N[]\\5|>FN#BY!^UFG.Hk0\rv(2C+H>dU\'%JfiZHtCuh-qIJdE@2~{l3RTTa=;rR\nF.:u9}sjsZuTF)r%Jg54/itAk9<Ba\"%\\u;K$!%V\'-Mb6nd;v\"^Hnc,jr9%ZMC0>]/eV[I\'8xVw;i9LHDK:~QvR2~W9+b-G	NF|+T&9:2NMN\\Tp1`RNUTu\0s;MCk=bV:Nh\Z4pImr,1[Jc7C\Z)h\r|;=ZZGks})ik&8F\0xNKS{k>b_[K*-qu.m[xm72+>i\rBBM6M?HKXib<-.~}_9V>`0NUjJ,FY\n86c9W)x,Y!b	7F$jS9TJR|++}w\ZnGZ^m56jZ2M]fYfdB;bK+X2G$M;2#\0J\Z\'O|9i}7Z<qu)oA)]cF\0>Y\'%oF.qpInG#utv[eXv]e(/a|)i@!{1L>q>_xZb*x\nNcB\'Br7^\':)Q~`-:~*x<\"lL=*F-*5\\|.\"	dnnnG,iFmXsIs\0\0Ax~mCONb+e\nn^W1G$-tIFC0Dacg6R.u<y<hg[D^,mb)/T{s`QW7yD&Xqy)b*{/USRu\'RSQ|eh*4V5TiQj9!iB,bqXVNkktO\09cMs;3\\nY$q`]tfn.db1eFJ2\Z]-P.4Rk[hRK;\rkH;q}[MfI|sAC$Z]goV)fy]}4#^]/[DSjWjBsNT+e^_OJwN:T=iBS4zPM$_h7PDHwA!0JLX]\\u~ok$cLD>stty=C\nkue0C#C<HC\n0\0M0#EIk\Zj#l-.L$FK$ZEpWb3HL|Wza*k^jm\\\r\'%R*r;_y&\nmJfVtFtK}CSF|1Z;o)Y?N+5]M-y-K$ 	i7Y{kkgX]c0E<w\'fF`	Co ix.TeaF,kKlIbZJRt/z(B.)PZOi}X1JT	]\n5ZQS]zR\"v(6&FfhVY&b\n6V,%E12Yd6}yZhYa{e;-T\\,$ec,,CgP3S32Vfty_,Tm;&+xdq9i\nA$pBH\Z%qJX^IE;R N\ZeR\\\\4J1jNNk{C6@ffM$`$snn5fxRK[C3lZ;)$d:M5#%R9sjv60\\)[K;!I!U\0E^iCje}y56M0y#R!<r$WC2	VBTn0Tgwc\Zpwr|94	F{I9F!*=R~wtITn+%,%WA6i\"Sm12.$\"z{{n$Pc\'-bn1XY~,O(&E=t(S9(He-f}iiV&YfPVSWiQl,n/\rV5pV7,\\UTN~^\n0*M.XBQTXI\ZX)\\V}R_@+=fYmuX-``(mb:~q^\0h}4eSk,GlblDm:Y[-NsifM<3iPEdk;S{H`dy\"?/7Zz}cMbwik5rALVd?c&;h\"Qs8U=YaFNhKTaRrRI\r<<*_m5FPIcqdZ3J0t8pSKm&RSDn\"_&TbKu+Xumb44_QXQi8-$e,\'/YZ^m2[[s{6L]*-%\n|[jsjBm<=_E.&yb[vspMP\ZjK0\'N)aNnHUK	[}bNZq({x(\'Z&aZFjmo-Bolw[jV7/%[;Yev, ky&vs}Z@pZ4FEr+7]uM[1Ei7G-\Z\0Ak{s%-u%q!IaV?,V_{i-sXZ)^59$fs\ZSLln#B2&+97KVa\ZptQpJZiKbaKKFxH{e-+hVdr_0\Z)L~ff\0UY4\\,#a[*!6kwjHnm!Y<EDV0d}qo!<E&2o(apdt:\\F;i/3Im=gA4RBZgDUIP\n(f:t	Qg:jjT\'B\'\n)4T)}q5N{xW5-f-V+w[W\0u!s\"C=kWi	usQ+(yR\0z-5`Ji\0s-<ZlR(GgtG>cFL-ZZV]tYnYXef$</Q\'.l*KcyS{A-	`E!	PaZtIC7RTybN:OK]*P*jOGEJ$wV]z*[PVU:EK^epJ !DUW$TPE,v\Zh;M)PdF4&rwp\rE}zNGk<\0O}El,FUG/6yS*n%9@5bPP<ak1fIRVH86%nNw@pXnZERt~	^3s6IS\'k#A,*2yecf,<LhSW*K\re9\"X]p}Zw?rJUFj*3rvPK4Sz{>\Zmhuxj[#=U)Eoq	RKn(,,<^P\ZHvYcN$IXy6Z(1=vdSm1mn0iux.e\r4gh^UeV{yrD\0qcyVa)sxXZ2JWNUsQ~MJu5J/c=N,%H4:7W0NVf>)ecq\nzN;\0hRP+tvj\'M7LeMqo[p?d!,a:1O+eX,^;\"HccEUWC/wyC:&-&HWV<e\n=*?J2Jc\Z\nT\']ic)8Jt=j7*NOIS:}?\'3/{M:M{<&3<FLmYo!0t[X}D7K*yq]$YbbF!}RHtvbJHR4?4[ FE$2 vU/3]Yuto;\'[uH)BrF_/	kV*c	fG23\n1	O::*KBTYA6\n`iH,\"|/xz\'R*|\\G6[X<AMfN5=26iB	%Nt`^Y6Q[4\rjK<be#(y.$:19\Z)$6#\0U^F*d;i n.t)9\ri$I)X^+	K1`0p(UF*EbsiN5#\nsN]H,uTyFJzZ$I7?/Z\0iY(^/[hcba{{h.d`m#Y[ZNNuI;5{BC.Ki.`m\"Oq%$1+k\\kqy!\Z>,,K	Zi46%`i5 OH(Dm<;g#}nNJ	I-8\\.`p_:l]*(b<B\nupss_\n_QTK_]MQ~	9<cV2t8lhW3Mwem{=:|ku]EEP[P<iM:6}O8Qqgynm\"veA\0%2E}&O[x+X-*5K]T[I\Z2!r9_j[^ &pujA}:X/4b;hIk[YjC)(STajNT]|=Z-NpVwR(b*Q{iNrpg[y.FQk=>\"B*1G-M0\"=E/trMY|<l%kU`!Yf,o2Y<,BV[^fO}+$r/7~Eo@0\nbqXo[az\Zta)T)w_lNrRI4%URTQSKo0%j\Zdw\\PFv.i#I\'%iX6iC5+s\rNd1fZEm;y`FR`YGE\\fwB}6sV[pfFrGI8%\nKE6OM(E\0_<Z#TrM*uiZEV3y#^uh)&Zr IZ#)6psb*TAPUm\ZurrNYJis,\0$nb;\\KoJ-\0+2\"TA\"nK\r9^d;uy<39ZREUI8M&X^[prK[\\f	gf<oyDv\n#)uT:hg&gW5LeARP!*F$3KZh_iJ|SN4RrMK]b28N2q8*3$a\\WNZ} [4SuY\Z%,UsN6E$r7LDDET^Y!yCrDB\"eYk3y\n2,Q|!C<g#YMQ]kXn.I[U.I(MO6V>lHWV+T:tuK4{pn^*2Jj3Z^YT\\[<67<#_@$v(a[fVXGm&	P#	\rO\0kXMIg}[RRP7Oe[cq<\"9/v<`\0Y|D\nb(*]?ke\0ngU{KXdf$K1N\nxJXbe^Pi78V\Z10SJI*iqN[UKm)(.u%y2-$\n$.ci!!&dXj9-2Ig}x#>lR[EVlF%Oyc\n=Y7@*M;;[7H-G+l.NRBImaOd5Sn[Q6%vI,O\\Ikn7%_\rK\rFJ:IG|R8B5Tn4}Vi-\rIJ~9T8NOv3>c\\xO4!4Zw\Z|%]Z6Newe>5[yR[khXA<7YW2EiukunC,mrs|\Zs{mlTI$50-n`aa:]bm!+r\'}+R3pX7:l]aQT@1l`a@B7S&k5pXH*J#\\iT\\\"k\\C\r,>a:qqQ-:Xu\n^sVn3u#:i~%tO}]X\r9I,EV\\9*O!~5<g]\r.;IN[\Zmkk+<zK{-Jv+o\"_[%{@kvA/4e\"PdB&B6H=?T*kso5/O\r^\r2h/sje[Q9/5>Kg[f5#<N+YG6ui\nEJ?Yv7(F.m_2St#9Xh\\\\,|g?m<9G_YhN3D	Z#IYy#HrdQWS3*E$cU4X^ZiHRKBAblof0[hx=*>c0{\r,b.ZGB;y`_~#0d8N\Z-L\'f>eWRrf#^RWX|5J(=.<},Mi)P\n_rnRMZ;<8bx4&/:^@bn iEK$hnsoY-mBP5ZkWo	VI-D-EG[ h\0Th$.o4zVQ,JU.%![KyBZy<}VH7aST/8*\\JJ-i3:	N*pJSc5N7N|[4z&m.=ZM*iK\\ybuk51i._bt;bXdaeg4\\#6 $sIqs2]:qscO-hNmu+@a)1js|H0C|k@L)MKI0=i@HVW-i-OpfifwY_B&V36T%\\SM7|8ek/\'Fj:?gl\'[WI%ugstw|-383M;fed$94V<rItM-6_>\0d[m9V_}jboYX\0>~o\\\0h$~Z.h?\"EQ,X*4(vA`\r`Kb	<t\\?hdt*(=rj-@#Nq0(SCJ:	F2Wj1Rm]~WN18tcy*YKdIH d3kwztg^yKs1,nSf}9zd_Mks#[GRdwhp?+4id*X:EA1zu/O\r%\ZR<kkE=\\>:]^JH*u*$i\'{_~W0!q<2YLRWp&8f2F6g|5AT,s\'y4 esW\'5\0\n|jX[bH##N+<MJ8<5nHt)aJGNvmKCz%;(a^E5k\\$>nMG\"$m73j\r_Dm|\r\"@?TD5Hg*\0@\rkDpY)($<Tq_Y[RT!R5RIT8FPI)E.c\n^R4XHCR]E%\'{wlX!-O<F HR4dBD4+J:/n\Ze]54K_Hw^\r |$#BU$FtgY%EcT={gk{{mGPB\'~ j\ZD8}\"(L45{%R%D,.zi7ZgOB)IXrSN:sxsq.HMSn~f;vxP$Z:*Ao]O{&Mn=%^kX;xCETW__^i\Zeyw#\\O\rLo{rIzWvwM(xwI0r%NggKgmF{ml4X]s[#1RH~QZFe[,6a<Lq:TSc41\'IBH*k?kYr3\'3\n\Z5*sL%=ZQ0U\'i+BR[V]Iq)K_Meq}FcV\\XCZX[,oNh=q\'f\Z}Lhom^)004 W9V<Q4VnG*|2KYym22/7M;L$6rTx!bBw+HQ,fT$3gUY>R+:Y-I\'8J28,+u\'Wca	Df+im.%{I\roo|VF-3m4Dr;G$+]&}_k:{fv/lIb<i\ZYVRe*dBO1YY^6>\ZTy:Pc&(dll+7|B&8\\.VzxTa#Vz8)Y5:#/jX~F8,(A4*P\\ny%)ncelPl^yWK	_&nm{^Hvtpu|>ZKz=YZ7b\'RKk\'tml-GX8NyHyd{f\r#ZYd`I$3RH {3KmJOfS5V+6Qm,@7Q+\0s,\'&Cy^st1RRR*NJa)i)vKaRtXKd3u~IA+;\Z8>2c<+4p\nWX[h$$*Er8P#IHY=[\0(*%Hg\n:;n$`rI$I9sqh%bAtT7!v*\0O\n\0$A\'5B7cJ|\\b-S1:QjsF*nnJ)INk[h2]\'tegX|tk9>Dq<s8g(EGkpX\nb sq[E<heA\" sYr*:I6#e\nOP>=(hOY(PnNV0iYUgQr;Z&kr~FE:)h58s)uh.b\rDpdu\r[yoi	Xb]LfcO\0\",1\0lGU1*c,K(U \r\0/aXoq\0\rW\np:sdj<>13bNJu8%IJ2\\M\'h#5Tl#FztnN\n~aM]P$p\'o<$^MpA=\'@\\O4\"QG\0s09 <$Nx4=m39uY-0\0\n|!^]Ks%N\\FE%$vG=Ly_ppr<f\"05khB=(.WR(cr\\~X<5)N*^)FjezkX+>5iVvquEk~-65=!\"R-fpHMqweew{K0\ZT%%[yHn+!>8t\Z=($	e,EU*8DC(<wM[=JMt7i-sc)`Sf*\"8z|lc1UqTFNs#ReR?ee5(rF4p\'[K6U7VtE>re/m7.fkGCkmk<V\ZkhJ\\[J\0iX%\"kfA4}Eocis;-j\rY&94Vx%L6Gw>\0m<[F\0v(0[24DXvC^???>?ifMdT)g6{p$)r\nE	S-xJPZ/}\n\\uIaZ:)KGG4b,0\Zu,VJ*98+Ifs\rRK.OtKH]m\"pm._/1y..Q$Zo+PU(b?\\\';KH.\ramceSz04=Es:\\=Lb/i<Z\Z0-z\\:{?b)}Jxf1B)NI2:RqST5l/qIStc8s#?-)Fjiwfvv#^-wy#D1,3!GtB\"`3-\r?\ZnOu=kgp+&y`3g\rq\\Oe\nCsdvZn9e%N\\V]12qa\'>kyi]XaVII]hZ9e\\$ke1#<45*RS(TX%)e{2&l>\"tcN:5iFNRnoogG5\"4jk!.m<8i\0Zq*vX[\Z;[{X(#i-a!wQFCP&K%k;x?,&IgTkkK\0 5UsO<e5K,6#rL1vdR7,k`B\\qmQPj8)8[<Ol5hBiQk8&Xm),K$<j\rb6elN289fY#vy%,\02I<\0=srjU^Z2|$	kyF2E{',0,0,0,'','CAJA',0,1),(26,'99998655','152366','','proud ada adjasf',70.000,0.000,85.000,0,1,0,'Producto Terminado',1,'IM;iN-Fv_nH$C.)[B	A3U?1c@cE.2G2s|v=>R1jHY%@\06(P8PBn\0u;zwo+OCM-g{/n[6^\'L>HIUz+\Z),23G*7A<95*FDK?\0>\n\0=I+kUm8aZ|wwe_81\Zg*Rrn^j1/Ue}+:?2Y[~.I	\r9 O5z:5b#+<q68$}\n-5;kL)&2 !\\pFC\n&+n+{^]S^svR]\'{=:Y4qO,p\0`0z\ZY|F2I?#\0wUxG&|@lea$` c#umI=CHq  zW_<fI*mr[Mmtoq>nAQvt`pa`(1\0yrF:/`:%[;H;1_e)1(h:KQ]@VA\nRD*}I!OlsOF_vdexLd8QsMCH6%O9z	2N\Z<U~T`PL\"bYYbOO$~+&WXhq	Rh\0Ze\0{yyx\'4SF&dw\0\0U9\ndKT e>\0dh_0[xBuXGdq\";gDW1f-aB3l2)m_/pZut>c5(4P*F7KzVeX$.Kc 3\"8c4fien~T\'n9qCL#	u/eHbI`x$kF+<\\f9@( +\"J:KF~V:5a{\r6I_Mz\ZE WI\0xrpAXjtF8!l2{9>HZ0X;zg9	/,\\	$&gN[{4O7?r1-0n9V#;(f*R7^2~CH,TBDJfw\0#edeCS\rb9%\"~I\Z1p6G5\ZM/?CRi-Mk|Hgz,H<Cyqlvr1&F9X*wcDe6[\"=gv\0[ae2W}}JkF&O/O0G$pAmAI\n\nPt)ZZmkS;\\iQmTMIm.i~!l>DWf/\rj80d\0l\0n_{$%72!?#8=p+$AMho~}$=0cRH2U?=#?b1zq,4m+Zn>	|:7^Z^UW2cd:+VkI,OBw)T&(@b2HPv$l;@.P\0O<(\'UF`F\n6}1}[{tTlEY$mKG{MPfXH3XTs*28Fc\n@$eO2F}gK9R7\0-4rmYc)\n\'\0DNJ1HUrJ%>B6u)a\'p\0R4O_iJJV[zva.O\n#DF0)Sd13DU21?a8[\0g%\Z0Y	-er`C3:H2%~i	hS<LfZ\'mU+I(gV!$Gsq*9%NBe_nH{V~dXF%Y( /C\'6X$gh}F\0V OA[*$S}^5RM6k=neaQsx 0oCB:rc4,y\Z8#qr>U=z<\nT$unK*OO$ocEE]g[]\r,FW([t_GWTy_.nwL4n1]{A\01x#>wE`Np8##.	7~Z.\'InB228m%.F}t}qWNec	]QJjJ-l;Y&\"#$lTm	8=Nz*F\Zew1A8\\q2nw\n~N0Ao>,o(\'lL	K@<cbRK;{O<FW*<kG(FW%$.Yb:l$wO^hl6pgARXgf!Ya`!|lv69H{Fko1F@<\Z=bZ/IkI[G{YZnQ;aZ.Hd\\`dKnHNy,dS\'*B[\r#9wVHa{bFN]t9iJ(;b@)P@\'# \'99zFiitad(r08U+SF~FF`0r`W=zs^u	Cn@{mBy\rI,k?eC]\'\rp}@5:)2v%T{v<e\Z*Svq+[y6ZK&mc\Z<AWP0G`>r(>Yl\0cy,q+24FczOFI%YEXHOBHkO>Z~{hMTi(wvdz})BP+1x*z+#$0FQ3YR?Y:<31^Q%yy(Rx*r\0+FFr5{`y3(8H\\<`Je<g C1qM5w0I4V7Td}\'Vz+_gr?B?)hat>\'/y|NB_\nOUK?I7987a`h*;O-9aF+w,\0sO)iDk$`3FbTO SBW0{=z$\0??#rX?iJ.Q\\JdJvj-\".#u\n\0< 2:Y3.+l0\0<^ho\n2F1	S]o<IdVWaP\r,%Hr	\0kjXBKJVy5):p|i(/vrOQzq8 \\/rsAQ#yaHD-U88LF6 Kh;vVxW*]*X8Na7h{jjEMV]\r\nah5+65}Z]	Q_E&.\"\\gibUc;pw;8\'!@25>|7Mm_s\"rxg;6YC\0r7~BJ+(yV; q4YsNsm&&+d)&hFV=[IM#Hy1!O*0TqQflqf%8R:oGQ;#gmc#hTs w\\5I>M\"cY3x;]5Mzveg#y,jBd0D3p00T;dR0JHqqX``1*v8u+eY>2Fy022x1p:TD]\\>ZDwp!e\',	%GcN9EqVR^]U_m[o\0^9bxlqzm@xy;qUpaDH );T<8dt619\0`qrz5SRT{@eTP[2sH8I3Rqn>v@3F}$cnzsh$#1p#{PD]n[HdbprQgLdv\\z&@g8\rx/\"MX+4]FA#!!b;\\><qJ	Ne$Y\0;^6mr8\'4w;sobD	Fm!\n7:rI)rIz v7*\0D$z\nd/bE5h=4P%m6]mV\r\"<H%pv&@g9JD)\ngO\Z\'iQ+]-Lf\\c$UcN1g[g)*.xR\"68#A=A}h8gG^WM\'JJ\Z]?{~a2\"\'k<dm<e%q?@HR[tC2.9dp5FF*>2mw%v8P8S*FA 7&Bq!Q3nCJ3A\']Iu	@662]dX(Gh\0x!Dc6>Rk\r*8b1mCA\0gkNTH%UG$\rD#v\0\0.\"\ZqvKmugf+[\\HV0mpSdnu(^YN`2)s1\'H\\*#r	2T\05;$1[GJ\0#b>18$FeV;Qvny2e+MY]~9x8;NI=3 .&Mp3?OZ\r\Z8v9!vsI\"4F2<F#8-\'q&t~QW,RI+juu. i&hsbHo<8;yae!pQ\\#1HIe\0| V{@)$b]\0bT1/PZ)V@dg!+))[T^tGZ3Nowm2sP\0&4C{K6@Gc3s9H\0Vx	shNfb6Q`ARaV~%(w)=\0ve8ReWY^+\'\"DwSWe?	|vS$!Lc$zE\Z\0KcW{u\rre]Vnl&:\Zwoo| b2ZT*!0HGPs$/9x\rF06jLN9;=~V\n|dTsNOO\r^k|1m`i0E@m7\\y3\"S\';x%;JF	68rvsA+1J)t\'H\'`?#OhQ}lkV_$e$(,uMuVL`f,I6+F\nr%d9%@8`+0Kk<S{1n]hKp;f$;	#G0EHNfHJB\0d=lgetuIn\\Sw2|ApA\n,FO@\n[|%PF$rwsHB	#\0x^yY#,8Qsbew%%kY[+XFS%]tO{@(cbARr=C\"J51-e\n#jrwz+B<bL*P	=1[_UVtg~eGNw\08 )PrpBkY\'5059rE(]+G\0o\"FGwm\r\"X;%`5Bg\0L \0]Cewl[|s\"\0U9d]ZM\028lckE,onz{YmnBT+2p6728>#(B0$FOp#,T\08Z,\Z9\0	#tr`g\0?lnGg*\0T)(9]6z*\\q=\0F8s94\0;H[q<d\0{qQfvNWtyy+Ab?iivC+~\"OtNNGHc9E1N9F\nXUqu#u&q-15]kOT9yf77@p0=O! Vu,QY@>:sU8e*rZY8+\03\'#]I$RF y`z c#~\rW94ZMkN9YFF6\r[yUlK(B1/inu\\a?6U\\++=Pr~b{M}\nj	ZJ_y,s3gN@<d)qlk+8<`qUQ<abUc}V,KmpIsqAH2V\\ikykpqD{=rKSp\n@#s9P:\"ZY2<(<NxQAb0ppzTvm6\r	\0>e[wrexM#&@yh#dv_.PdDKTlg8Vp|%!Z3g8`X\"|G\"1Bq	BGBH$c\',dL9M8>hJ)]5kZ	^7La#NpXXBR9vH! m8AFxTF\"rd\0`\\8\ne]l2,\r<r	$H5#a*<\"ar@MI\\ky+6\0w/rkj$$sB%Sn\0Xi `A8<) r/`#\0`PxWU]V`Ls7.6J6?rV$`%FG>c\"v&O-	F&.%~\0XJaUW&M7ZQ+s8;H;ppp[s4/!b8fu]4Bkq6v:*qE.#x1BPdn0EP 	\0u/AXek7KSN\0~HV9A#<\nRw[ $taLaAx$V	S\\Hp1j)f2BBt\0\rxjF-ViSNQQ9{_y[\'kWq&N`.~P90(`bTQ0TcI8$<Xy,~^*oO^_|.]e 4[ g\0o !p1XHb;)Bl`>ld0\"1BS8=\ni,<mvx`\rG\'5:Mm]48o\Z-ZWku{Z},$3:\0K\"lcF#R|.gi\0#Qc8RXt~\0,\0z0A{EJ!d>\\ITgEk:im;Lg*NTOV:\\Q%RNp/o~nW(1EDLiv\0),P(n9H88i#Gh}VbF&ER\\Ef\0l#$u:#Q9:.[k}\0GqZ{wGu3A\0\0n1?K7sRbwF\Z9U@P;IQ0J$SD#\0JAxHy$p^T*<,r	^\0sM7d}FSPQoJkRh]qA:3p.`A4!X\n2AQ#?L\\d`0DC8\nqen8;>Wdn/0\\VJi+dAp<x*vf*Isq&1+`W8$lS0Xg~h$d1 uvSVo]\ZJ-7vzaC6Ge`.YrK4J II\"0Bxyha\'~r):]Hq_4Q\'1cRbZ_lajE_Kv9eEdPH?1N\'Bv|zW,KYDh\0H`_gEWRDHv{zvjQM]_yfgM?.P#bA1`2;	$uU=gtT\nzuyUn].FP\0|g\0dFJ[.BVvwe=8 aO9 w}RY^Pv}w,-`\0/:@RNjdf\"\r\0e#z`Q3jFA|@\0,v%%sonn1!j!O\'4O9U6|[mov%Hq\\UU8K36X\06EcLc4+F$?.x/<w*\0*`;p(\nM5Tm5?u}\ZC b`	`s$jUE`KX&8!g,vy&4\0e>\\@\0|.xV3(\nC) G *^*`6d\0\0K\\-a~oG+.;DI=	69<#I\";hO30iN+I\0H\0\\ce9Q tqE(Q!8NTc\0g:N1kV[787Hsp~[!$`6Cd$>\\IW~B#6\00Cc8C$tyj{K2*p2\0*#Uu}vRtyhice-!\"_IYK%}~ey;JYQ#6&6Afnvv\0+f_%FbPUbN:`w9!KD9Fxp2vG#uXeRE4`Iuy!/ R/ X$QW dHYfHf_-gf<Ab3U$ |?;P6y;0\'VpT4rI(,@ 1\npG_?31wzf;5kzl6B`Jd\\\"+JS0:*\r2K(3#vVCpI\005w;[K4:>`p22+B[1Y-U$fF#f*E,@\r[Blk{2j&-F?e]:;V{N9<\"IX\\	r2:r=ECH((1FpTm#bTdcRD{q:!^[\nNL\'5\"	P%78#n$^:E8IkvoNKIZ+-`&$ /	\0b=~w\0&xm$J\0N\0G\\\nVEU\Zdn J\\*ra*3aUI,gs0UnEv6	bs=+.~f~\')>oQwnmib#gKA,F9<y[nK?RA7:`#Y60ghIGXe-<e8vG l\0T[mML4qW[OO^usDs%u;y\Z@1j	9-8NLBt`.bTq8*x\nfvr0=>H\r>YW!UW\rIhNq<\n-+{:]5J-\ZVmV{FxS2W9\0aBzV-dLJL*Nz\0pZ/$1z\r\0@+6xwL2O/2r@m0HRq_^6Dj]v]+C\Zdq:p	9x$H~p@0oKg*\0m1Z4hIa#0>b\'zTv(DR[\0A79\\n`erc-i6\'\0+*[Ym~b K;:22R-F,v;F\'Mx`s}PonYcdRL1gd@,3,R[C#$#*\0#U}n\n$u\0W!iy]e`&HLn B0\0fd8\n7xl0SJ\0>T+*X<j+$1U~956T\\ D\rGu.)ur1vZOjim`YfJDQUQ>\'\';p\'8eG*1H@1NbB6q|wK+jyY\ru\Ztb:r4SvO];;{-qqWue>?:fRXeeYJ\r\"HR;uvGN]YA#n@\\<J-IUg2\'T8*\Zs__={FBU9\\`o\"F1,}t`$33\0@[6\0fghV2!RH<ti\r0D\nI(|Io<O*4RrXT|8T**	NkXJ:nZA<xiJ3N1,{5$p&6Xv\'NjHH%jFTPAf\r\n.bgsFWo\n=])]lFwRkNj^w%	2\\\"!Bg2p :<19L8\0\nq;Xc%s$4F[G74? \0#)%i7OqAjm-fI;LO\0Ry,vVX-J%R\\1\0*h]vd5`zc=jedeb2b9+\0$WSfVn[;ub<jpN] (eH4_hv4(aQ{g9\0G<Yb@|bx8Q\n81rHS:!H[v`Yhm^{@Up<(ySv{WM|\'M!\0<o;x>=E#;)*U=s;(kBgI*|1ImT$i$`g`P\'M5JQK^\0iJH\r Q|fM9\0har%nO	 ]\0)Mw|3)\\+n?r e\0OAq@^\"F e3c$@(d|+[D\"Y$Y`2!Uq$dUi\0\\hVth)#i};  \Z1\0<v0lB9*GTH8b3x#Tk<mOgk4[^aHUAsBdR7/\"P\0TNsjDghbb.\0HrN?lKN%WF!KBg3uKI-X\01w@BN6!QE_~dL3PpB_j1o}K]?B&Ue*G ;-3\\&b$y+{%k~wfYfCL`/,\'$gTK),C	)S9fqf\rq$H\n0a0#d0md	vLy)q\0~dB*~mF{I-x#,x8eB`\"O7|; 1](9TWeh$L$at8`r\0G*euY(KJ[)*c$9;y\0];a*sF^nEhW1FdIRZ	S\'Q3,ad%Hy;F@\0 $IV1P@mn7d82@]$mn1>c]?-tm{FwN1%{4O_;G5FX$Dg+6YON3	#&PpQK+	 aNIB1F8*w#mQF)y=+<	W.RCOrI;$k-:e2v+v^mwOd9en\0&n^DBy6#ma,k26G-,wgP)DJMH9WmZ 8*9PwX/2XG9 l)wP@P\nnM4i~-}gRP~\r6,FTBS  cb4~TkA	T `Qy99rl*yo\\5H0b&#\0Cw\nWR%`mE.&Fu6C27q\\]j+[m:LtJWbI#eBl~Fp]Qty\0	Y,(Z\nlQH/j\08f\'#nb/*C\"Aerl\0>;2()-.\0\\Mtw[J]-{+tQ{\r[!Kl\0I:V]BbPn/&%7.lGEZ9H,3*pf;[jK0]L;#!Qo%3X9Yz~O]{F;5\n[-//$Bfe\"x~IwbA n-$nFR`(8vs]VE\n7FO]<<e\"RGA2#NqvP%^,eTR,wQdQH^q %DO\n`2v6.TP7\\c\0;~\\_*W\n\0s |rA!v$TkGW) UBeEmB9dm+K[\'dmuZexBYw23|#)#n?vCu ^Njt_ vUMcbUrs#I<>i!Cc%#\'VxYbvpU2cd*BT_4yDSI\rJw{$K|:\"`1b*;\nCH.[an;GAE\n3YV{.@?gH.	7V6bW@H22H0l	WhtS|%mkhZ9\n?w9UI=4+,#F*eY0+2%Q[*UTSXw#FO A \".C+\r@XAy\0YRN\'i._lMvSf}UoW{_]Q%,RC\rBv f3#,@=M9J38y0x]$EPd`%9FHa0\rD7390EReF8N0.8( c8hO%^rR)>7 0\Z$r.1*@U[8|3v\0cIz)do3)bvP&)?6H&qx~Rm![\n\n\n$qgxy^O}lErWFI;ynW75g@p*$,F`H_:.cq! Gq@078fyr\Z|{ue<CmU9$dxr[M#MSw>[c3wv1U]3C32ogtS\'mfaddFd|Kve\\RxMW*UDeX6T0R>TM}\rei!q\rS&FS\r99`66&W2}UOl$ED`AV+T#*g;	pQA!#@Kas2{M\\Q(9\0pr]VvnvT~zl/\\Ci@22<N:d,U\0W<9\0y>^~_#h4Rm7TnPwAPZ>Rj<9\n2ygDaU[~\0\"\0f\"O1#.$I8x8\']5CeJ7y$,A(\0df \0~flfygyD\0n\00E@r;ff$W~Pc8ySNy?yLTwF!u\Z)J/\0%v\"73HW*m$pHhqW9!NA^Japm<Fg8+m\0(}\0|((\rqfrI7H\\5K<^9ZmMyk$Z;=Gm/ol6IwN#%DN\'9|w\nI`>qmK2v!2%2WMGzHkR8;dp?*]AX\0\0#a\0$t=Th:pw\0RHOT_I3YLWSFV-	e!\0 HD;wrTi,-lr	`\0[w^)qFYYE-9v@\0v{%wf-]|E$SM$pr}[J6K\"!T@1Hw.8VwmT{ ?4r]HQ%0pWxU*n: AUB\"@y_>(x3$RsM5-\"R%J]WkN{>fJUTocPhn\0F6:@	6yh-sf-%W+prH6r8RUS9@3m+4w9ztK\n\r>pMI\nu%Z)]m	F]qn]\"*C.U82YvaUK9m8)nnP\036)c<(?5xK.<\r<vWmbxssu%$SmOIh,?D\0o*W N(TOCkMm?y=K|O#+9g .q8?!In1xg<0\06G	Y;7iN\0/:K2Mm)=\\Jr[,tnUVFZx-*|\">PJA]vImNNO^O<vYUT:(m9l$~b qZT;nTM\r.K8vG:+m<H~UW9Q.4&1:9\"6|70fQ\0H|%&xb|\0iUsh$\\	)#~m9\r%R=<5/]%nr}63,D(n!	$V?4\'~%[p,7r\Z$g#o,pj\r-5=H)4(8 \Z9AW>qx	f$eRH:VK38xoXB)J8EiT[}WW!V$adpXm|	%26;T[{S@V8q2d\n9mpq\0k1?\n0q\0^&8c\'V+0z\0#RR}y\\bVls\nJpK\nS)=}n\'tCMS!YdFDQ&A99%`-+67scXC9B}@vK>B-I5S2F2^Sj$vdF<gSe\'I&2r4]a7p\04#7q\0-T1c05w\Zm;FHbq+\"\0yiKR2QpcCh.m\rIq+-c`v@	C`zgZH\'96`J22Fzc\Z8Fr*qm]C0i$H`\ngi$,.Uv*C,;T$\r\ZUon&Ck\'rU=*$OO\03!*$?i+67_?+l!Dap`p2V!G*+0+yc\'i\03FO9r\rq3\0\0tUugw<I9au:1pm[6vs3EPG_QAj>[\0',0,0,0,'','CAJA',0,1),(27,'','asdfasdf','','asasasadasdasdasd',26.980,0.000,35.000,0,1,0,'Producto Terminado',1,'\0JFIF\0\0\0\0\0\0\0C\0\0C\0+\"\"\0\0\0\0\0\0\0\0\0\0\0\0	\n\0\0\0\0}\0!1AQa\"q2#BR$3br	\n\Z%&\'()*456789:CDEFGHIJSTUVWXYZcdefghijstuvwxyz\0\0\0\0\0\0\0\0	\n\0\0\0w\0!1AQaq\"2B	#3Rbr\n$4%\Z&\'()*56789:CDEFGHIJSTUVWXYZcdefghijstuvwxyz\0\0\0?\0-\0WSZiK{Y/&i*Go;II^z>CO-|g,6W:\rckMlCA}\'V&\r],#-^G?-N]zT%X{]oR\\JygUcioo$>(<F]_eOMkW7Or5Q&!	+Fpdx_20*FAq8$gV\'`Q4(f[4%HVR!M\"F>buFR\\k:tR!rfuoZM%;6MxwX<K\ZY[y&;aukI>yorisipD@ ;htE|5V/cg{$1#\n yY#oQoR[-w[i,>uEWpKXV4ZfynDau5WPkE|M6-Y{[5Zso\rAupqc;&MDeD<Kfx$1y!I8[6l54%Qg.mb2\", fEu[;%\\-ym*P*HPd.\\mlilV\ZSdya\ZH27d\0|.03@qgdDK\"Qwb!\n3!IcoxTI<-cs5UgHoe+mHpL>cH\"|<q;KmKM\0-<=k8N<DD\"H{\"OkX\'SM1Vf\Z\"n]@MW;vI4@G;n#tBd7\0	<egSE`\Z}s#Kfx%\rd2)\nUFd!~	x\rX`a-uE,Mj#VcIgciQ\"Yb\ZOxm7:DV~\rdNmRg\Za^EO\rR8*y.|I:a+;ganhNpY^6b-uSikDvN6Wj.\\Kf1f@0b4 +_sG 9_MKi:`1HX2	\0\ZU`xn[Y?4O\"hm>7xOCw\no\Z}RMJ-\0\Zg5\nwhZkZ=n2FJm-H7\0o9g]oMi8\\N u%A1[nIcg%Qh6z/ \'t=[~=H*xn.w:a\r{+[sUV<zTh}\">!~&t|#d-3WhdRO#E\\\ZKlg5\'|iV\Z|<C\\xzE^*-cVX`<ch^tt*o#ko&OQ~c_u\r_Zi\n6\\\\][C]Otah%	m?\01?hk\r?eD|EG*I<mJOmhW7f	KF&3\0-QQQF<r\0bxo%${uxwu y1\0+l/i?eKM#d,S1s<$,wf,.0+`\0@/?m-&\"mK\r#j7pEsDuiZrJD1pTL[ho|m\0x?x[^!/_Cm^IahcHVu4&<-a>\'wm^0tfkYxAxPZ\\7?6\0Bxe4-\"qqZF#x-!uWYId\0U\\u[a.5)h4EeFv\0>;	\ry?a3xjV!}G5~k{-\r\"RYn.,6/-m),OP\0k_?\r}[Ij|<[4gZh=2\r$z2\\hq5r\rCWc%}KK}WHH-+@Wuh-u.;jp6Z\Z3@/7.-nm.eafM	h%a[Dd\Z7\r73[h[e\ZeKY[V[v[O|=}Nu>>\Zg-m=W>)ba-/W_1a;u\n\rqoV*KmqkG\nd`wd)Re\0|2oB/?O\"S6enZYWVPMr+ _:Ux~{g=67[KxchZKA\"Eo#Y>4-K&*=?>`0u\r1I=	\".NVO<U2|E-|i;@~\"xz9x{:L>`%J(\ZPz?/(gE\r3\'iZ3$Q4l#L\rU\0Lk[m	YR;BE\\HU\0u!ji;mia`FA-jKs2P2yW[+w`q\"yU\0<];jVm\Z}iu$\r*,a!\'1 9\Z\rafV\ZjW3[Us:3iRCsAYcLi k#kV$31=kP]c{g~*++]=:&7/ 4QurPiWze`2xNTg<1J\"l{x 3\nGeBX)Bbp~A:vk:I5Vt@Gxba*f++x|0%H.hgR8+<\n;\'c)F@U qFkxo?-QdyEq#K?J\"\037^u69J:>Nd1}Y!i,0ri:kk:3Q[vdXm`ZmR4WQdfb4\'!31bK796n<H-$4Y/Q/oP\ZI>)@\n>i\0K_QN]K!,Vqyt-XWb@A^qI\n6y%RS3k	2[A%3+@TQE\0{i^3n4\rk[qI4qh53uJVE6wFii#:[_W<=Uo_XEj\Zy]G=YBm(SpHI7>A>jzN^Xi\'C[\Zarnt!erWljC;{KQ$w:rw\n$cDFE) O\rYkyT\\\\Sl(!(UC,A[j--tOOmY[hEq#r[%tAI.,	{\'9c<r/2IRI@.I\rI3}2Yf`N[Lg[E\'\rm?P;Xy`;VH\'5M2jn4COpMz|%g6zB di5Sm(Aowy+,nvQ3$??E~\Z~oo\ri_~K+TmQKx.xswue$cHV3m\'\"61izOcPWFmc<Ri\0{Gk[E1 Vcgs\ZAAV	Q.[BoeH\Zk;l@`uyrUDpo6.C\0 z>8xj^F	58i|7\Z+~+IyL^Rw/	;TU\0\"g\r]>,C\\p\ni@v\0Z<&82ntA\Z		/k2H	d-^&aEXxvZ?=>\"ui&2ukK02oguqc$i q^gFucgax<yb2Q$BeJ	Td?.\nA<+!\'|C\0^/\Zr}7&\0wPV72DZwkcqA\",~uex/	[8!{.{i,\"6\r.][PdQ\Z;=q*GNG(!8+\"RF%\ZX\0-\0\rL\ZvKK$+jz%\"yx4hZiVi,\'v*g\0%g/YIgtx^XK;M65|iuth.!6Ts.p2<\\/\0g \0BMylQQOiPO:TkJs]BBd?>\n3\n_\rx*-u@ Q?Kq}xP,HpZZC\r__l?gv\ZjY/Y.cJt{w(l\"^S{,#3,WK!OPA6$|,(X%Mqs\'&$)u6>	fiSXF*I$6v\Z<k\'<]+xo6%\0?	?g/?h\0?m\0ul[+W7Jam[\rxIrA[\\F	a3W<lVFD/>=]u)f4?~Z?`\0^;Qu8s5xN<]6~8Z/WX_#u;Ok?Xb+{_,\'t\n#7~EP\"X@4?5>P\Z]X)XnA%v~.|:5\0N:Y|?y6Yp[x2fim-1\0mp\n7K%[x+l58kdj4&:(Bj?\Z-\0ko&w.??~\0X|=[U{77k:mo%hc> ?cC~/?zi>={DO{Z6G4m\"W_F+>;?qiVxK-kc:jZ\ZMrw#_=8h\0GiLWL\0\r%.YnZi$\0YfwO9]#7jp[_+o%|QyB	i\'<5HS|\"\Z[\Zox\\eN66F_Q655V:%V5,0qc~g_,FnHaO	AO+mc{Nk~3V/MhMF_+?OaW	DY:,<Q\r$mg-.Svzr\r||/~-n{7OZM#\\\"H-Cr&~^Nx_\07aKO7vc	\\iv#w~M\r6mk7cz>}[dkkg6c(Y4MQC4\"`\ZI/ZC$jg3X]w/-36	[;{[o	\0?_^_}RhZ\"f]^43kq)7;;Pw	d%7C]>}^w7^_Y^;Oumak\ZYRe+iHOj0qhYlW*dT\nF0@=/jn-5VyHr^;[uQ%\\4^O\"\\KUl@aT;B~5zj$\"D&$2q\0@xR[w-anZ$)fM>B;N@<ZmP,ZW)bS\nIq1q<r\0A1\'x^\0h\04RwNmbrXxh>!m@<Op$\'BS7:V?f\'QK_tK5EO$\0K|\n_kQDet:__ox{_,ZmWAWI4B[QnVWkSZy%\rUA\0\')koAo|eY>}i>m;ke>&xN4{XII#uS\0G#6|0~!fgkHuQ\0z:OV\ZE|-\"x3C?4_\Z|IikIgt\Z|)xZ\Z\Zo>xV5j~+d+Q1K/H|+[WKo^$v(>,{KmuCEi_I<#-s7>\Zxm4WIo5,M_0]~4y4W-Vo<wRxzlU]QTcouAgX[.5+[KUP\0C\0>#<Y?7u7Mk>&k\'wMgH|xM_~76>\r/|9w>\0\0M[o/	==|u~m[^Wsi_:hx\\l,/R-He(\0|	oXkZZD72[^\\6a\'kX,C7qI}ELxQ&\"2#Q~?{4{r\\\r?|s[m]:#RKuiAtK;oQ.=xc :MZN7}a3/k:|sbM64i>2]t[wcygav[W,>q^|]%,,0-I5 ah<s2x9r\\YA0|e=}j\Z}$5j;nQo1gq#ottj\Zd[A|G_,-[#M$m/TaUh|1\r#\\[>35K3C:Z^k~\0%>_GG	E\nt~xaKeiA\0C\'\\,`]KrN7z/f^iL4Z	.\'Ub-G\Zdmg\Z\"SswV<SY]xHXRA!07gU\n>dRG$u|cIV3uZf\\Vyef/yyM%j[b?8ojI$Z$AF/7X-.M=.3`Hc$!op]\Zve#\0Auhh\'6WXeN!d\riE{Z771<;ukYWl2c*W;N\0>0hVV0Zj!u\0B@6p7\0lc\r\'?c=o6PI\r%)K{-wq6z>A\0\n\\`m,G,]\"d2*B(LE%ddl].\0~VkyyJ(W$Y!Qp^BdE#oRc>?WIUMc++%4W\ry,4311]ItE5}2+KkC%\0sKxe6\r\\_M2DfV[P_on\rBF5BQ5XNi-1&{{oT~,J\09@\0eO&Ke[VEM.=Di7\0U_i*#a8e#!6rfk}?&^8?I.<S{i?&gi=V	\0)|X\rQdr\Z]\" Hai\'<]\0G<RthMj12\0xvHC#.z[tuc=7:eTM9\0;X05|wO[7tu4e5~(y-~h\n=\n\rv\0mo3I\r[ 1vaCa=J1X\Z\0\0s_~?\0C	M[B\Z[Q/;z?+-2{YC[x;7MG#nE?xd$HZ\0k>w%/-e|7c;*(4;&w\'V{LKo||g5pa|gyc?Kmxa@\0b>8hWdd,M% 2;\'\n~_OF\nE3W\0iX<w\'->H@7Qmwk=.BO\n#<\0?H\\J>*G\0xo&lD=esxNx?G\0M-<#?-RHeJYNxg5\01~\0HaQi?gOOiK8KVXBmo}T:>9-Z\04Ko.7NaG\r|DM(Z3qonT[xPy?F\0uO~*_~?M_|Y_e&@%~oT\0<|i~~?bsfq$>wn~.{id,m\rgfm>\r/i660xc\'6$bZ@Ywtv)9[a=\"\r\Z]x@S7<=\"~*}NumfX&KEs~Wgx=XY<W_P{&B}2[+++eo\r1bDET>$x/A|Uo\0o<Oz\'.ot2\ZT\'a=I_Wb\r=!?9hC~|o:lpv \rY?z`K>,M$uf>t*iu+!K+[H\Z-Z\r@>$rG{R[9^dW S\0\0hcS.~+\\B-c+l%\'sKh-p>g%5V$weu274eLp[HK\n!2:HgvZ!F4\"$ukHv|BOgM6O}m{Vu{)#,5	4tyLx5  ]\Z+9rylg(p1*J[Im>>){<Iu5|)y.)|]Xl5i\Z` \'Oq]&28\"0Sds%aV?gxG]kr=}=:P1\r}$T0.-P$p]U\'\Z73k{j6j 4C~+ohex\0u;_\r]|=Ugws=Y5^!UphWW,CZprKo$\0?#K \"jskjw6],z8ITMi(.\"2m7oxz\Z\Z<6%5JMg?<Ko{\\#;e{6yj\0<C^/jl\Za/co->!}\r!H5E[6GH|$UhA{o7\ZnI:Wv]Z[?YfDQXe}Zm-~^7Hg<B|W57_|\'_kx\0Ak\rZEf_.#77>|z/f^|!5M7^}0^Z_YXgZ<4[6ZG2+w{ltf`w+Pl=FKKiw,ksN7>4	]Sa\0Cx[GTMhr%	kZv\'Woij{_?{\0K>~e]3/x/^!<=yw~*[YXj6>$xMRE|<Ew.\0~ MoztRmO:9\0h#[-v/\0n>2[BzGWwxGy!<(M>3e]_%G~Fwix/Vwb5_O\Zhu	gmfvu}j~\"R2vm.\0!4QEY~,!6iQ|<S#Enk\'P-]\'VC-yJonx/cxn%Y.<\rLkO}o7sx3[.%AYIt$XO28\0=/8:L5kVR/w-F|CJuj*i_izer*x}c<\'km\rrV> -cSVi>neY--#%NyFk{+I\Z9=\'20@!)|kZ1^ChD(^HG__hBB;(5E,I02*rBU ,U=m-,<m]VnZ-io#$\'qMcJV7}WC_\n|\'fwAx_H5_i6W-ZLREg>M{Y%]&ks\\	,uIFF,Y#b,7B	Ej\ZlA#7F-2nLi+-UEnuCiL:u,oEA=\0-I/w?/Cze1fN]\'o4w1\ZXhE$3E<yHk~8u}P:Cr`De}/c0svYPd\0IJAYA\0-)p)6_i\'nI3B3\Zi$3E,3]\0tVwuf	\rm*V{\0\"1;Lo|!zK\nIf\Z8m\r+Z9t{R;Vc}cz|AxFp^cZ\Z&o[}N	;W:HWj0ZMmsuAfZb$muQ4y~jn3\'gQ.M&Yu\rAo\Zv4_eY{:?\ZJ-0|QmHMZ#HMmrK1;fg0T\0H[x	Kaz^^49cI%F\'Fc_?Nk]Xx#\nL~3|\"X<3]<-4\0i:f]:*>_\0a\r\">Yv.A<)FVku8>+Vg[3]LS;^8k~i\0{T5|r&kx_$	?Y~,~|\Z?~xT9z\n~\rxi+@<o[$wv\0>\ZpKGoO{aj\Z/Iurm~[Q<MDthr9Kk={zX+.?c	x6#spI&<k#K|rF@r^{Y>Xmg)xF-mUUDO5(c.^?b|=bx:Rjvs\0?oJxYD4m\'_>;WIMVq90*`1h)~+syc\Z%\r94OK,C%V){Uqs\Zo\0h0,h?\0|-h5\0|A\0NX4?\0~dBd_^ ia$[v.FF\0.lg<E#Eing>a?;O,c\n/~\"xX-=[F=`x+\r>{d3Z^],kWW?^Gji/kw|7\'Gw	xG[[[.M\n^]7Hbe0\03_\0T\ZGh?/P|i|$ TZ~+~?x[>k-^Wt\r4sB~?eO;xrk5\\Ox\\WlFQSf	B8<Wz^	>$x3m/Kg/7`>[i?KmEo<1(/lTwr\\i3%m4~$^5TW3&c_j7`E3fhJnSlmoGZiZoCr-?\0J?gZ$_XC]ZQM?Zi.x%?y?/A>x%=:y).tJHz?ci<WE*t:<Qk~~[|w<kBH\Z6o\\3\\\n^6|C7OozNx#v;oi:-BX|Ja[,k;+Y4C:2O~)I7Z6\r9QGHxn2Y\'qus=\05Il9,4M-55EK\roNypCIi<y@>)\04z\0]{/^EMi\rK=7iq\'jKEs:<]\"{0y-fA Is=AY\Zsu_\"j)c-g:ycpA^!oR-.DHY|(<MK=:EN\ZjVa%Nm;x-&pqo9^|O_Mb&Ks%mYSy-YCiP\\A`\rE|JGu~\"4\'Y\07jt\rN{]GY1	\r\"SBIn4 6,\ZJ\0MMSeT+m?5J|=\0jiOhzD6v~`\0*iVW|X5=]J3io\"Ks!gFo\0<_xRuuEH\rN.KUM0$\\eL\"?b((i(~no7J~|BXT\rIwZQ2%Vk%YkF[|: Rm{mA}L^Zt;K-u$q\0i*Cv\0l<W7!\Z%x,3@|KAk.aQimi4> \0A\Ziew:VO\Zx[-m	\rB/I-\'Dd|1Kueu+ismle;E5|@|Wj&X-Z-&{{p4=JdvYuAbetj]CFwz-m]W+F\Z\'\Z<xB>\'xu+PS%,%C3/yoh|loO\r8aoYQ\\uyM71)}&ME]FVmn<11/0<wn,fs[o]In#29>,x+Lak,KIgOQXjzOh\Z<smontr{k?jSvosM@:d-yn8M\0~9lX\0\0~(	|sEv\ZOuo-#M7)k\Zz4\Zq?:g\0ex_Ci+=^&45]?PM/j)w,W\Z%w\"_WZw7\'\'4,[4;]MiA-so}iO|-ie>uw_)x<;xC73\0[Dt3h|G\"g-A?jPo`k5mk2($OwRn,LbZ)m>yyMrnV6x	S#]z>|l-]b;ign.#.b|Qyq&vL-$i#%h$]3PC[Irg%:i$IC<d	J5(?ZTm4;)Om,bX5<EJ (dUO[{6:_][G<WhbK|}_5M!6*FiWrx\'V<T,w>@vrF3><TH5?X4_\rWO-&\0\Z=\"9yuxmoYY]?Z\\XHt\0u26b$[,Q0eXlMRD*5@fB *\"3?	o4t$<\rY|Me]={MWNu;]B-E.m%VmhqHKo1@3K*(69|\02KWP3Ob3pI\0m :kv-*guTfp9Xg#j&~J:nv_Ym\"&\ru9(w$)%h@.GYK5%<%DPiWAXEfG,NmYym {{>/wkkHw>}WJY\rSMi|SX>~C,C~x\'58%EoO,uw}hW.-:FR$Q{/g/TO%6x7-	`t\0-extP4~\Z?eQ:cj:Q\" u2^[icfS4n?|?S\0 mYZ~3X]+;Gk0\n+~-O\nk	K\"c<3	\ZE#[][6n{8txt	#x_x_8~_\r\0:xwFg5!/g)#T>zu$sx*2_?ip]/1mf$p<K!|9>y\nx6/,qXR$B_\r_-{YmBwnUhZX$w	@WcP1@Q<bmHX(_\"I4O=Qo,nDrg?-\0}eOxC<S~!,I{?io:3frO,??.~+h^,2K\rj)$\"0`|%Nv~+oXw9\'|V~=Yp\0Eg%dP6v_P\r]G\"ntQm$5#n	2Fm\0{~pNwW{oW\'6u:\ZoF|\'\Z;28v~\'/Q6(&oY^xr	#[Q`+<1_|K-wk^}++[VM*+2Cl\\^C6?]u>,	|Gq$%I\0O9f\0/H\0h?>F3m&~=9yKiR#kWvKEai6p.	qLCpx#	x\0[_Wass65oM}3\rJ=#+KM+)vO}(|\0o/\"\0\0vE<KZ.:y|)|w&K/R*oa~~js?:x_u=gS\rO~(4,\Zw\"Mh/8w,mG<LzP[,<Y`J5%AE:5Nra/szyYS17GN|_j))jn#\rBPW\rBJrNiN),-\0>:W=)u|EokCMF|Wic]*X=Z|vz-/\0f\ZE|oc_k>!=}_Jc%eUS};/Io}Rq~	\Z	S/ox|Hifho]JMu\0]z)%n]Bm^qlM{\rV}^i}OOcUXf-/i<q8J.TjnBRq2,ff8F*<vF%Y*gMVtk~e.WxW,d7suq}\rR)<q@~b*\0{KJ|ZloswOa/\r+Cwm3,3%FR/w>fl\n-EyY\Z	1wv7WKHIy&XWs\0\\3q^9?w$J2A\\ZxmkX2wK4{g$Cn.gFDh~a}Q\0ix0$dJ\0iIVUK{jM_Z7=?tBX|J\"yu\r<%]M*$wqJ-B|*ok::Co%+\ro YR9Q46zO\'wD?Mu3#khmwYD+I([<Hc;HYb2\r>2w!vOiV~^Ml&57z5ZF,/yq0|gr z+~jruK\ZZb)Oiv /o/\0w~LEhbKP$}MRut]SHUyel-^X;Z|R_KU}oak^%\"Z^&)l7k!Uo/\\huM_Nh\Z	#X.[K[92wkjV_\0f|kz}r|)>kZcf:oxkJ\\[]mZ;o,%W5|s?w?EM9KScym{	XZ0R;M=uW\0>S{|o\\ec:mKynn,<Gg-mJJ\0dO	t\r\'As/F5]3S}[-ZmtR7h\\Xk\0;ymO{Kh\r\0GIR@Bn	,\n&eO+o?)6o>6GD_l<Ca-=5c6[x\"?m\0w?LR%z-.mMf(aZ^H\"P/Y/i?<mx7W\r3h~/.A0jYOMgKS/|=e;\\%o\Z&6W\ZCfC\r^yOo?f_| #xW\'hc7zAjVm~ZVg=M=E\0\09M$mv\0|@h1-oN?`^\r/SgcZnnKK(tVh<-[Y+\0%|2MtN,B}ge,\'\rz]\0g/]wIt_}MA&jNsll-\rN+|!-yF7^~ |9{:^|XZt}[_o4&a0CAc4ZMEz5;+t\0Z#(O\\1xZ]mMT{Wn#6G2oYo-Ibv]R\\\0\n5m~\'d:]#%Cyxm+&rkoF7:nmk>d..4]zm_MxrSSu]?Un-u4F\0NcZ\0.x7}Hau\0mkmb^bG:t]VI=:]|?\r\0+%h\0K$Kf$-#/x%#}%\Z->q[Ai\r_Zqi.+mc\nVhcski\ZjvUfXhbP4Z_]iM|3}*.\"^\Z\\imLy-<U-Ia\0_Q[\0Mtkv0Kux\'Y\r&0/m[K]cK[x|Afmk3;kn>\'\Zww}G$xTG[h [5;XioWwO $F,OiZC\r96mymykv!~Vv5c|5p<-lN\n4	5M41i7z(^j>R;PD\r,lTf2Mz_|<\\\\Z69\\OhZ>&RkXczWO\\x:.myc/0xL35VE_IsOee5FmkH6`u)a;+k\rBofypP4oi::qpj/\"HIbGhD.!;	t5*;Sq\0\n6(YCkkrHn5WPeot[x;Kgkem\0]u=qu:;/4cXtx=v\r6ckk6@Cc*P|/_\rj.;vI!zdOwZ\r- 2}xX2[kvVW?@#o\Z\'\n3,~*M&[h,|u\\ZhWMO:z:K4@\"B+OooQ[u?WMi)on<WMe\0S\";SEy{{Skw}\rG/-?S/RA|-4#\0h^!{yn9.ue^A-|\'ca9o@#m<#9AW\08a^\\~&~O<;K[xF0\0d>;c{q\0?dK:bYh;\\[x{sBRFJfi-!x&U!237fa -T/;@8_y5&y>>erI\"@-U=\Z0>\ry)5eCiPT\"ss\'?N\r~\n7\Z;|W)c7\Zt\nhf9t,	A\0^8BU&)%\Z+Z~.G*Uv\Z)b\ZtV\0}\0K\0*1{Y/sen|?\"BbgPd?\0)$\r\0g_&	_Ax|{q/Pa]Xi\'YRYOiX\0B~%\0\0=\'<!]]KK{%yvk.&|*OvkC\0}un\Z]A\rB0Bt]UuweukGe9h>\Z{s^x\Zf\0Fwg!iX X3|\0:\0J	zMZ47vB{9W:wY\\G%\rz~Y^:t9i3h[7,[YK/UCq.tlVjQ[%fKh/x E\\?&I\Z%u\Z?\0G\0eS\n!E\Zo}~H\'K,]e\0 fEo;?Q+nODl\0s.>dB)<\r\0dj:_FdwH	\re1,<+i,){\0o<G;gk:Iuws4Q<_[eogM\"axv6zhVztE,k6^K$rwJ^kU\Z2|._O})R{y9VIf{c3|N6MZ(aiN[5{$pmg&trOY]\r9	H	#?DKM{\Z\\\'JG+0{7XK+%b-\\4j1=c4Q$ks=xh+f1\\Cst\0\r>, Kc?MhK4>,hY(S&x^{	}oL@ZIw,, |\nR7+e\r{|QCmeDxEcWU[Q3\"yq(1sx@Pu\"{h>3<Z%yY $IZf{_{j-YYdc7#\0<Q\"`\0#_y8j:ZOmqKi/]cNm{j6mewG(AD#_6!-KOi$\ZfMJ!h\\WwFcMM[h\nBk4$\rH4\"ck_]~5a9X>VH[[D!y(AE\0@k?|?,Z++j,sI,Tq\\s_C).N,c.tci{o;^[WaSM(O--#Im\ZC\"I=p4\\G%z?\0?\Z?:{G>-=~cWn}i[\'[7ye^jjGo>:oejZnx7hm]`NCmskXou\\GiY[=Mj/lt5MQC&h|)8co)QU3a.w{_7o<wi4ZM3bY#I\ZDHP\0\0o|qso2Mi@|w$iRGmgm;P \0\rW6i:j:^=sx%;$18TWqAHY\\@T)6g9j^NWm`> Xo\0;X^Q8Rb[y%-cV:m3OMK\0axQMVCW4<~,5t=N+}i?w\\|!$}Tr k5,cQrD\0~<x{;Re}w[G;M{si)d6=s%Z&m\'&%6_	\0\rCE9^XoE\'og}5kB>O[+\r%]5b\0g_>|\Z|IqgOx\Z]^GU5CB\r$lZ[Ca;\Z/xWtf:>3i6\nkZui_w_	E[CjJ\n\0:h~\n>\nM;fA$xqkMMX5k<dv[[[	[m.VwJME%iy(/GN.7a/iW=\r=hS6}#phDums/N h4U\0H\'ou(#Wv\ZRml/big*w?A{\0kzbsd>I\",.4Q3?h>)\0&mkiogZ5$}1%c_\rkws\"TGN/NAz|<`g	d[.,6iho-Zt__I:9L|5\nY[M~sz5mgwjStUfi#r\nxUR#mQj##{[dn:{[aD0RVBUT@>[%aCOq	u25ZE\\EAkm1-It^<N{-3uy}6PG4Qn,vLqqe}[asyeaer.m,?\0iSK,|E^_YZ|48PJb&N};Kx\0os7TwE\re4X4=^#a$WuoiH/\07j~<Wq:6]*\\[Mm\'1Cq#x=s,,~$Ak-IdSM`$l\'EOx$h\"-wN!;KRZE<CZq\Ze[PT_0_[K\"^{m<rQ>>x.d<2M>#+Yk\ZM\\Dl$#<.E$4rI3Fei;w^#+mcl.|G[R.\02!J5|2VDZ\\g|4$w\'PZHLbQ}F|3@1IYk\ZUv)UVfi343b)C(`UxEJ:V $09ZfXO+#J${eGy;e.3P|g=IdooshIaY5-h+5\'	YdEKw@=?\0w~?_<oe<Oa|^-[_>!\"9dRZ+:Fw:5~&w,u-{T!?VV2JzN)\nn?yr\0|!~?d:T4{WnRKok2@hch\0q.|Mx2M=W<Eck~+]:ow|.0$:j3G<OyrWid	VU\n#@fL-\0*~>xGMctK=e/Q\r[eYc7{\r\"!<w_o&Cj_/M~%R/2_Oe{uS591E$:]^Ui=\"u_&.~?>:3qW{\n:[ZY+i|Q^Cu`HKLG,?\0yi+{%~3~,+\0)cX@%o\ZgK-\\<(\0\'=O_~N%{iOJC]ICYY1U$/M3;r]>\\>#t^@m>msOM5&	{~gg[t;\0~&x1|e\'i#6c}Quji-p,v@ht)yJm@<wa+`bD> xdC/?xrcK.4,qO?<7,|H!|m\n^uy[{T+KH!ujWOXu\rJ\0NK^~\0i1k~?	>*|PdZs\Z}Jl5n\']*?	9>$=.|Pi_p>5./b\0{hG$0DOKO\0i9ax^OX/rKiRk1CXkv(\0)~?	<[et1h?gf$1\\|Yijb\\+G=:%\Z4\rJ|Y=mc<)|EO{{)j)J1z^)hy#*!87w/[r,cAxTcic/hz<\"jaEt>u3D,0JoZ\"\0hGI$:]mWnUd@3\nC?/Z\rWKI%K>BH3aK,eJ-5\0\rh7bO,	f@~#+/eM/\"X~8t\r^k{[>\\yo%\'vH\n\\\Zx2n<v7z%jue\n=&Qh2I$gA>KwS[xJKb}{cG>G	<mtu]2(.0.4Ty(e$(t28<S:xG0Fk}f(Av[t+yleGh\'a7\n;kMK)o{lp%>[gsD$veH\0	:kw:uv4p\n\"VRvb>\\li\ZdsGIhgO{_Z<3\\:ax~`[;\0G7\0vmy[	n2:ob6*x5k0Ww\rXzF:}e0YRXIk$D3@i;6\ZkO-fxNaAWP{c`\ZxzzJAoyi5[]I%/n5N|%o.]?GIt1\04buoQ5jkG~>nE,vvx1!w~L6> :iN7_|-7E4fYxF5k[1]_yy.7v}x)NaqWQ[),ci<wVE$R]j|	c<)GwlA{o4KEmB=Wi>\"as45xToL{xMj\0}-`in^%\"4kqCCg}]Z^m8\\+hm4Q.$T&m\nF:@YiO|vuwf)gnf\0%-W]?n=!{Oxq 7Y<9h OL}c[[heruAsnQofO=m_sxoRK{[AMhXtHTHaHx}molu\0x:x\Z-=\']7\r~.6?ui5BjR|EP]7m$/x\r\"\\i>.Ea-}%5m[h5;$n.~)\ZcI\'<N43ZiX/k&ec\Ziko}~4i_h:4m^Sqij/\r>8mrGKMCZR\r+V\ZX^7WV6k i\0:CFo~fOuowVZ^/ojw:$?!Wu	+f<9jI\0$iXc-5Qi+CtME>}[w=SE8.BW&KI$XyTwHv$b,dMmV}Foug}G=c t{\0o&?|+1px[h-)P[^{:{T NsZI%(5~\'h	;x_@Ytey%VU\r\0go	[~_@t\0gN_1s:\'xik6$t5K~\0\0-<oXQjYj\rxm\"*iVeB.5#d	!yc)e*2*H 0U AL?Ks~\ZQi^/iWy}%LJ\"x#+.^x&Vd.e;NKG\\\0zVvk\r3^/+{}\ZE}UKx_]Y~.G\'7o_\\zn%&^7}+}j]+Rt3G# \Z6Z65c[8:@4f{4Kguy{zhV[^\\Kw<)*gi7-t/i[Q;,reWxGCP\"}2;;Zy#X$8JA#>;\nxk4~7qKIOii{x-9fkj\\[8?U.[?v_ZIg?3cv6w!/o[#;rO\0%4M3H/F[J[xY]hhiW~oD, ,Iq|GKgkWY#OC\'u\r~=</=*F+YEHy#V	\0w\'no/.k&]>ya\Z_2gpK*2J\\ok.?h}\'	/:_6^\r%}~9RHm%OCOU^[tRy?BT~ 6*7/Ozr	U@DM\nI?Gl\01+\Zg!\"\ncN<;\nCoGaO-~&|3\rwcw\n|P]Fdai[Ob\"`Er{\0=4<AK+m:-Q=;oA_.|<~|_i\rGx1&b\'dIgtq{{|?ue`R\0\\\n[\0ck9\'mJ/|;mi>\"|<1N^7H~kJd71MZ?)S 00kcC\r/WcX[X[u-}$vF^jy}u yy$I1=8 *D` +\0*Oh<uz;>4xRGi\r?<S|6>ao??f5W@kVO=oU1IZ/!\'4E^<}o?<Kc\'L}vY|\"zuO\"OxM,)43Y\0EmO~\0\\Io<F%B4S&7lKAuup2YU%\0Z\0/K<?&_|kc\\/;K}/\nFLex~G\\^FxR]W~.{<1n<AWQ4s9>[khEK H7g1,-[j}C=y5?zP\\5i^8=cZ[=JD:vky9meO<=]7[kGa&F)mHGTdvQxMi\ZRt\r?s]|6\r]\'nxKu+).-{C)\0#|iOC?Mv4imR\\a<Y&qzmomg+qd9M*Zea&GI-&F\Zt-<dIPk=VD,y.c\'.e`P1>\\HsW)Siknte#Bbi6 86\rlUAY@9_\ZI}N[]V$RXuXmbvM:kIq:-&H![r2RDZ)\Z9cBF`FA\\|itdMwk=JV3ZSmU1qUYVXRdmkh!<|q-lJ1m&j\0{ci.=$\rZD$,oF!??	xyWw5\0d.][NTH MRVi\"1pu70[ s<2K\r;UKs*:?+\'4Jki\rGIR5k~[f!l#9\0>\0xH\r\0-Qkm~PLIyRI%DUHSP<?Y/!dK{],/dmcbyLndiZApM[qg[me,m@Oap^&7:uVs_HZ[]t~7xSOhxvJu\rn9F\"Un,{{/61]nG\"gsQwW#&[+-gE+MGHcaMj34$M3^Aq,&j~rgX\'VWR|aNu;H1_g}}~-MI\ZkG4lU_9HuB}Z\'4[*2t\nV]BGyYqo4-.}X-E;]Ao-&\"b%5H/kh:Z#2Cp-re]^>\Zx_zW.9,.#~7?<2^e<CTxYXVNJo&Cu%>FF]m\0(g\nYx|g4h~`g[;H\Z8;%8dM[]-}]&mz6imnC[\0?\'V[-fhu;\\E,eb5d\0\0QuO	ur/&GHK?j}&%XS4i2r!`^<kqIVFM.MB$iuo,rCkMnp!\0Ny]bU8|,n,hMGghikX\'A=9A(8o,/OkM\'FGAi\ZUbK\0&EuC$vIT[&[+In4?_M\032#<}w>8g|F|=mqes3M\'m[\\V4\0d\0A?\nxPnc|}U\0.E\0|?i\'u+Xt4ft0>|1{^/*=b:~i%YyVEk5oua:IM>|<KrxC/fk4F\rGEY{G:of,&YS\rw?W,oG%Ym0Ikv.{Y3Y_Y0o8a>k.{:sxHotwjs@%S4-&OSI-TZK?\"?~0@tOp<&\0\0|	t}*GM/\'Pou9P1oj{eeqx+V_k2#F-2-\"J$-\nPIgO%\0W\0|2`gZmOOT\'&<u:Z/o43Yyv\Z}~VkgUA\0`%R3YHmUM=m[x+~ f1S>t:f:2o!b1G2+[GHUGkkKK.MesK{+,\ZOe1)<1KxI>1-n!~$OqB\'4%X4bF vZ\0uZ|?}3HrFJ^\nCw29]?8,n8:-]K--c7+	wVG\0_O`u=\ZO?j:sM<$]Xc7VUUY!3p6qwn$-kvx4C\nZ;/@>mD`zK%T]/T_>zs~4+;Q\r<V}$n\rWRX5)U!t>5%S>)u\'PmiPD\Z{[.#iV\01ixlez>\\3~.43P3A<!wm{c/}aGm#*Z|<F*-]KHL&Q,3]ZM]Z6\0R?@?[S?/Zu\0,V25Rq\ZB\0\0w3x(i??~Z\'?[\\]-Mv&MTwf6#n!oni0z5UuXc2}6&hus,4@iVoYuNg|Bc^mc\"g}%~M\\m~W]zz\0>\0v>~wa<3-;6)v[NWdkm$1qz_VzjgKMyMHXc4TeTl\nYC\0?/-GNo;xK+mru;\nVtythu-\'>Neqj}.m-.m`ci,An pqJk?~O+o	Ktembo\"psVC |5|ARu+wk\n\0wv/>\rZKm\"&	u|=[t\\k:M6h?W+	3j+=cY(_xe(|CO\'35jW7JksMA}6\\OO_p?9?m<?c[E]x^/YxW4nZX5\r.G[vHY5C-xQn%\0\0<\'|?g:xNW*jL5\0\rG+YS<)6\Z+Dm=]eWOxV7x#Z[x+[ 4Vi3&3Ft___jsR)+|\']M$2++$1l-WC.#Ynot\"+oq^Fo\'pMxL5\r83WD|6>Ec5{M?FY\Z[yP\ZJgTRY=hynY2b_OAsn8<j>qh0d+SWsiAeF]0.[\'K$U]x\r~[BJGR\0/uFnlghK?47\Zsf`*g<nnDRiv2xi`iA=lI*$o#w!$bDzt{{/[8\0 tGq\Z:57[5\ZVFn.(6M)GNhEwEqcy@V;h\n,$h>\"VvNaGExoVe[6Q/aS),\r><MH`(T\"6)$l{\ZxH[\'<A}#s\".IxY	vqiO%cV,k	:7!33[=\Z?=j[uIZim\"N];k\ZXsoo2~Goxg%M%scyq\"H\002V\'W-o\rw	D<(&WY?wz?yi:[-:TOi)wuVek,)2\'8Ox|m4\0fN\ZZ{R[;+<VrHvms.:-f=0o)hI2emowu&&5qirX_IZs6Ntg-LrUr+6*YHlI+2	4=?Rgg.]d:VOnO:kZuzZiTQcos0eHlqgx\'i\'7 L$|2J LBY?Cg=mNV\r77wl^$K%HkO@=q\0Kvy\0<=FQ<2J\'!K&VEu2[Hmx4a:Ey~qq{@VyuceX-|S]/W\Z^[`QD\ZYA)=Eetx<Tc3n9z~hQE\0\\Gi]As$.X.[RGxOWo|;w/zOcZXSmG5Ta]ysB|\'{ggxo-n$\\qo4Z\"UN&wz!HE7|xR%G;K$sw&M0~U.cUx4F-@.\']Fkct+,\n(e+ \0_g*Xey]CmcU<U%4\"AuY#MDdtxoKO7wq_`J;a~&V#gMn\ZWo/.UWV]6C\ZG\0>f;k^$\0fiZ\Z2\\0.,m-t/N9AYxKgMU[}J?W\'>z#y-oF7i6\"[\'P]\'V^Pt3O;^</jqn{+0[4?|ro#:vZkoMXi&$CV:iP,M;}]/-e.e%$5M39viV7/\0\0aAkR~o{]5?YjN6iZY5k;\0K9Uww~<ePUR6{Zi]\0E\ra{IwOZ|I\0fcD.[i=J]T?Di2\\Go%i\ZJM\0yT.$FEY[&{[9U	\nR*+\"0*0W3\"j>ZUeM?ZUh}hWims\rnvo\\h<Wm]Y[{>\\)-!SMR&6g.nh+cQ{YA#lM\ZBi_W\Z+[h]DW!^YGmws8ey[}.iwIyo4\'Fm1O^J8G%`C|-\'_j>_kIb-t\Zns,z5(\'m7ZH.\Z8c)K(&KJrQWn.=/}/Ey%4}2\'s&Y<)j nQK>Y{-NI4]xSMFR9,\'7:s<w2\\xMq5{p-.tWMKN[H[xOxB{W644v^Z$}KA,Mak2GvoK<Ko61=<aMIeXj8X5o[x5W~IF+Oj<jTYE~ghBU4NsVOjlOSPh(]^Jn1)5Kj][\ZYx{>/k-t|%\'#N{M40ij#hax|-x&RW^eiY)oBLIYd#\0mOx\0~<#MlDR4Fw^Ashdz^QOxg}~4~^[{-/Vy\'!*Kwg-pRh,|Fy\ZX<J)M(Bi)HJIy*XXbnZq]9T:iFRFike+|{x+B4FWFMZZ]vo5WOXccHZCv\"?|_Am>t]:O<s{VY]x+L7V\\^-:Vkw61/O|1\0/xOYt5\rC:7aYg>bk\Z+4=}6\0b7t7&[ixCGIe0!|%z#6wnm[JEmfYt*a\'.a\nu,\ZX|<TfUP:RtdHi:8X(Bu]RSPp!X<7QsF1\0\0\0m}b}wiw>\\2x~_OPc5(/xG\0nAm4)!gC\r\0KxYZ\"D{T_\01Zs\Zb:Ncl%M\"Qy^OknV6OW\n\0eZj\r3s	W0=<\ZuRk\Zk?Ww.mERjIBR[Z~:W2|]\\vZT*b)zUJZ,>SuZFjJSQR8{\n7o*|V~YbbQi]Z45k\rC}y\\\0Io~\n|p;<~-<\\<6>F[hL2Q\rFI<$\Z6*~}|`|K8&?sKj{93r{Zpuo6hbu\0]X4)|\0MWIRqmY+tk.2\'kW8H3^)9SFzj:q^Km8FqiZQIV{;zW\0D,!Y6_In;\\7h7V[;k}2mVFPGd;Z=r	T,sWCgdCxcR\'G_Kh-&/[F!mz.^@~i!P]\'Kn*m:Y#xC\r-0ZZ$qu0%R&CjJeR\\\0VtiSJ%(84yJ)E9E[o\rp(PnUFr4}oK\0gi9};mKDhelpZ3Hk6p,COn\'m/kZrIkVjOipZ7P,E9<_[\0ZQ<uR.kl,]x/-#-r\\j:Fv{i\Zu\'{9\r\r-ldO\\yD({kh\0j0W22\\BYX+d )0X|\nS<]<DyeI60\n/4{^~!<=Xn;[YV[-Jzv=a]]T|={a.tx[@<_am+M]E;YLD-\"M=[MU9	$EJdGP*FKdds&y>9cs}$d-ULesz|@vZG~\"B)lkd:\"O7B(.bH95K?\Zi\ZtxMI}HS5UoY5Uk16#:Kc7HQX4D3bqVB*S4\'!sq?-8Qqv[T2PyG|+`x{nU!;XN7G;6^vm<=!l\\R+6dHd%B( 68`9#\"#rX0\'Hi|\'sxwPfca$:}tO0&OeK{yM6\'<W\nxl4X:(-vG/pEA]]Gk^9axn>mi`MGGhnPjran,%KBl$)EP\'/wqi^|AkRy:}-6{u]st\rO:[;4:oO|)oG<\\O,Bh.#a;yyms\"V,\0~?u~<\Z6w\Z]-$mi2YVSEr2[H\nNA \0wimZ-|@M[_3@b[=3|4_n5\0YW\Zr\':eh*Errp>T[gP.dcG**yQU70l$/3\r[Zk=GOu_w\ZvL!.\r7o.+{4<$0Tp;bOj0KjWWiMZA\"8E]|K6su$\ZMcUoeVIytV\nFDr\"Vdwp\'^\\e^V]N-S }72lu&s\n&?xZNM&y]X]y6Hj-K{K$Wo5];xUgk:~\0n6u3&cv4VehEZ]27\0HT]WJWEJn\\)#\rhE*O75y0hfoyl=kEKf5+ho/!L&I,Kd[m5UXfX|kg\"|1ei0\'\Zh\rdGk9j08+\\YS-cfKE\ryqhI\r-\Z]cVVrWjW\Zf\nSz}b[+iX+n(JZ_[i[l\'m#O_>EO<[*K(8y`X7<H+GxSc[c]i\"ffKuq6xy7Lr1{k(4[O|Uv$|Cr,o2jfYKc	4/|6;;>RiI-lx%e2Q\'I\rz\Z8NTi:|e)843(aBJ\ZU#\nUEMxet)j=>X^jhIVtA=&[i^Pi;\rc5&[?G*|W}wk<Y-H&l/g-/\0Ui+6mx3\'IZ<?FE:5n0EQ*@u\rKkom&{5[\0x]\'xcz\0\0=\'1\\Y&A2Gwef!t{04P+K\Z~8qpT*5**5rI~q^Z_	S:hb)I^qWV?f_t?\ZhPW {/k\r+\\Cku|<)Ki\0&>]:u/?1[iQ,x5r\0dx?k-&q4B-#X:|>8S\\Eob>9\0,Z.hfmWIy-/!c>|=*Met%iO\rKbbcM(S	RZ>.1Uc\'|l0MVPO9YB9P%	nJ2=\'h5%WWCuK=_A|I_?Z<XuMfI\noDizJmGA7O;u}M^\Z\ZA}q4l Fy.Em?|W\nx-KQ1x&w\r\rOK]K^E~MkOk\0|e-%mSZ&kkpc\\[_K[wHt/Ea0F19ju)f|&%a`FSi:972f!pRexzkK%brNV+V\nKL=NJ>9\0b};Z>x^:|\\Z7#-JbT5oxm-!K^B!h~~>	Eh4$\"G7V<G\0:\r_|U[4Y:lw77\0L~*|	xs\0obig)k#M-q]ER+<ae~4\0~^#{~_.|Oo3&?<?e[P\rCK/e<1f@fit\r#?C7k	_TSF`W\'7<dr\ZegJz\nnUGc9f%N-U_R10?]LTITF+5xG$<I\Z%yx[-)<Gi:}xD|7a\0	O5QmN_\0Nt;KC\'<\0mK\r&C6-hTiY7H_i}HgmrZ$b+\\\nYFi<Z9MG\\CYiSLX5O\0gkW:)Jw-+t\08h8/}whmsY*9sM(I9$MY%z&>8<uoCkvNxLv\Z\ruP	i)qk/45l^d\rx_|/q\0k\0j?\0>~0#^<;u}yoQ=G7R\Z,\'\0%.j]3~1bEh75koYx}_Lu}gW\Zs\r,Q	6c1x[=#xX/_h[>><\\Wj^/BN%t_qekeK\0E 6\0-~ Jg<e_NuGl4]z%$nl>^4fqG\0bW\'?~!xu\nqMco!QH\0X\"6##G:5jEy*]\Z/X[j:|Ax[u=2$by\0h|i|;Iz4.1^7Wr<:uuc$S!`0GQu\0~>=g?L\n;w~Wo;6\Z?i1x7g>$wJ%kLsF:%\00?\rE4]/Kk9n<S8y1Xxgk_h\0,o/5OxR\'RO\r&[BFwS2b-|2jxN\"r\ZZ_]]XZ-\\[^M\"G|]\\`([NgVLmh+nkz}<Yv,xW,gvcY\'.B,%\ZdOjvkz]\Zcun5ehU<OkrC<wVKGSL~K;95\Z<4;0sIwi\roB=D5Zg1[D<5+Y`G-G%72}7RV\"K}\Z1\"&|#2+3\0ZmN.- y2q,VLv1<{Y\Z\'yiBR$0HKnS6sZ[KZtuV?wygpb{;%\ro&70w\"\\^>Y7dp2(q@K(f>3(w6),`xV0*[kFHX5E-#15O<-	\Z[Apq{^3\r?DdY4RC,H>1H!fw:xZU?/YhJ_g}?:]:RkykYaPQ(:jzcY%+dI\"wt[hd%Km6n#k;n^	e}R+y2Z$R~3}UoxV=n5]F7:$_Xz.nt5KE/olVn`m3XiZ%w\Z,yX<Ykf[M^0_WyK<ru	u\ra!hX5m,Zlo6.GkTYB\nkVBr\Z:asv?4M/#N@`dS<6D]ir../MJ#V}5H38eS!UCx#&l&nSiWl\0\0_$JU/T\'Di5_Pk5j>4=_@UYY?g:\'{}	U/\rLwmIpC4mW <r\0p\0}6vjSuy,*Kh;yIe:(m[U.w%%D^\">$7i7Gn0j0*_[>xkcjYSVM#Tu+`g\nL\Zgc\0cmZaCQ+e-\" u7\0\"</xOYX$xb&c%-\\Qses\Z>\\(h#ROmN&+o{ekOwy\ZM[	+I4Cg\'lno/)%svn!>u]|\r^x_R<	OO}-5x.\"u7 Xfj<&mKnuy#JZYt(v_?c\n3/AImS_4_/7$mi%\r[a-}w~Gj\Z|+}[	x;V]ZmW0i^\"xzjnGUl(c,<?z<O_fnn\ZmI\ZlyY&:w4|Ix~\0/_qGJ:^x]r#_\\6h\0`4U,&*)aiG\rAR(NxjJF0\\\'566/x_&fcQKR&]Jq5g)~wSN<?{\0e)OYSR4t/4D0ix\ZmZ:6]YGkbo1$E}\">#dIZ_j-^>vZO{Cuos\rtF[KV+i\0#M#y-G(iv?m_G|l>h>\ZZX^]x\r-u)K];j3[_L\0N?.i/C}.?LO\ZXxOzk+*[P@Z\\JUTN4	VJ3cN.:]E(:#\nXOgja*)%yJUT]9z\\Dm\"21\r>iWvF>XEuR9\r5LFu]pYoq`7:FL\\Q^jSZZ<SlHbLOM1k/WT#}=K{umALRM:%\n`[/Y\Z$]C]YMFnT>L^ANK_?b5YN8ZjE)JttW0\'/F~:|W58b]:TE1md~mv\0u|O4_z?_|UigY6xOQ40N:ik/$SXE]Zs[\\C_|w?~k-%Zn9\0Y.OuxR.o.&eIQO_7Igw?/cvZLtm\\[ftyFl~*K(d!:@mGpd?j*PO.`EM:a\n\'dj+\rFJ\\)x35rzUKFXl<e%<]JskkS:ta:7?_&At5W0x{SVnt[=nHUmBwGQ\0?\0QiF/(g}eZ9Ks^k55f6d*pCE\'q\03[xWKaZ|+/?F^7~!*:5]FL6s\\Zi?|K&|^n-m([[\\sOhVt7])mc7Cp~Uyf/|L8>#o<-V4xGRJ425,V2<f\'5):886epJ9=<TgF6CnmarWrVVt_>+gA/UuW@~!g\\>#-LH;1x&\02KroE\"x-j&?1	wJd(_<9c7W.2j}mwwG}[VuSf_)L9RH;+L\0?Sc1_6%-^`+O]EUKrQkx&vt:Th\rL> |@SCm+z_:NxboH9\0~\0e?f_&H4x,<mRewylOxR0JAt~ZWX\0_:~-8Ni\rhY\r@J[D\nRoF=+3ve`dS&U\"FxKBLWnI-7.{x\0F]y#\0d;?-|}J+4/x/V-%52wpVKyU	m%p|TG7ot6^\0&\ZuG6vVwL\"6RcomMB_VD<k`Exo(&;2[!c\0>5[G}xC-Fw1{]bk+C:9,PA\"KXc~]}_B h23)@]eD- 1,h1,,c!yr^c\rPdoHkd\0O~?xZ\0zeKG:3$~mfFi#HNc8Mia5H\n75EU]Z2AM6#5v7Is<;I><\\X<AsaPDbuR2+tl:/|^\r:&>(bHm4|>#-B-[@<\0P{\"\"yQY[WfY^2=3ydM^u#$`0Nz8=}|45u\r\rvvOwP$4FlLR{9BGh{{*;?6\"U0uQ5B,^W>,K4+nd [Je4HItS =4	b 0h:n6!9!8Hkz~wL\0Wsk#]C\0K,Fa\0Fcae):Fm$\'{hM7c]_RE$zU_6}{?	k\"/-5}b:Nqak}n-gKh:y4FFK/;\0?\\=* \\Q&he{ -${!K*dGP$(\0c~\\+?X;&4KStOY<v6_L8-#{{S<v7oc6[XZ0McbZKH,uFmJ+tO\0f)u!r-FPVe\ZtoAk\"{;Qjd]Y,hxf0ExkP\Z1OE{r<KhZ\r]aH?1/f$W11lD+b8Wh>E:Ol$dd1M2$h6]	>0\nJ\Zrz\\4wR]\"y\Z.u]c/bU^tRRCl\'Z-&:@=&xo4Ev/^^\"uZ+LC,%& ]\\Cko$lu$sxkYekk\Zn#KZ]PZE6#iWo.\nOk0CnQu\rvKg1\rk=ub	yt[If\rbIX?\ZN:[luYK]+Y?!.%hm^7YE:~-m66L\"%i0Y1c+x1.<eHgO};]M{k%-I3MCZ\r[Oy<QKZ\r,\Z}%^L\0&MO$	tj\nn:xJ]*-wB[mGJb:}Z(4\Zh6y~(P{M^ i>|3u72I]C/D<@>0[Yj\Zj+jw\rw\'fZD1\Z<qspE=2+3j\Z|a[rfR?O\'~|h]~8ok\"o+K<bZ^m$ZN%\r+s;Kt[|Gk2<a2[.\0	`>#8\'-[a?|E#q_|a\r#_#\Zi/4_\r Y\\Oeq\\[K}K\0\0tx\n	>,~|#3]JDLSKZ\Z\";\rbPw#4<Iq^?\r{\r_<-Z\\=Bd-\Z>Kylgc;XZ*FRNxzM\ZJn0RjRb\r]|RE:4+WTNU\'B\\Tz`qsla{bxM=*K?xzo\rU?_o}@<5kSI]muo\Z}=<OxAu[R\nJ[d\0\rTCuxcSK|ycXxz0.HJAQumB4xpI}I\':W,Uo{HkkGFkM&7$}v?V|{_!-u/9ieG<m\0)ae@^\"f{aM_go\Zvd:i!XVRp[o.c?m}h?bY[p$s=Z{-yA*yA|1c4Ua	5-MoO+Wg:p_I%Zu-2|M<)oj#\\=4o4Q4:%\Z\"8vDE!9.bXN:W|S\rCD8\01U$vT\Z-7~,9-h:j0VSR?s<5hhm:43$xK?+gzkA<&eI>>wc<0gfU8Od4jWQ\ZZ]\'^Px=%Wg,dRo\\UEX~\0Be<Kx_Fd2X!?=\0\ZY$\0!#\'/W>\';xHKMR-em	t/d}}24%x[-|	er=uagakkJW\0s\0_Vu/x{\0`S-o|]px=^X]m,o4rj$?cqGcjS(SXa*xsB4KVUEC+e quL:3~kN0KKIRXGJg+TbeI{\'G\0wq|+tO|M/4L:=ucoG}xK{TNJj</4\0i*7I&,m=\n0=A\0F\08c\rik=/L{I|I\0Hm.5_z[h7w\Z&m/[z|mgioiXOUX#\0MoP>GRV^K`?#IQi].Z1m?x_%\0\rNi|=EIc}4\rG$r#5	x\"FM.6\0\0_oguLgY4;>*Mw[#uy6\ZX#hr\0?mw\n]MwHOi<_kV5On-mu|{s)_6H.Ew)x[~\"\0~^.W6[+IxR[> Km$O.r\r`<rn{GU7wjkwAX_\nG5&kO\rk(%	7{iMcYnMkmCNeFkKu7hFZ\\,WW6/KW/i/+/_;G%|yl\"L-\'Qt.44oEctRdf](\0-\ZK+OhdX3Tt)^FXn PeD|Ik4\0g?5\nv^\\i#KNmLjlme}R*I\0O6nHLfT)=][\r<Eceo)=iu|Hn|<Es.=ukW7|-?^#,6A\"Y:toycuk}is[+9yGW>07Wkw|5o+^L/tk;6xWLH##g-le[k~@xgVxM&HlZvi:\Z>kCxBh:CwhQ&o\ZY`\0o\0|A!h|V9ku\r|J8f	L4\Zl0S4UkkK6Y	+kdm\'Wo~\'h3xWCCi>*h(rbMapSBkmOkz\'{_o\Zeo\n++h<%[i<=3nyW]9w)GTDwLF,3geW2^Z+Uu;62TbC=\Z[i\r^Fac9{G7XE;)e6x?>\'7Ioh>o+4:W4\0h\"mFN\ZX/8[W2KWmZE)$]r\"H|\\ml|C=+7#l1P\ZN<1GM6=\']\refw1}OGQ6k;.ZM^im$s\"9PBXdHr((w\rXKDkTKLRCvKdg{5Y/3mo/cwf?jZAw~-[^qK^mo:9KL|i\Z~|5~-x.hZk~x4.]m#EU|[wZ7,Ok]\rj_?kN-o >\\ag`{s iU>]SW5>macM_AW]*PSRF-2-[}&\\mT,B~G2t1cqqsw?anPI5-42<\"Zj~iZ\0h1eFo6I	UwkysT|TeY_>xZ,sov[ t~~IU_x6HN\"lU\\h.IfNyc\Zdb{|6V\'qkbuVKEaW)pQj\0mlz>h#=V[2z65I,w<MOQbB;;\rNum\n]\n{x/A]?[qq%F-Esv|8g\ZM ~6-NOFE)P5 x Hu>K{x+|Ct-3/Kc}2I(x$RJ3mb9RNQ,|7i=\rh\"E*R4dK1I?\rB[k+ybF<^okZxoYh?|4QrI\07rZ	\0E\ZXXX5+xnGWE*yA`M!,_Gk\0?3?x1\0&`|C|_rft>\"{WTG-|-]r,hcz}SLp ki\"0`\rJ\0y|?H\'\0`?]z^\\^\0=\rOzRGsi>0X/<3y-/`dM\'>	?in~~\r6=|h1\'n5	t\"o\\xZ|Hn/.5}\0\0jOx\0okV7:ji6	%3:P-L/\0yw>@Jt43NkKUeN*%lT_)??Ghk/xS[wAX@:/Loo/e.dWgi%}RZ_Ggmk<M8>#xfB]oQ,efBu[ Au\0%o7\rNQ<-h_gKiaGfYe$RF?a*U7P<V>--MG<:.[u~/2&A,s|XIpBxf.\nu]gVM[W-7WT4ntU~-U(\0<|xs/ubTK-#-*&J6J\Zj~_KU=X\\^TMv&PAK5K*|@\05Xn>$uimB$u!2r2$e9H FG =WGum.\\K]\\C4o_OK~2}p\0F{GX)7#[3H]\rcIJOO%*3<m#`Ahr|1w-|q\"j~[f{%RA55fef*5ba(W6\'wI4qi7\\;%jjQ2jt1g+UJRNjJ\Z*I}\06|A/^Y]\Z6{m<a_*,%Z\\Y754(bk]o5 lcId};HwEZ(cx|Em*3y:kzT\0f-Gx[]|Ty|Dm74h6:k&h<{NI7_!k\Z{jww\\Mq$,I,wHRo0CQpye:OhJeRM$b?#\\\01Gq+&rTT>JQn:Fo~\0| B?f\n[WG0?7\"$?o\0ln4{SE\rrM[Bp0,Nd?\0uR!ax~_	|:<zeu[OYk!4.mey4267p\"^{P5F[6FC)$vR[Id~m-N\0j|VbAmq0KyFvbFWzu?IZ^i$\r?O^/B<uu}P|AbR7cuiaEvzk{mi?|)\0:uE3vr3-{\0	hccxfU/\0$S5\0+\07?m9Dk_{o\Z\Zf;[yigAMSC.\"QG>owO<(:ckimnuz|F</GaxKkd)|w9i<0IZg\r,{KK\0ee.-o`F;/F)*$T.`uY1J#U?\0\Zk$.NP=~xt}eaq%dVF=l|KVwoHXed@%dVI+&)ci\"h4?oBf(O>kZ93@[{o+\'u]P\0jpOo+#ZPxf&\0uI>usG\"<O\"=^5I4l\'d#ywVRX4nk36\0\0K3|5_<u_\\.X\ZVS]r\0?/;5K[}/]V[Dk	CsxM7M.m<)\Z~iPZ[@^%MXryoBJHPE[:w6]V,V0L9aQ$VI\"TVIM\0!]POI>6Ev~.`L;AV-5#H[mSOo}-j9AKI,(;5iyoa3Ve0+D-gp$h?pF$DwEeD\n2:I*0xpuqqx(F+PV,[%$m0*Ku2([j\0tOY\0\\xKYC,PPO`&MYe?`sO#|%m|EBy;ZK}(PC%iS:;km5#moeB\0B:K,)Yr|:>k\'.=-&\rB]k\n/fobwZhzt:L\0:}?|:=_\\<@RewyMerK\\hxGi=I>w[mD<K[i,\"VJBook63~o>o\rG8?FVh;-WIIf[;|K5S<J Z\"yIikx#MiTo-mW}.M6.5ifQ@T_\nKf_	]^j\'-<\'/<9ciwP^[UEm_\nk+3?<\rA&,b\Zu.xziP5\0{KJi-O~7xz|O7Z::^3[+G^ndA2\\Z=\0<\0;mPR?{t}GQ:n6U/$/<+\'y4|	k4h/`m~\0nGM{^]K=74}>.K[FmqgvRTeD/O>Ns5x(ke,W	.<<b$w^w&-g<16YXx;+dI.%K-!R{xsI.$v?>+CM_kKEtZ.#FG0zCw^1-<aKZ^j\Z>xuJMgZOf\ri9g#\n7#vXja\'HDWt}B[+s_Iks,w6\r^_^ynuF{{/R5lK]$bC#ZLm>\0|\rKGn-gK\0E12MO$\Zm\\-LY4k;?\\O\"tw~%$m5<\Z 2_xs9\0>VKlIF_;urm=:[x1%xf409|*t+M{[Zi}\'P\Zwq75xV&<=x>i~\Z/^/sM_HwtFiqnC}B	\05o!5~\Z	|_Mi^3<oO[Ax{\\\"so~\"kk/5\0\Z_&C,V!|o`%D-F~yIlZkwPox3TOk\rGzoW1\\8KN_\r;Ol_?/^P?]o?|W[y!ZW\0	7fD\0O/!_O>x,4_hmcZeXZw4-:4hCeim`6*8{um?e%5W^)<G\0\ZE&4L@\0e[=1.\Za_:uE?{XA.?Hj?u\rB\0a/Xz/,^K{ax_?T/)\0_/\r~	?<7z?<{o)m;}.KH5vOh-S{so2dVm>+.f/g]F_&RR;l&h4G	@(Ga2X5+v1VW\"[\\uuos~7\0iOo|VZj>|)hmI\'<Caf_O{Z$y}<PxO@fuA8GoJg8\Za 1l#nbkErHnVX)bJKGH+FUea\"Kb#HK<qG\'y2X$\\\0j:(S-OZe\r@V\09Ga}:\"p)8B3U}k>=ISy^6rFs&p8Ir2FNsG9<cx5\r#GNv@v1?1Fhc\n\0yw\0^38ZC_j<n79O\'CtukH<pj:;^[l8?l\'\"MO5]GKMo2k|[.&!)o6f~\0G\'=\n|H\0O_Wu*MF[PIKikII.t]wNF\0R(#-?c&Z~^nm	}m,-G9\0{o\0\r?-gV@9\Z=;^$$-4cT[	c\"m;?&?:\r_/kmet|yBO5KhzBmXZ4qG` \08~/y\0\0\ru1\0	G,GodHW?Y	`Ykz_m5p?j5GOIkTbK]zx\ZH/\"Xv-^X.\0&+qo,<|#)4&|Clw}PYN3\r:s3~,\0>:%YZxH&SwMniLPs1\Zmq/[Xw\'tO\Zf\0{Kac[Lp1eHYJF=;k\0\Z\n\0\0hV\0JxTsgnR78$6Xv\0Yj>Q\08OcO>/&dF\rQ9}>pGh?{g!mJ,ra6%Rz+6AE~+Gf@.[oXAo;k_\Z3^Y\Zg/,nH&[[mdyS&z]0wA>IIBxw)W,|{_4Q[;Dv~rpB3\".c hBC|/wa|AWl+p]>Oi<S-F/\\$N/Kx$t]s<%$I<@m,3-~Hr%RA>|F|\ZR_k\ne,0N\rgv1&,J#k;im[9.mo44\re5[gN]`4kFu;\nx6	m$|>+.]H#EsyYu	x\'o$\\e}wZZ\\Og{eq.%	lK#WVPT5J/\\i$\0hb:m,J|dxFE-NLX_\\9\\m$~a,T\0z4USE}L&[gK?VjGMv^w\riwk852f`;SL%VHA:[\Z\0Ck97Z>=6/CH/,/-|k%dc5$qaOD5K[d[6)QeH	6	%fe}>0\\]{/(_\'=Cw<\'>\0[m3M%X%koxO)%?Ofmm>(_o#G\\\Z]ui\\dX^g&s5&odb	\rFxfheYC@IvW*	8Wd|H}w-Sx/RlIcIaAmu=<\\169u5i/lbh\0<;_<MFd3A_S;%9?f\0\0\ZG4{yqNMa=7B%to[CCTU\"i|#2c=n*_ZoLml{m*c&ldY,;Wl\\ RXW~!Z.56TV][a> 7?S>y,\0L\no\rmVI,X2]|XcER+2;w2%1i~M4UWwuafq2Rj5uKHMXC;(/GYKomk2</KH`=m#Nu#\0E=+\'wy_&{c|=iSK-3S\'tHh{W_\0xN7NK.mM?U/mxu=6{a,EO1xgx\'OkS>Z\r\\hz,\0i(y	q,o5w6Z3?x;7//w!|.|_C^@n1Yu5QFI=3\\i-u\0]xw?k\0+$Dtet3k\\\\$\ZxUE%>NOmgE-\"oE^$u].JMeo,7	l+Ehy\Z4.|/I>5v7ku;%_^P3o4R[N,GM }KKUkint{g\"k{d,>ziZ}6;Gxecc/ClVXJ#htW+~guNx\'o\0]Y^m\'Xoff}gNtK\Z+}NTk5f[GCY\"1[q*v:1MKNW;Iy.#t7VkY\'|UGc-I}]Nl/pdTag,-.QHJ9yO:uj?iW\"+O K{&Hmvl/>wi3G:~&|6+|1A$~Giv1f>\Z(w?OX[:|ua_@*Nk_ry|s]RK6iWWfjE}/\r	ls\ZE:\rx\0T&Z6-eeh9\"S`GBmN%\0\0\'\0o>\r|vMMohYvUV~qutQs~\\M3y#WxZVCqj-(o6Qmk:GV;DA:*\Z8\0Ohz#m~ ]i\Zk\'DK=vIW>ebx-<]i$pjvHf?uK+{qH\r</SB~I?MKY#o4$)<r\"C#\0UR.<\"E$kqiu[{9rp2hdTYb%V\0LHss@G+r(`~#\"E<CefKP.\Z\"\0vJ;NILY_3sP7(a[;o,\rmukiq$r\"$r#C)k_T5u-tK{X\\q(#3/wc\Z`,BZK K_	xQ7YS\n	j~7\0a\Zw-Oq6XAm$m}\"V{To)h~s%?hdoB&xpn9ia]\0\\k7%=U_{GMgQ|?xj3A6V`.?d7%r<]Yx^!w!jGq~rqPitAw\Z;0C%?fxSJ;)jsZqs]czXc?__\rbe.SeUHfIM7J5MrX\ZSu[9\0x\"?M?(MR!k~<+ma>H-X,*=Zj/;q^i|=sxEYu@\r0Eb,i0\n-\Z>dXzk/^X/VU*O=+f\0<w_kv_.\"&h`6%EdXn!d96k	Ij<\0~#?4j2_T}Zp8;\08LKRTaF\0d\Z\0WXuhqR%pO\0I\Z$aIdTmKRyaHO&4<C.Z[2*KF4UVy<!8\0?8\'iXF5;HClD;d\'h`p+ps_-OR^%NdMv++o{0MJ{{Y` ,?q#6D>\\,r`#u\00;+T?7i\')*f-LdPI@`x$F\r?xcSllNzE}jBhY;<mFd26^E;5.dc{x7Z=5mk\0\nk\nxF1M Y\\3_.lk)B3$\"F^;6WFW-?iu\rf\nGp(ayUDK 4\'\0j uYlM?V0_3%(.~H_F()-[DP+<3F$2j0IV~Ko/Z/\rv\rjg;SC?\rN&{k[Ky-o/_Wx5kS,8is4Zw<C\rkxCM!{DZ6v[$Ob`QiYgq{h,+..KR=!XU&EWX8dU:\\R +$s(2B\\#!r%RxY_;;&:~$nM[Hr$*@7x{>6lHkkI#mX+<3)IFBqW[]]WHnY\Z?D9#!$yzWQka{$Mg>uhW1f|r$mT,wZt-e4R!C2KnYXU@Ff\0(\0\0^Ri{,e}{ug__xq2%~54\r;Z\\GYj\Zl5fyg,%T4EU\'%M}k?h-u;2MVP,VX\'hT/Gak\ZNx;Kmo\">V6Wd^x\r$SYgW+{r$GQ__W/._rE<[k\Zd]hOh3_F-ORo$wtN\\c5zA|Az-<+NM9id|S+)m-/4fe\03W{CC>&|8I mae`1CHM\'Iy/|J3\0o${+Hx.\0IKYCI\n!X#?F|_Yo5;\nPOxK\ZY_kCr4{>\nZ&joYj2|~\'|,7|7tz_e-|B{\0,KiC>u	H~sZukKcV^gp~$_L[BmS~{\'+GXYom|}ZjzmiLo0.]/-]D?uOhsMK\n{^R%H1%]O~z]\'O((8YxE\'xj*^EFGm5}NItV\0xkroEkJ0FfO+7\0\r\Z]saxBZu,%[}GNV1_hF;-\'dt\'Hik0xCz>sc%Z}5sG}:xZ_Y]t\rkCD&;u4+n4{Lg9.?4-wW<ymWP|\r=3>46:\\G]\Z;C\0bn-NbmL\0\0h;m\'@K[?F/pkq-7|;vqgiS16q%W9Yetmj\"ty&pZ#~3hz\n3=\'Og\rcB~xD,cO{?nmZCk=W__~\Z?ixo<Gl+kkq\ni;h,27/4\0DF|S%_[%*btm([\0?,_(}Rao>VGg/n$s!|~!a>_=~[!_N\\+8p\n|?s\\7c\\xYI|.I\0	+ylI\"?o2<;-3A;h|CI|Cgx_?o#0<7>_ivXZ\'|U_:X\\xcS:&kE6m3-q<V6Dmr_ZLH\rX|m5Y1%?kGO9Gnd,ZVVAYZLiv\0?o\0_|X(5]\ZK+/:Bb^]VHo\Z3fI\0`+x:[_?mW->x_e\r7q[/9a&w,kqz_S\0/44vR}\'#3VsKIK\\Jn5\0o_IZq/>m*9m[j^0Id[jzy+\n*e@?/\'\0.-oy|S[2J#<t\0	fdwm%$2`e	?|*gzO<\r*D+8t+GlcXm--a	1E|*\')k\n|,fcyf|MVG,[\r3U7=stZD[c	\'yu	7v3\"de\"I-Cf@#VM:,+h\0?Ne36V\\	YWlQ) RWymx4L9=@ $AKgxAzc,\'+kYfor\nC0xM|$RW5XhBny2LrW\0_f\0!mm-ms:XVHu*_q~Q^9m_o\'j$hE_5Z*@dMH?,?\rVX56\0Q?`py_omAmp	<G?Oo5[!*i1/ F\ru>#\'?OQY	4F3=L4/zIn[]<Af1YW\0n&\"Kn>qw e\0>2YD/%[}F Fk ].imFk\ZR#d#0;z0#{GO\rx>+v1w6cP1x7\'sKit]-ugxwP\0I\nj+kP3<7v#\rq;gGP?L[:KOIu~^^^D23ZBs\'$Q\\kh\"tYNV!/,ni-ln\nql{}P>Ko=8tiz&V<bXr^-Suwb\'\"\rHk)f+W2yy8|9w,>	.V[-gDkK;.{s(jKs$w7\Z}M1VW586%$tI%^\"]:nIF%43n[XGs\\B\"\0g~?:G-|+oKQYI6Otl:jPjKKxvh~XO\\A-za56Ma^\"2Z\\,i$k~|*}/\0>6?mWIdzsKeiz\Z\\atgyq\r~$o|HVo|usm{{^&,5c{m{G,/u[5?n1\\5O<P0pfvB\r\0>#YAn\0-kMV])c$fMmL&PbIca	ZXXHEhZmsRf.&Oyt{|^\0O[J~yx\nya ];:Ys_Kj^ElgW\0QEgS\r+j\Zb5Nb}]U0KFqt<#ZvU*}U k>T[4[af&k4>H\0|)wA{s\076z:Ej76Ws[Y;#MK-w/u^CQ)x\r7^/nK=5#V	on\'\0W^{uk\Z_>>JEOwy^iVMeo$rFw-?e	CP[*:Neq<EP5\rjMWCA632wji|zi/v <	xC.\0\ZkA5uS(Kt*k[kz?g<=tX.mjy<t\nRkIV-W)bA\rK%In&[&>7\Z#\ZFJ[eX3O_\r|X7r\0\0h?k|C;/4~R|M-:H|Kq5GoQ5	|~%>_fsu%\Z.YI,;|3\rOc$]?@\rVotm#^L\r\0Ok3,]ZGi\Z\\yDk/5 Z\n~_A\0\0|>\n/b^5G4}S[u.w{iwZ\rc.`u[}k9c$+%(|9\Z[x~m>YPv?d,u[jEcvPn?E?OMOMPUJ]E]I-hE-0su\0\0\0xK<ag|#}H|9qYgkYZ/bj}I6}B;<\n~G@\0_uEBIIW@-4sKqqai\ZvtJ8nOfwxN{=s_7-@nQI{c^|55G^f]HS_CC_!|Qo\0~)	4?X\'qyyo@xgh\042oP0zQ|UHA dX&9:??bc\0wO\'[:^r0w!Mp|:e3Xo?9I\rWJmnV#24Zm)-Bnymj8f?V~|}C>.Tmw,vX;	1*C,~tpwJ<?80GAzk(5R\0d6.qumrM,PL?</gKonJ5$%4/=\0a[uk0:h\ZjpitR^M>6#@f_Ffcg0.ZLN`\\O%8$L=AQ\0~(|Oe:_Y7pj6old(	!(#`yg&yqgp|&)pd\'\0n3YK\0~<ixKM$<Sv5-R(5Ge{I\"AiOV}%ARM^R}.Fg}.y6.-^R,S,15hG#s^;/-y1\rZIMH[~?]8,Sh//\0h-_ZDI\"_+\"/W\0?e]\'H{cX\Z7CC l%oevDB_iqj/-\\#9I\r\r,6P<\\KI_<C3:B$^.-e*6ERI\0o\0_?m#\r3\ryO?~%i/&6]i\ZYi~,q+xZE-YjEh2Rh\\6>/.Y%2	O_\05{ywMS?.n~=7:UYDZt]#Ym_v?&H+FF O\0?.?i\0?5|223[[t<C](Aqd5[k\n[GFKi\"/-%\0~_S\0t8xJkzo#XZj alou}9 [G$Aiyi;[VnUWIGh#J$/\0/$MsP?iG?CKLQZEki\rZxiw_h?c.e\ZMcTkMOO=iw~5IgIhISI?eW>:xo&xF\r-|K&\\^^Gf{kkMuwpM4%kom3Hm>Jt?M4H,t?Ob+kkh\"DxcHU\0\0ExHG|\'x^7\Z^%fymu/gZGZ$,.i.k{\rM-^sYo|HD,2;<wk\"MsS;pVK?q.dS>|6Icgi3eYGqK:Y\'94i@$k$mu\rcG\06~FvZ|fx4&-jM1iDz<n%6HvZ|S,kxGVFd}j\nNuExo`i!WV4.\02%2`wB29VRFN\0<iw\\?Oi,LBjsz-iRN)t\\wJ>|%>3.I3wOao\n]\0jF(9m&M[nnt{KM1M^5|l^\rCuAk]Ow	)\0fi#BmfIQY<	cguLm\\j~4;]cU\ZWQ%u-Y[wU=K_ZE4-\r8Ma(\'\"c.t\r}{JrHm[(dDi&{\'Dfk?OpbfO3# 1~\ZPw	7l<o|<m{e\0|ExT~ \'<w]/P\"=O4IqY!67>k=!?@\0dit{VLBnlm#^I4g^j\'mJF|:*|Htr3u\ri	@d}DXj6rZzjop\07#x@\0/G\r_K4OU\\_&l~)i[kE5\"l][kwAi&+VI,q9O&|{c%X\0}Sc4/|7]\"Hm|KTYMX[V3_F\Zzt@Q@J~4a &{<vSP_[!{2#,o\n#:|Y5th8xD+\r~f#.#xxTMoG|W	}Q@\0k\0`~;0Bu\0:sOcq\\\0jk|.tzTY(iZM \00h>3|Q{Q<=\rxlKmE\0du-w~2|Q|/5o\Z\0\'l\ZG]<GqxgB5zhZa_[o[ooBAv5MSDi?d}s[5~)jFKx<%:FZ^\r|>\0\0#IxYokl<[/E{=u;-xWh_o\r\r;o*/xhdM3:\rMKBaI`ui$=5VS/\0(\0\0Rx\0k0\0A~ZiiOj]\rfZk77Z ?Y&\ZWZDlgG[M\rW|B=\0mxgMnn-7O_7?mZ	\nx\04\0xOGZ\\uV3x:).o=0#\\K8/\0O>o# {_]$\r>[ic8&y?n\0?no)\'}{\0\\.?~/Mw-WI=o[5K61LAewiPO{<_i_-1xA<MK\rgCnD..ZV\0Ai<;9rg|!e2\"i-$-@44(?\\m\0lXc\0~\0xQ@\'KMJ%y4sa;sir$p_Ofdw,LTw=J:}#]K\rkI,5=2_:)Ia7\n6HA_\0\0_W:>V	>%kv\0DWu%hc&uy\Z{mE\0\0quH0>\'[K*zc\0\0F|[_N5W9g%_Yl[[gqwk`Piu}>mWoGB+{`HV@o;o4{[Yr\0GxS\0hIi6n]7kH+>C0MF_?_C\0>&]R9J@g-%}%i\'/)t4\'L//e<cZ-Kk4hYyq<5@h[whI4)~K{bQk6hmmn;[;{k\rT)-w>\r.Z /4/F~T#H{#d++i+\0#?\'x^3y_MtZ^_O\rYxxiW3X@in@V^(E-86-dimKi6Er1\"Moh1\\%Ie>C^{\0E\'o3;\r`U\roujzsjS7qvIQ\'Aok_j\'W#kw:eWmq5-lu>KnKUIvHVMIO~\0\Zg;{V+\0>!53FVv>k\Z>xj[_xrJ{#H=WHl\rYG|\rcGZ\0\'tKVKkwZtMFl-\0 k6)hX[\\l\'oGqAjF}CYK\Z:qkS=PX^Z{vC*cM.BB+(p,A ?J3|wu`*k~sC\r]_@mV5\0Z|Wou\'Zk\n#cs\\!]*\rm<=Z(SwnaM6A42<\'TpX|!$rC$,N$r#xFWF}w[|S\'=WPNGGW5+-<%dT`?',0,0,0,'','CAJA',0,1),(28,'','8888855596','','producdd desconocidoo blblaa',120.000,0.000,135.000,0,1,0,'Producto Terminado',1,'\0JFIF\0\0\0\0\0\0\0C\0\0C\0+\"\"\0\0\0\0\0\0\0\0\0\0\0\0	\n\0\0\0\0}\0!1AQa\"q2#BR$3br	\n\Z%&\'()*456789:CDEFGHIJSTUVWXYZcdefghijstuvwxyz\0\0\0\0\0\0\0\0	\n\0\0\0w\0!1AQaq\"2B	#3Rbr\n$4%\Z&\'()*56789:CDEFGHIJSTUVWXYZcdefghijstuvwxyz\0\0\0?\0NG-9P2	\r\'Xdwa0  u(%`\nc\nll2O>rX0?u!83os[%XR0#wd\0M$vDI+wz\Zq|V2gEH2H*18;C+K]\rLA*	CG89p0va2823m$b%NT0~Q^`3|Ht0vRH^6S^7%d7w\\kgeeuqktsdGgx\'\0.sYEQ\\\n6=@o^_c&q|	BGD1X%[\03m%J.yq*<5yF6RPV;)4=hf]yrKAvdc;P:UIEJ1Bn]B\"$C6\"J|7 UE!\0rIe-|yjNdsxmoSlf0~;:YIf[J[Z.TL)4%-}5KK\'k}6\'e\nr\n6\0wY6$&n!v{!$O1-XS d?)bgFplh(^WP@j\r.,%WXWQ.i.&IZI\'}<(0\"I,n)3CC?2d1T+)-lVRHT8f%CeO:>!B//\\@$mV7%$}/6g+-[n\\^;x[tO[MZx_-yr$y,;y,Y}:7 aRR!U:vs\nN]pi\0cpR_X\0v`Y%F1wQN7)r./~owERKnTJ{f8h3BpAB|\0T\02!Im2\\.[\nUL>VVyrg%V\Zh$Tz12YdvL\n;2`JH[/1\n#HW{f`N\nv*4]wj.M^Q%x}Zj~-lNyUy06PWZ.pbv</]P+Hl9\nnW;J`\rl\0eRK.YNez6v*kh9UIo{nX&`cQ\ZPca,dY63BAZF^UW\neK6tUBX& \0+|+oE>rGAI<0pku\nO8#8sW//UW*mFGmmk+^|\r\08e1FymJ(7:!6~\n;\030m?(VqQ<h66ms\'yS\rSMt9B\\i]vJO7\r*SwJoyUU~JUc,\"o(Ir\'q(f*\\w:4lHqIl`*),cdee@K\0HG@rVT PY;rFVc#FIRucvzCpqi^jWis{|m|j7|{KK}LXlCcrnc32 YC/9T-W4ee+FRQ&d%(nbMh,xNv!@)F	ywxUHf62D*B	o1FayL.gi/uYYuJI~Xr|z)%J9)!LLm,+1Q1gmu58|m\\&j\0+cqBQ+e@p35R89P$x~/S\0yN	8m\nC&,a*$!I}Msi\'\rZRqNV(+ezMk#K\n`]YVRv8edgrwA!!b$).Iv%@f[oOk%(CF2c+;$Hlr$[o,2FNK)^@J5a>dvM/sMzKo5koH*PB(eL#|(fA*(,3Ku,gk*8v9; R	r\0l`c |\0Qv@fk\r\r#.r)b\"l$r/gJ\\i\\/G}u\0O=Z@)\n \02bsRURDb1\nRm\\w]Fr$_\\H<!efHrdj{8.do>Y]O=ee~w{ZMm%dgV{5cI\'iR g\0zAb3+(3bJ(?7pww\0;H(Kl1vd#~3 	1\\\0/e a}W{I-}et}m{[G/9\"$\'59zO=h}8.p&@H$}J)\0%<O_@fsnKe1Kx9}#l\"6ghPIPx-v\0&\\Xp`*Tk`p8S6H.3 {.[yTw\'RvWjn\nxW]\Zwzk-[jtiomo10\\#rH\n\nUs[@Ky@n\\\0RKTFKg4K,BF9\rAU}GBh$X)t*qVi{%vjo\ZvbUYF!Q|C17=*`FpXlp*,9h	(^pFWn]nfX8$#89NWH	%rR@~f\'Dqpn7qwyIkKnnJm2VOzFeBY\\vCcF##jlblLJ`K(Rd-\\\00P8;1*7<(B~c\r9(	hWK*q)c\0dt^s*V\\v+RQ.z)p:j2KF.7u+5__B	WeYar`Y`r \n.e!BMPQDfGUX[.\\#`H%BBm\nSv#D7:}#`[~5/zWjN]]sy,c$/{VZ=l3x%k\0\n# `MYs8VlI\\79h.{P3*b$9Hr:\np6\0`7B|US+w\'9JV\\*Z^YdE[n|A@YxTc4\'aS*@;[vYT/;\nXB#jcRSr5NPv1!2qYSH\"@@s6A\08 ;XdJn^Y9/y&e-uM;M]9h7s;4E=-fcg{*e*C!Yd7$hS*|eHUT]!8R6eVy!Ts>\\FFXyf`#N^\\({E5);|Nh+woK;lOaikWZr7&H9nA6;P%0lLEH\\w,\0`M7?(&G2|G\nIi7 |\'~q\ZwI&IVN7J:ri8=onu{v),\rvV\0e	FfN.dt[\'-rsV`v(.aY6<@*`  R5U\n\\)X`CUwE[/w\rVm1[^oMm9DHOn	\0`5QNs2@(#Y0[\nz<HrV2iherAbW+wo~eo;Hjj;>bv`8g(VRQ|Ika\';kY5f) B+l\n feUBJ1F0C)i#4JQUupk[F17 3b~PFjExmbq5\n(PWnC9ce\noSj7+vw/+)=cJE)II>\\\\e\'.)/+6sc\"JS*rHZ5\0}Xc2F,\0M;Bd@p+@\r$O-a!+dd\ZcYRQU8H\noDRqV\'/RNmJIRX>RM-lU=PE@f-2QLAer7`:gi)rO\03U*!Av%FUT!UKr\Z0|?21PN d5Ugy^WUv\'N]fxtvq*<n{[Kk~DB\0\0md(X$\0w\0<(<vs!%H\ZJ,$VMc,8R\nWEwXJ1(,P+? !,we1Cw kzyW|5iJ8RrnWQ\0SKu/{IkE=i=nyPaSbXWC$8eARd*df.[8]*w\"EG\06-f-\"B9Vh\nA\r-^TM_j{4)NKw+uK7nK>VQW.,,6X7adE\'w?d*RFF2}\nxP	71qUma\\(Ac @T9X;rT*G@:n8$kWuem7x\nM6m6rW7<*K,]y,C(@n @_/K~aa+W\n?\0FaUw0m.`$\0n\r$\00NK;m\n\\V-v^wIS\\_0W](h-4e5l{rx+=\\Ei	vzZ({\n_?/??|^A\".Yc|>oAu5idca$1dP]WhB]I8=YTe}\Z7^kS4	O\r;UE*w)WS.Iw|C-QqrMFm!YaeQC\".Ag9\\\nIET.Z.k+4t?m!qpNIFRRi(Z6QmF*vd\0F!UL|j+PGKmnY Pilp@JToqsj68nL$dyARa7F<\0$v;T$\'wqv*qI\'tjNZ6z0W4^\"u)&76Yt;\n\\+`#2R5\"\"F[I|@i\0#b\r\rGI#a-dOog.|c\n)\n0 7pwTQ\"XmY\'eN1m&n<vQ%k9]km4ZY?;^+C,ICx+\ZP/t>sLnX\0\n8r6b \0\\,fGlmcm7[Vh3I|l8]X\0vA -xyRRr0\\w%k&Kn\Zo\rVzMY/os[phF$\"j\r#8^SXJyHg+m,Xe0rY\0_r$I91DUep02qN\0#;G\Z|qm\'jevmlgE;4\'>:lUWfl`7g*Jf-$T=\0\rT-,RFr\rnO1$\0Rx,\0Rm))%oX;$CIln$T.7)FaJHdQ9CXC%XpxV\rd 1@FkR[URHq8 r	#9bEP0 b%xRBi)Y-J/MM7{-odNUw[evep\nq!p\'`\0m1$j\0n?)26Xpbv<#nea_,0\0Jsdu z\'))x6NJ1j>\0+MN7]bC#2,\';x(vLN>Rj1oB99 y!;\00;$c~w>bzV\"X-j.78ec#%Bp@9::4mBm++6$nCVRNgvkEl#U ay\r~\0S8\0.\\3.(# \0\n%Jm#l|,H:^d<\\|n*\0u kVnJ6qzZ+hfzQJM\'kW1Ve;U\0aFv?ym\0k\r!o]ONUw17\n-+.vwJK0DT7x9 Hlmx$ff!F\0YIfP6\\fTdWJKUx;{4kMFY[/-9+a&B0`I1D@KB*K\rmpw)ReFBW1UX;/i;J|I*elHq\'I_c*K\0r$w\'r\0nI*^:wN,v^OfQK5O[OkFZD)l\0d\nYxe?6AlN0\0a6]NCP\0VA5a$ep*YrsjN\\$2?1\0+G^\'[J0vNJiFQM^:m$KWFuE^MVC8#\0h\"S@\0;Ubw|Jv`b8(m`w\n	c*G_T\0B}F%+I(f$[[6q*~i)V%vI/zUZBYl1m(k\0Lp(i\"1P;J\0;nbq7v\\l9`\rjjKRJa_	cu\npW\r{M]GYY+5i%uZZvI[F%JrT.Xd\\F/ICs\0\nC|.s\",QoH;~Abvw(\0\0If#`Zu*kd^kFOZ]FEqzeeVvv\\n{BNGBz!plO\Z,p##a9*+=\n\\0	2bILr6pG#$(RXY]-Ha$ HM;4z]{FIi>W1K6M$tWhn,qnUFv3nPac@$1`e[mR\"BC)U	\\+6r	\' 7-6Pbaa\ZR6.Woow]Is/u\'+ZRWVmdqf|O$m	39`n`G=	1O$zS\0>/[-|\0i/yf?9utrnIa:7C/ad	(`  }rPUFNS\n$ ~,~0n+[4KKmNufX4(oz&?j!I9#!$cs9`	\0315qV\Zxq6^VMV*R\ZQmR^SbeB*q\Z\'+{um(;hM.@\nvY[3$@T<2@#-7TTqBB0P9,\02r		j*>H&9v	eO%9\'?/RQnv)-_MZoOE}zZ=3T\rS([;YX~\"6\rKI_-G\r.s\"[RYcgIqw-D|:+BN%jX0O,VFMI\\<4_\'gl\0eKC^AV?2MaAug=]nI>n)YF+^:Z:wqQU\nN-ej<&[~FQIF:iL,*2V3(U/4X|AqN}`q1K@amgV!n4.%FH$n9m*.D6ynJQd\0a!Y>PYG\"G7x959u[@<Gxz->Z[jLW/^^kzVkzm\'12;K\0`]!`m`\0~?c\np+G	N:oFJ4ORUe.iET	,ae.\ZU(X^Utja5ZB!V3JgZ0^]\nA\\7 sArd\0p+\nH]X,8$1_?zTN	\0r653:W%qOU%em\"~)`R.^-i^}X2\nH o%*n>V6X]0l!~]6~RXv5r18q-q!I8>``)[jpcf	B2s,Ur+/wOu.WxNY}vIma|lJ);IgS\0\0 -l;}n,Y$(U>C1-&~MnF\\Mz/Zm\0%F71\nA8-\08 E<]8qq%94^I\'kG#uqStmU.k7hh )eBv2Kry 9lgB,QW\0$cY6J;w-Ij\0.266KAr2#Z.MUI[Y=J*uR8\\_dL2\';@	$$H!h|1+d~7%\0e@3Dq	\"K0Ae 2~BA%{;4f(-*J;]wek;?=o\Z p\nO$AaUU2\'!ul>T1%pV$T1_ld6,VY\00,;~lY{+F|;)w]m%}y`y|\r7af`hPFo`l$0d<(9*r\0@P::2a0V\0T30+ch[\n+E^6j)4URv=Z-8$NWW\'ybX|T([*	o\ZXWj8QON0s+(]*$\Z\0H`yVEOA+8*(,%gcJN*b\Z+5$e\'kGii:RK1$\\m98f$\n1$\0C*-)pC*`y*T&ceUn;\\`pk*RjIEmE|.yZIenrU\"NMsJ$32R7,z3dno#	!Pnc2+rB9PF{TVR8eF\'qW2eYB\"pU\n\0,UIr$-`Bv@3^rMey$-jYMZ[k^<2Q2G 	\0(rIZbl\0rpl\'*z?!K2m\0;gp\n)ULO!%Gu8*b-2q7 p^\"0n-(^qqfcnM/%yuQ^~nT[iOj6\n+\0/C*PB7;\'\'zduU 8Pn,B~nNw=Xg,\\1\nG7O{c(r$r	|b.76{$>k0c[oMJC.\nZ6e\'v6P70\nx*pq$`Hd\n>l7PN8bN!sih1&>n,1#F\0D]IB^Z^*M+uV_/b|WXn-wf\0	d&BUc8\\q\\Mx@wb0b{c|`eKv6g#p:	v3)sbv	SOuIFM]+4M;_Zri>c[oE.988N8pIbat\0<}t}g~o=#~<nt}sBKdd4eI\'n8B\r=NC5T up.h<{yg};)`[i/4(k[wlVM0(^~:LG{d$FH\nI68xj2TW#sU(V:S\\QJj-E){R1Yl3ln88J_\":tV09N7&z%_-#219.2\\px\nv8B2f`7	\0onB\nhm7cQMmr\ZBc09$3czhR2!`#!ZHKY\'pz9jGi]I\'E{;6pz3U)V9:IKitVGUjI{\\C}n&d6Gd$D\'G!%A_9Ti~x[gY5?~oqs>4]rRk-/mA=,VI<	\rbki[DSuUD&v(a:DW{\n_q%vjek6wCKn\"KInKeXmGU#0U0isa(JjGV\\\'c8uM00x|h	:1UcXz}U(9Eb/|Zo??j8jV?iWBtSB9d1lI.}\r8$_<%}/]#oivE)|^3$ySDnw3Cf \Z<Z+-yx/&>d,9?/}m$<Wk\Zl\'4Ku[\\zUw#v$r$#?dYJj\n>#Ft(ab^%J-aT:jIR\'|WSyW\r<:t:z~*Y_WiB*\nij4h+<L%f,\nF7%FoL*.6\Z2Icff|U5u<xKkg+KBMhlKHgfOoK	ag!yfdj	Wo,Frq\\TiHTF9JPFe*5#?%%>ViTbhk\rBr8Td98I&\\[=S8 F8RF\n\'v*WHIf*1~@pU\0hU\'\'=9Xq[2  ,s,`/T#v8?6RQ[)7%}Zm&q&vMx5RyRiPn.eVPea($*p<w9\0!g$uP+Z*(|C	`@c\0l<\0eTd\0lm*Tp}j6A%v89 ^q|$rVqVODyY*MA#fV,n1.w{<xUdS1K\0TmvvvouBHQ;X+2,s# #HdX\n@7Y_:sh-L~Fa8|JIFP10,5JYUNR(^VbQry=eqTibQxQjP:*tJ<Tg%8	%B6)ev$)]=I%\'B8ulo1l\0#(QqZ31e2:r`\"\n[*NW $1@O5rqN3i^E4\nSRikZZ}\"P#%NF	 %r>Rj4d!\"#E51*]*6Qd`T0(9xs]bi$;EM5ttuNM;]hN(9bw\'`\03/$VaK\nTo<|PI;2fU~P7snl9`XhKp7ryrfCEY]7Z\\VzUBGY\ZnU@JqAc\0C>\086dHiRU=rTpw[8-Bfdf 1FN0AViJo@`(R<1WiqsM/z+t*G^m;zmVN\0%\'8V##PHHM0$.*t1\\|B7sONZ$\n~SoR\0mO$fSJ*.QOUmu#4bM4< -	;hY0aL@ v!UFnmo~K	#n\npB(26r7\r?#h\0xp\0#8bGuK..Yy]43vi)J+D.]\\+ef;_v+!e]N\0ArjJI28vR\0S1j{!-w2B9Wrem\\c\01J29oH#/|2B1c!9JK[YZiTDXNSK6qJ6Vv\\#iC|h-dT73r7[ky,r.\\v7k#&@D],n$+$v)T#rm2U^)&wO]];\'{]_dGml]f*cp6\n$p c!7<m?8fbsrs]E,rp0gRG8uT\nw>Cs\0\0%!C1-Hbd2m;%fzln?_nZ&o]_F3F\n|Jcr73RHk*[vp<)T FQ|/)v2O3T@FY2	U0v\rp567{NtWNV?-\\NVm3I]vziNI\' AI~VtB A &mS~\0\0N~\0#:}4[{>\0pn9dm5\rJ	s`9~xc^ummAggB\"e\"Ff$!*!R8N\0mN)\\|XWVM<*%,FMIMII)BrU(]Yc\n#\ZWgZ7\ZvI8EFXzeii74VP@!G|?PgPDtI5\\b\0\0n2E#w_,AXI0<nxa1*9*xNY$&S\'qVr$\np@b\'\']rURcR)f^i;9%ds-N3!\nxmh2Me+$ki>^K\rC{uqtb	i$F.PH]]Sn5Fwn%ZYI[ydYH)I;X_m|Ru\rG%y1i6Nv^TLPg%=m/.7x#M\ngjYN\0;`f+B<:N7-$kY79FVb?a0Y}WRX:tvUcJxFQT8r/]URU2P@]VPr2y\n>Gu5i	Yl\"Yv20PgC+/&J4{QDR8s>dk!F_/*]es<<\nIsJZ3Z%hw-m\'$Xw3:MbJ10a$deRrkt\Zohy^%d\",\rK<RH#|It+]\Z\\:#-&- e-2cxG1\\De$pN7OL!3]|_xCX=B{\rJO2	A\nQFYdeijTUiStr 5NlS)S%\'/o<M,:U)bW1ys8))>HrrM_ue|xgW\0BIpz1pWxnP@@\0?#~W[mg$)P@yLa \n$\"~<JmXu@\Zm1b#g?f^.*.Sr*7VJ<ckXq9~ueFBHTVp5i;{7v\0\nm~q{KUPh*1q2	2;7B?1AUA9\0$s]De\0H \'B)@\0R\nW9|\0kxM~(J-UZa<gNsMknG	\'h_IZJ_QhGs#=2yS>Z.Dc]`9a-7.W|^%9\\`Qy`FH1\Z=Ad y3N3,8Nwc kkF Aqs75V#\r4@iDqXXJ0X(T})F++jWSPg.es<{ZqLL)RUN.%x6%r(` h$2GlhH,\'7(,7(#l3#AX(A\'p%kK[HvCbFcuA-=;xn|Dnl&lK5S.Z7lkxKiY[2N\r\nSIP~TiU):|QM/r6Ydqb G\\	R	8r*m\0Uy,[\n8\'ceG4D`$h(`Id\0Vo_;T<pMU Za	E44yJjQV;m}^U4d.k56|U%Vw;FXA))\\p@|w,N?.`pw+1CEb!\\gv3QNIPmNT\nb\00CmV\\n-.<^\n1r3_\'oFR]Y7{*2MKV$lU``1x+	\'/ <\06!v00P.PT21_l&MB9:@kI\nO7)i:6dv9\'pqCO+nH=y_\r=mymt*E=UzQm=u9d-dt$%W~I\rW-w29#\0l>bzB\0LG@O;pqZvQN#-cXm (A?zM]{5JOw4Bwvi@!~R@QJIm+ *TN]G8 \\y1,6\nr6.Tf-E\ZmN\068X%).YI]5+wMY%k>>Tj+\ZZSA.W!NJm@V*F#\0,<U{VUa~R93TzD2my;r.6X;Q66\njD.T-\Z]b Op|CKIZ{kvM4xI;kx?M;XK}}0d aB\n`#])vq`(YUBnf\\X*EY7|`*rX]2H7 }AP^2lH	r$*[+>1J1pI6*JENOY)$j6}w9{>B\n\0Km,_rF~`T\'/)6\0A`J]\\v0(8+8 Rr\0%U_JBy\n1*7N22S<8\\[IY;9ZiB3kZW%Q*w!TCm2C3d\\b(I\\/?.YI#j6c{PQ@%Ad20sfKBn%J#?t0abOFv4^KJSM8v?	:jtv`F\0`clqGBN3E;k	x1|SEi_?yy~/\07yL#+P|ReU#SA2a\\ctCcp\\C Z8!+vew 9]dI0Bv+FT.>.msj,GgNIvwef}?2;a/Rdmn={lv;gV9\Z,Qc\nDwcs\\|$1rJ9 j!fK+h8bp$$)0a(Fsqkj?vWI4n\0^yJ[Y1lQ;&n| CsI\"xva\Z3\0p[j	as;5=cI=`qm(DieXoawgV9d9<m8G9dBpb	#.ODw\0e$&G	Kc#m\"XRYK&><QO\rZqn)p=ER85yN/h.N3.\Z*c0!,:(U*msrT|rB\\KMHMM8U;nfQ$0,;	J/0Ms,[%GDPV;{\\u<ryW34L2Y&wnz#go1n,~vuQ9,BW @t?UgN&ZK!V$jjJy\\E)IFI\0?bQ\'bpR|U*auR}TS\'%NUk){LVpP!q\Zy\',mv6ByYY:lB GI-HHp\rP!PJ++-p0l<0\n	8AFR\\vIkh}35W:n7dwJ2JNI/zQJy !r3(iNW!r13x-v\05%ix+YESB$\ZR$1HL)/\'\"I\'.$aqn8$j?!<*oh&h6*O<9*]O$`,t[]ECM[[MI,xapoI_ST)8%O7Qy)	7;|\'\04f=]jTU\n3S#J\ZrU1zt\\sH^$\0\0|II\'m#,I-2H]w88;\0g!@ 93w)E9\0np2 8Ca0[j*\nqL:nP0w\\9/enVwm()^z{v-,3<\n7(+HpI0 \n?q{[\rcgqi01\\t+P-\0_KqvRT:<9)@%/bWew6*|_\r_6B3S]45xEQRR8jbfTgN\"kNJ8J*AT>&h\Z~bIp6B4\rxIbo68lq1jvjpk-I2Y.E]\Z>\rOj 1!m$rI#>^%x~N,% \r4|]<@1.kh*%*\nxLR6VnRRWkrnK,(C\Za8,Cn*\ZuFpx{[xRE\n<1l\rXY,bW\"KY`\Z\'lmx\\R)g\ro<qzpG|naXKbeR<<i$*&j?E|g5 Z$1h(#]&E*p0i\"#*\ZqUmF57g(y\"(.~kBM_L/eT9QXhN^\\&S~9.tU$S]>ed`,f|WlJ-m#+?uI.ec9EA-$~\\nVi-ou#PO\ZnnK#1)x@PDza_M>\"0E:RVeR\nIZ*KG18z]\nu\"VZUZT*i+s5$e2Gnr9Yk7C2rx7\0Ey%8KdHrC)rISrNKu+\\`%aYG1f\\o/z7iUeXIIs7)veu>.#, %X\revPF89;R\\<ErDZHCm,0O\\3x<7[)s)%[s:c\Zu\'\0nuV\\vmNI{m5[[uD&HvUjie#$2+8Qw3 _5[\n#fSCw\\:b B2\"GCA	X\\oavw[&vrI+%%v\'&ik:\r{]=v[tUQHqs/~xm\0`er4v.7#\'^]w*:,V^BH0#0%W.LVrUX\0gk*Ha]x5\'+]75\'*4gkZ?.	{7Z+SvU] U@A`6f;Hx2!C1#%f,2]B	;\\uw)_@BBCQXjL\0%ceQ7i^Mddmuby#yOWKVj5ff@f\n| $*Us9n6$>\n|1\09evpKm<*+|[/<T\0\r1;Jmcz|]MEi(i\ZnVVI&,}ZI_T_e(TU\\8P	 n fKF|iIc|J>I8%I16#\0?YV./2 \06vK\nsDqmW5+|#\n`\'\'\0cQ==EJd]1$O ;:3u%O7I\0\0ogw\0n#z@!sVnc*Crsg!s_\"o]NTyLp\\_6dM8G+\"d[ZAh42JJ@Fp8S+`j5*KNRSZdM+Q37Juc(=XMPp	m$o%M`t`Pr`px*s7XUwPve7rEYn7316<{lsIs_i;kuv}	9->.wSxw\'F;;vg<*$	DKU8i({e p%lM$#Ts\0S2\0\nT`CUZ*T[rI-gUJ	|KYy\'a|-x	^OafdC;(--3,~eCq\",Be0C82x0uj\\r[L|L!*YX+kn\Z\\!*a,tEen`]eUh?x+;x\\N#0R_]g(:nRTj^Rqsn(8O36bUgFg:\0XF\ZBua	R+TVSVsQA%qp2WvrO;kAs(E\0\'yB0BtC;8\"w\0]\n[h/88#IW+[~6d@NNpB`*W\ZTy\\M\'wku\rsmUtg(<aV2IJ5u>[V(R:y_\\ZsH&eXjvi:wGvhGj;l2#H}-3Pf/-Zvp[,E5h#9+av\Z-/fX&><W`B+q#qbyIKNUqjJp92ORQiIrdW*pBSztfmJkB475SRP:i?KuK%kk6JXKE,{\\rwH,J3aj-MFj:\\]\\xZ/Xnf4|EewOg<ZH:r\\I=\"V8(/cXI\Z!+	\Z)>u$*5Ka0JrNlL(Og.U$.Ov0m5x:Yaf6$;dB\Zmbx(?GRaNH!\n>&s>%Zf5=z==thiwrm%+5&=mU1k[\\]CI[K\rRLa5(<.K:g+f,SZ(9NRU*b%%N2pOS\0yc$(fL.m*JY%\\/A$A(PJIUy`CAnrV5,1!X b_t\0\0GTFbqkm\r,p2B;}IcH.OKdQOJ4fI)-oaIwYq$x7 +:,-<-ho5+*tg(<ngWb14ZQr\'Fp*N2atvn)ebTeY\nLP^j13[<]i*tdRQW!Qs~_#m6vFM$p,A\ZN\'xgzVi*e\\Y_iV:YbV-E]\0#x|c%PM\ZLx\\\r\n6_Zhw-H@s\\kW&zt\rsQ]L[ZZgs\\lT36|4N_L<h0xwrN.3IRIrqS3<G\nucRc#EpqV8TJ{9kcZ=iS\ZOOHuJ{!GG\\hKE:S\0hbY;bVI.$$jhX6Zf$inKI\Zgye6j7d2D3s2\\-$[IYE%-1$Pq$eQdeXU`~k,2Xc(FJf\"	JVNIYy5O%qy\':qW(EMQu)JQU):*\\#JJj<XT9bK2\"2$0ybhY_n;P!/,Ob[%&e\0y.m5?iu6F5kQs\ZG<c4hiQ%!/tF|J{kK*y	BKo4N $~oYpZ?*oRrR9QOEx|gaU\Zs$JXGUZRRS}R$dSw0*KanAI~RJw`[E%|2e\"RxXR5\\AHe@%o.QW\rp3Y-[X:y]+rw( Rk3TU/~e9QR&}dm)]/\ZujP(Fe\'org{6hds\"\r*\n~ul!P5Le+.pTacPH`[hrVPPQQnw$q:4: `*AUH\03b8:QohJi%-\ZmzvK\'-5VmkCd,C)!*m 2F(>n 6W6k`,\" 8,3T>J~C\n_\n*T\0IgBd{h+jz` P7	vF9\nPr4x;U\n1wFMEE\'YkWkY5vZ;6JNb06\00Bdb8vuW3OU\0nsw2\0Bs*`F\n!-Fy1S$#$-w5nJ*_ek+okjYL	1.\'K.H!31SH|n|/\n73(JCUc:`3\0P$0p&Xuace!f,|2apy9L(RM\'zI}O\'.xhnIM%;u\rBB+,)\'\rI>f[Ui\'{\r+pvbg}q\"1V@J-		F{lpH\r<)8rvk)i)7e+^O.5c-Mz>o}b\0`8g<O1G\\\0=y;oy[y_<-~FXGk5\0a4H!#I7]QHh {\0$DT \0F\ns5bYG\n\0+`0_&W_X/88r39J.ERG6S=%nuvW+(RNpe%6QTd,Lh9\nl 20;I!2zY\0$\0\nK1A>?PwrE V%\n#SR\rNFlrh`as;F&t\\4NMk]|n#.ayi7msx@qdUI^rI$qP`9w1JRGLl-[wJ\n19`)occ8qiZ!g\0n,JA\0V@I9cY\\k7]DSV<R\'$Wf|_x^Y=a*{HpJ*m<>B~%usGJSmtnCiih9!D_4<3_R|o)@pkGbb)&\n`r)bB\n3;itX|.}_\\*FnNZRSZMx^_:!KJ\nSZyNW	)\\3Jo-KN0Ik$w2+,G\"\\%;oqXFl1FPQfs *\\|dx?MQ[ho13dKc!ico*2D2\"o e5b(JoV\\?peI	aiaB*6k*U~%}a$_#.s*+,u*J1U\\^\ZT\'xzpuiZ.\ZM4kH.d/KJ#\'cr#f(n}UED,9UK}gh/.Jw`^;n(T2g*C UJ\0\0	2Bcc}\0$Vgq-\\-lEL+:xfI*tBU=XDySZy_PSaKpJ&t0[#N+J:I\"Xfw&U*J+A\01Wq`}~4smaj]vsqN@$id6K;7&asURrIS$2RH}\'c\0lS#,F\\NqR|N6\0eG	NV#EEEO2NjXZjV-FLk~]DYc\'s)1ckW?v055IT{%m \\\"?`DHUi]aqun,2H%mA$eqeoMW>\0S^I-o6E>5}/!s-Q\0D_=2t!<M$5*RRT9^.K-_MPU*Xtqj\\sqntkR8(V3=?4	ov<`Nu:9#=c(Dv.f]om_k>!7u)oEjE1#BgT$3o/V4	+}qq+5Y6:v>jQQEuyAypD	FC\Z0P2JX\\v#1U\\\Zs(FaRjo)*q)k3)cx\\\ZF51\\6^Zu:J0RJJ3T(;an.^(gpS,By2LB760G=>/ILT<\\:|\07f,q@^XV\r~$}\rzuiw\\] 6dfT%g\"s|\rgh^;Bc,u4aye4X[Khby%f!*y13#`VQf4T(AUUiII3q1|9fzU|d<K\rQ<VZuc,=	{:_/!{GI.5K7wY\'LdM2yKBlexObi0	}d3>{\rj[N\0v25r(2Ekpy/${O\Z$\"3ow}-F$O,K|cCw=$u8:8.3Zk8z5}FjaJq8CK~i?r]7(e*xlSb(TBrJ\ZdO6\'M\\fsG}HJ1<*a\"I)$]5\0</<u4F}6,RlT9|1!9YQ{{ozyf.Eq=q!x^F)<fG]<qLhxgm&Gbcmj)4S\\G}jicJRI\0<)iS3x;u`RR9*B4>ER4Sy._k3T<)nS\Z\"41YT*ia(SYKRs_\r<mt4LwW)<JBCwD!wr _.6[7Jc-<o\r\ZT-.	-G 1_ZZ[yZo*<q&jJ<n	#s\Z^X_rGLw_63w/\\$Gd U`xJs:>U)UVtigORQ;1XLJ<jc+KV%9RNa\Z\\!7IV4<e5a6f\r)k$@4rAl=5c6o=?jh\'kg7TaT~lzk,L&1#D7yI~rdbC\0I\'giZjr\Zx\r#2\"5#h9_pVEjt]FqhBS~,\'m(qU<2=9Z\ZO0S~7\Z*	0<v}p[a .@XrY$d>y%d\"A`!$up0^V]RQDKrnNFd6hkoR6w	f\\M718O06R	|q4hSMAFW*}b(*NU%gt-mcB]E$ |b\nmRhGj%xWTpZU6*\\;1bc(C``T\"m]dhcVicO(tUB%$._IVGIME(_JzR5UJ[Jg{\Z#.xMdFH)\nw%	4>lH6+ppvc6]\'EB[*CHARJ^\r)fpQCAc\\<RRnn~nVDm+Uizq7V:w-#;\0|-*-5aX*>e,2Yo01bDam|)vlc;UP ;g\"\"Gp0YH	FaElu\"SoXIIwiRnHRI)5tM-m]vReGcsEb$nO\0NQLz}yw\0y}hfp`*FX4~\\3_=-t\rb\0PP+d6(*@~%i*n+ vc-CR)cRY \nK:YKH\n&!FPrJ-=YS\'u*[WW*q\\E{1}cvwf#e;\0\n\0id\"1.*GB=r!mKie7hNm/`}@j W\r[uokKth$0$JMK]OqIN2B!\\:hP9Pxw\\^)I)9/r<_2bzS\'k	F.M=yh6U 		<k+1n#<1x1W\n_W,Ygb\r&9f5lw#0Tu1bES\rTC030\r+,401T3%\'KYEZT]^M6|N7QEFTSDhme8.fE8Vl\0AX;Io-;>	Rv\071w\01-#gMJ20\' 2;*/<YP@@-\nQ<di-mmz+JhJ2qA=5kkvmCyy4b6G,ms$FWxpUIr9-wV\\~-#.4\rY&K=4)!D(C/36vYVPWVb8l6axrKW\nZ5(2B]D%+\0b^\"iUVp(Ft7Z4jpR\'\'Q~*c2iQz`4J?Gx\\::P$7$^nly`\"|.\0n16^ah	_a+fj[6vD4i!iHb7zk_Ik[u.mYB.7M)bcx*L27`jX9}^\Z\'m\Zmxip^`>j*iBi8OE]Gv,s&!)T`bg!S\"BFLkeXLpVCA.eW1<\0C 4 .%|0|@]W\06CxrW}-{[6t+YtnVgr\'*i4diU>itZ3\"N$/w;T/~~7~A:iq|=e>U$AwEop3-]+*P0VbUI o;xQ~\Zi>_X5d-,j>T Zl!r+fPT.HUJ%RRsJE\'Z?Fk;pcP(t+:T^S(\ZJ*5B:rm|g^_|Gx%X)m.P%!hxVA^=|9O4u7M3=u:[y+c\08_2s\Z4>q<35icZi\Z+^Z\\E\rW:{[2M*	%<Xu?<sV\ZM{m},JemZ$J5F-$K9bqN8hc)*RjME~qm/xf7 w	KN{<Nz,5\n#,f*7J4!*V*>9\0wi.t\'tki\"UO+Qg4|&1cxtY~DYmRZR4HMss$6f\0Xg@#sf7w7$t4V\r\'u&Fy#CD}7xY/>[_4iZ[\r/RG,3i_\\~,^aqNaj?tUsRyZs:3N-f:T3\\qZfc[e:jA\'j1uh*r_>MWT2[f\\G>5^9\"HfdUXYCZwqokSmjwvz^K:Vn|(In$mm&o:i_\Znadmal,G,bI.@aJN6rll.#RN.aqe\rI!#br@-e\\Ap<E6\"RW#YTnRrpAObV\r^||V*ua+NTj}aq5w\"d_uB\'x=O5mdyc	Dt~T-?0k\\BuI|fdy.|h%2ck#\Z3O9..a>=r$m\'0,\",ffYRC8h.,QH<\"[V9_g\\7VYa18#T[JU(JnIPB\nRWfjp1XT1Xrtptja,%\Zm+R$sU%\'Dv2O*4S22BBEpFKFo>M4oV.[\\GK@Dm/{ hEW1M/~VZS+kKIi3,0j~d\\,v!!wE\'~\'k/uDm4a%-Q\"XmH]G2|theVbyrJ_\ZF6U<9:8F,cF#\Z0gNbVJ4^%ne!zRkSKona$K}B&f]/\ZmZ-YGJyn\Zsof\0Lm#[I3l<@WKTH	2LRF5\roQ\'6(;B}Q#<,|OU,W+.RRU*-yyT\Zj4%\\=/`pT*\\-q\n\nT)_c(X^5DxK+A\Z2F\\/c\\h6IGiQ\Z&PbU;9uU8@71/;dcM\npTnRpO (rpI9[A-|FmMgwRqNN5ww++G>((R5\nocB13o*McLOY6w\"R9w\nF|F$8`KmI%96~HHb)YCp	Y\"m3 rrl ?0mp|di_K;{,VVVtcr{\n@.\rF$c$eV2ykO\0rwpc[Qm8g,38U]>Ra.#;>M0;dL\0w*||J<Q,MIF;kg^)zw{m_\"h<*A	 `\rJY0e<bQ\0{Nd B\\\nXv>GvKXq$mW@9aY\'\n0\0W2WId}j4nq/uz_+\0yw=p(22; PB(,$v9exke[/$=g/\0_s$mu@0>a0IAZate  T1^\'v\Z020+FV9C22dct*X#,J\0cvnRMyY_i_Gotn\0[\'}_Uef2lN0^C`n`%h\rcvBzYBl#9l`>o$ a`kU.U\rT\'%lxSKK)Ym{Ii0\\e	f[mI%iYVF\nr6cgc@R	U~^U=dr6$5\nUnA\0m*%H$	KeWh7JnZ;J-Z&U[QJd-k0\n2~tU9mxs\0er.zd\Z9\0@ =$q^{VaWa0!rYWTU!I? Is0GN_Q%gwnZmCsIk[mHPY 2HPprpQr!FEV._IRYXn8 \n\0 mr89dJUq#`%e(	\nGX**I57V(mSd_EmjI$k]!5x\r%i=Hky.pK;\nFn%ygw/a_\nFT.0BKnHMT@(\0a1_|Iv\0Riw$i$gd0Cv\0m~`278hVj?U~NtJ<cRN)kNYW6G9VZRPZ4:u77R\Z8MJdfC,rX?0qt\ZLNbF7 -Cmc.14U,F+ `]MHK(W_.,KF;sW8ZI9I$)|ruYS].opm<.&|F+MRU1t.$SrVZ5V;Q3\n!3H*2*.	*_=cO_smQqm<.fR$P%VW	ln	v|$d\ZheXpj#5F\nD[\"1/I7gYlK$VwK	D@\r!H\0|@Yg)[R|VJpI(SiNvaF_~/1e\\=eC*hSR7)rHjH\r\r7|G;]\"&iZBl8uf$%HdF+z??io>E?\riRMu[8^:^ot5)@{yPAksiG>\"i7RNasuU-_Gz]in8$og\'OI{O)7%5;O:izex8SA.#S5a3V:P<E)\\j\'xyG%:vkJ\\UgV\ZF]<or+)Q[R9fnV\nx[-SPZ@(.MT.1d[CSD&/~\"|WCjs\\xV[xgLK\"Yc:Y3&O<}j~<6,5\0x@_tSVWbK5T\ZMiiW{>8h$u;4-?O$ip$Em,-8On[PQUOxN3_J\nU#NfN8\n,pE<g8\Zy>9\0W`xO+QJrPf0]\Z^mdoKq-p`I[y.^^W#XJ\'	g%]7Qum:	MFKXOidZF[dZZ\Zg5-2M\0uMdHtemf3f{a4\0Cm-A\r>[G%Q`VHwVGTQV\Z:xj^mN5U3\nG*MI=?,81(V39b*JJ\"\"-x^uJ<.UiVsIVU{6\0B7Mji!dKTxWeono\'ddYgy!]p<Rx3H1H\r.?2K]>!vZ<P3	G(d-OfV9/;	/\"VB;g/mOZ\0V&jZEFj*)$5t|F|\rNK:uUTNjpaVU%:U96|g7U.>&MOha$2&Qq%w.7}WYadvFG;71VlWo~/LyTUqsIcnJ(l[oh4Il!H].gk<[)Ub,j7J2\ZupySu&cJ*Mz6pShTTyp*cMPu:Te\nSN4iGp>,Oc6IsbK@Ya[:KQYF^{K.	7,UlZ-%\Zm[]5)1l?lt#Hf\n0p>U|O#yW\'X&/<3j%FO\n*rGNG(T4%rJ7b/grhe[ozSNQ(ECcoQ`_\0RK7% @$Kbxg\rdBK\rLycF\nlYqrk$PKuw|+jsy!b#$%@fbxaXk+%$I7ZRU\Z**[E]+O]=Y5>7* elYD\029\'\04Ye$b+\"(\0eC2@Ux*<K6*ce\\m!.K/,6NW70\\8 .@\0\'rTc&Vi/S\\|&}]=[,w2(Cn9}\Z<Dv;+X\"\nVUb\"eur)AkebPe$\r#) wepcexxv(fT!9%f\0\n `gu&VwiiugJTUk(vKJ]\\ V m/fea\"eP7	\"7HANGrk>Hfp2Ig@vw_P\'\\*QR\0/r>K5Ir{yA:gdM_o\'`8ycy;yz+[_Y$)  g\'rOJ\0/[\'\0$^_]?=~B@p-tfN&O_aPd\n~\0$r	#]i~P73!6$b/X6JL1w\02f\0nb37dvjW~WNg	zQom\ZR~%}5m6}8`Ap+bk(?4K*;(\ndojoCFSx*wdc!\0l\rn`]A;\\]`7\\di9{PNiVwMJuu~[4;nD+;g;vTIsu+_\\fP\n8$6G)yB.X8o#(@f,pX|E$P!@}e\\\0XY\0F\"]R)%5evIvrzjX4li{;i^g)@y%\r.v6\rYd?{B,JI?wp\'\0P\rx \nq~NW,N\Z\\%\0y0 w>u\\h^|KJ-ngk<UQj<6wV][[?6rNGv0.I#88TG+\\`,8c8\0tXT\n9\0r7t@JjPyq4Mi-cy$l{apgC7pTPron1 9Ol\0A ?\ZO <=$K96w1r0X,wgqp\\\0k{kf<K{{o~f\ZsnT;sd1[2i#lVERB\'f2HV?wc8\0rp\\\0x=_ +JQ@n2F[A1I?uF3i-c(nQ|J&VYR1[vVOm5igYjDe>p0X#+pGX Fuc!x[H] \'\"CY`QT7HWB\'83@98\0H(Pd[/#>3E$\r,PiH(8W+NJy5\njE:rK^iN0J6iF1MIK{_\0^&MB}B%D:ri3C6YOcIek\n_*y>1-4w6Tvv<v6W2X@5M0M(z#k%TmVR:$ ]\0rr]ZD@LC\rUF \01$$n[knD(3|c<NMN.EJupt*\nI	7x8E9A_jz\\O]`+bEfu`dq7y}\rt\\t+@ne(8.\')kn-G1UVdr V`\0H5\ZNrnpWC\02~3zSR<UI]\n)#q=*;?y#xg-J\n0S/><<nRq\Z9Ba(a\ZT/:Fi,lsn\"3&e1G\Z\\4EgjrXFjYZY%` g_$\"#D~WSj2ErT;0C#@}(k!Rt<Kf<ZS4s?{,3c.Xez\\-L:0BJO	VSTV\"MpkJWKG`TOjI.u+]F\\vq-C$5SJm:}c*\"\'v28qJ[$FDu	DJ[.\ZuT,$Env.v\rs\rm`F@TR4R[* 1%c@/CK{wcJywYeVV~FE`2B+qW,MgFNX<&8RNq:tmo#Sl\Zf+UKRS64\'\Zw8QN[^V\'[k0Z4l@@\nwgrOy\0_Z7}4fB<68vyZMlgExCIq\Z<r}`&PDRn\'k]H*	cQ|\'#s%d{0-8YPMoIN\\qX<~-bUX\"35EZ9R<7,(*G0Q1y.?ONGL*j|+S5*ry\\i#1ev&q-MH\Z35&I1/)rU`w+DS3I1TeF#2!6>PAAQjaS#32 V \0G-Z.BlI[k]nDV*r/_c9!0Z\\g-GEJRIFeggEJ&=KP/hI6m7s(T7Hi\n\0b\'1 ;zc&\n<BpjBTg<E$?nW\\FAAQKvK`7M4f2Z-6a$[p|%Th*&y%>WVK%H<$V0n1Qo|mK])Y-,&r\\e.8Q!8\0r\'{@p\0}TeJ2+;.#9#%r4k\"{fB\01\06Fo>k2\0H]F.<{8n&ZtI7]h??<VjXQ0q^j~\'8%gwdW{tWl288,XdnuMb2`2_-bx\07!@%a\0?:eIH$aFG\n%M)J\rY=-x;YY\'{wv^fJ.Y[ *r7xIrN5\\T2\0kicB\0H)<n	=\0eHy9\n12sjY;+\'/u\\gV6S	iRv7i7J+]7xK$+^ya\\u==>nTT*XnV\\Y+9&\'*FrZ2@d (RM~bx/7a_[yi\rrZj()v\\{%e%TrW^czk2avC=Vks^\rr)O\nX5:qn;Y^P??(CI84\'SxVa\ZMT569Bvbf*M\\d60G\'f?895g h0	c#),1M~Zme%$C*,!df:GVlu\Z)SAoMqHc<E_|{. U%QNny[MRi?9QC/p8y(`c_Bc	5&.Y&]IDG<; A,1s~\";\nI^dI mW\rX!B:|9f`~ln:h_3j x`n$\"E4tQh7[I.ivZ$w]~+o1BbK|we`+nWf *#*W{6@#\n8,QR$\0@9V:,XJ9mcqb8/rmJW+i{;e)>#%}OTfZjS|PI*qv<B2 \"smUPAn* fq_9k0NNp\'nu-]|s/\\qy\nP\\rqkh>sN)MmGn3F@$	FXr7U|6c\'c\'Tx^vyP2\'#b\n6lY|db[<b0\nRPn`>F$vaJ<R$wK1y%-]5ohmU~?dqMQ@\r\\qKz8||NOiM@(y]-\\LiHi\0Vcwx&X_|Q49o2=1!a|$`\n>_\0Sx5rOeOeSP:tg?-o)jX>-rl\\6?C4hZnag 6sO~@M\'sO#i9 +l?|\'d2JxOQ<9d-Xn)\02om[*C<5efcZ6wA?4,T/qMI(\\jtIEJq?/ojO0[*M+FVz=v-0F1V^\'n9,|u>rU%V\'nveS)\nOK\'G_P!wtDev;4R	^BCQ.\0?\r~aOVldw,6(G]_wU0|%g|EHjC	bbZT|v#O<0x(\ZNt0jJ\Z\'5W\r)IK{K\ZN>\0xCObF1cWs o!Ps\0Pgl9wI\0|BfT#G;ULV7wo9Z \r\0|t %mj)imxM6vV\0RzaekbK!\'M3R]|^KgtbjU#i:-%g$>%<V*`\Z*x|<+Sp9grXsJ(MU*uj+\rgah$T,Gb\nMyVv\0`7mbK<)WKgfe]>HYt.\Zc\"; [Kvpj^Ib*r$h]S\Z4h\"R7}_`p=)JqTX(I>YjKTI_0RN*pqPTg5(9dH:;\"4hf3y8#l%CXQg;PY,yBUI\05{ABVVI\'}ImA\Z#[4kkknRUd~Xu`UG\\6|xs,N(rXJ3U!5KzpRG#$TYSpJ#(BWrVi\'G^s\n0\\ylwXV\n\0$;\0A:\0`fK&eSiJE2TIP#oeI$Ws0@JI=+\rh8A#oF8\' uZwG,%*:p	4_KYj?\"9jUTEsGTtI9-\'vP3m@%6rr|\\yS9G,8z&d,AT\rP<9d<.0$=A&N0!nE_\rq;Xd8:,-QvikS]E3`982s	Rdy8`6FAq\\HfPpJggc$C,#vn:UE-f4?s31WWI5+]yvz[Umy5RCt`@$D$A@;dA0y}0`x9\rO\'a\0UCp\0$:(Fk5nX0\\juI]\Zm];m\'0 )vs!;.PSe%\"amP~p1<3Es&G;nsK$\r\rAGJ4WNOK9qyR#[W~q9ydIn[\0v|O*Cnp2H>\n%YxI w\0Anyev*@rr*I9yQ#$\n4IJM++6DdiKi4-zc{\0OsEs?npU88SEi#\0z_I)WR\0~=js:\'\'R@<cR?^nywVWi?r\r{UVK=SP\0!~\"rI\'ssyn,l9$``dRI\\[sr^MhQWOujJ9y\\ir.nU{~%(~ -I/%c\\3!H\0YL~2&v}0x-wqy\r O,L5}\Z~*NVO;~#\rMKx)\'cq2|7N%Hfo>|8m{p\0U9l\0k~K4Rjv\"Fxf~b2\0\\g#831VyN]}jg\0.4?ZH~/#*qo7rR,ysoL!bHRHJ\0c$Nm.\nxEsC|z~{+rPjU.zO-ZlV1(dlEWrV?h7i> M7#)T\\6[D<<3)y_iJ$*Bbo~D>IV;AylnoLby<1S}\0?/?g z$J\r	a1,j*u1tcwqZ2i%)AiS\0J?3`q<]N2q0V\'<&kF3<&7\rJjBp|-n}KV/u-BFQyY$wv8[TY~m@3RRfR}!\nq)0Ra$IY$I%I%?8^\"+b5N\"&JVZRYu*JS%ROg<zVwFIq$02:_\\qrVikwdwUQ&8?9c#O=i~}~9})<Xsog9d	5ni/\0>o_c#xkS/}4oo<c%:#;:F=K}j)iVl$^+YJ%2@eUE_x3>a ?|/8Kc8k$cA*VnI?uRJ*|<9p\"pCbW,.):1TgC)9ukO\r:UzW2/mN f}*K\"7&j4Q@f*w\0\\\0lkky27\07Hc$.x\'q\089$9~Du9)F.x5Pntoji+g9C	a3n2	T8&\n1JxeHJkMJ*T_:xGRcI`b P>Th]-$JGJvL7PRKd2BMx%\'tl!\06s[Pk$<@A8/ia)XsBY\'9\'$Ir$Ge/X\'2n) ,+a`j\nNu*JUU98*|RJ[wdcsr\",6($D8=7-f]`P^L2\'p8!0upFA#a\' `$S_jTUm6kjU2N:/\rTmF	g$zUb$v6os]C6Ur(w!<c),# Hn*`g$	#g\011oojexHRZ[Y%\0mo|y:Ys[Q^-{Y5oPnXiIU`p3U|wF2E\0!8\'$q^\\}rS\'t):9>p8hK3xu\\\"nOwIhkGdWhsg!I%8(p3 DsoE\n32Ny={+-`6B8qiF~\0Tph^nwzT_Stc)$0u%vz(ex+Rg?n>Ww\'6$`y23^j5sz@@nF2rGrG{? w[8\0>iY+A$K-.J\0_h6r\0_t\0{\n_8\0|\0uuy~z\0@=	>\'Izu#y\n	5I+<@.2dUIR\\\\kI?d*xY(\0c\nG9+0q};<F)U>wiwi]}Z+\0?oO\0~a5fbU,G<+\"~\'/]9yU@qg6K),W\0e.=i%9vJ-/\0!RkQIj7WvI3w7c\099Dwf\n*/`$/H%#SoXya(r*F9T /<NxQIw%}pI~*;\'d%}Wn?9I\'<d}hH`~&F@f9o9!@4e$\Z\0?$&6?bv9n\0\0+Kgw^zt^CRKM3Hc n#9W~	M52B`6	-\rQk)lx<6*Hpd`FZVIcIn+KKvwl@TpT\nnO\Z8p9<ds~~zU,Nn,2\0Nl\n-lUwA!,v~kUv+qO&4/\Z^N5ke?JOSNT&i5%+_g~q9\'_mGmZ?(C-@$B<`V{G\n	l #i9u8$?%{VNk?\0HlD\ZY7\rR|q>Zni9}^~Gtc?K?xKU5>!\"TyEb\0<Qr`1Ld\r{\0q}\n=YM+b\\<S_\'x<qmjhqmWj}(Xp*v_aJo-TRG#=G*@)}\0*K%{f)Q6X`X{\0X|0 c=\' B$Rqdgazq!|]sW\\W+Ii?;f\0Im*o\0/`|h$slt3sH9$3u%e<Q7 KLl00q??O0\'\n\0r0r3>~T^amSZ.h$+\0vkH~\rHS8*I|eKk_yyR\0@);>V91fu&kK_x$C1b01\n@?6G5\Z[7 1uQ(*BnTcx;7\\<F>qj	Rvvmm,ReJ/	NRKEWvnME)6~Y	 sH\'=f0l\'*d\06@$)2QE\'$:\Zk0F$ nU <7d(K\Zwtm^Z6mSi]|iCWN\\IFI0- pN1c{#I9uwV%az%W;8p{FK8P{b+#zQ|R^N&k_k_cjmOpck&Wwk-/~XA,ycA$r:OB\0<\Z7cW.<6Vx;8_fu-lf>p \nz+Ej%t`{iwz94\'%g\n1mQN<rKz|oyCW)X7R6hN=<t_7.a~O|Iu^\'C_d +wh30	$q\04yjo\ZqVHFi*s*Wk[eMl|F~fS\0\'0#_Zw\0R93>_nY}Qv99g\0gP~ B; CQ5p,,J5nP7~{Y]=/ucS%yE\\|JI]7}>r\0\0(}?G%F`q`\ngo	/.u#Y8^_pX$%\\/3yhID>OZl&Uns%Em6zoV6^N8zP H2@\ZO^5F@7 qxgYl>	A G\0	\'.9%Q}SmtWV\'iP[*Z6\Z	z]\0\0_H\0.\0hT\0%^ \06T\0}~guI`C!	Hco\nz8.cnliFe.6l	\"Q&|_kahB	6(>[hU%haB8coz:hbz=e}/\\\Z[VT(JrT[n`S%Slg\n.g\0-#1UnGDUaI[HyxHiY6.?8v]+ft8syp06L#$t(52,+S/Eeu&b,%DFHRTuc\Z\"+g~xo\Zw}b&i4d*Zh%yjWR8sS.Is*9JT>x\ZFI2FKs\nK	Z&2hV=*W(]tf{PK*	)\"()!\\1K$tF6-j,Q),+,IbRMSIJ[Y%U	Aq\ZmRlQS(RrPKyt^.kMq]	J~	/auk	SN5#=\\m6!f2#zO4(,mUX(BqD\"4sHd\"HG\nT2	C\"+kfh C`H{\"[q@Xb1-sR^7(1389et1\"e,NM)s:[*p%{sJVFRjX<MR9VU\nj4\')$B>jVM^lWTb-bE2cyV381IH35%>\\p]qr2	2w00v\"u$7\nlAG`Q\rJYKn\Z^wh)V\\[Y+%uVxFOku:XRR*zV(\\`#mM\\ma#%!`ai%0PUwSLy!dB~o\n\0HAki1q,(FnSERg|lj3!lrw%RDt2I2,SK%P~qpMrgk5AK\n|S:jQVQj|T\\?r.oTLUg7?#\0$Fr@P&;	c2DRFYv&j7#%c#Xgym4@XyK2r8U]kb{WI,Q~~Fspc:9jekrrlw\'DGxVEERP\Z(E%N-0J+rr>~s*Z(2,\\i\0\\Td0*1O<=w>$1paW\\Zi[,$xbAV\"VB/82/eV$VRam8s#\\[e7_(In#u,7@&jpcE*Tq*Ne5*Zp4.P?;9N\n(b#:TT)B4{J2T\0*Kf$]m80$A\nEv;Ke2J:9i<`]\\A${B#VCn*HLr-)&x6\\EMzXH%imk3Y<\rtG5Jq*n%iM{XFS=m>x9eA^,KMKQn-J.2,dX]J<1@qe\n]Hl>7eV&i	W3t$6C\0XP2NFH-M#xd~eV-r?hm_dk)[\'{im\ZKk8<~K]@$5W\'yE{::2`TNd%*tT \'^V>u	N2e#\"!c`7];\0pKZ5Ru9v9wh$NW*L[+#M3c7d1v\\DAS`vWYbf\0YQ<W$n|p#[]Di!F8/(WZmHsqrHEsQnjv>D0zQ	F3*xj%RJ%\'(l$f\ri,4he	)2*!|GSp[!v|8;C#;q]\\\r]-\nZD7	Yv;W-\"HZ$pB`i?Q*\ncN^SiNV|IZO|Jckta{qr7*P|N]UVVQ!d^P14r@nD]K8-N0e8-ybp65,\r\Zt.IU&*cjmR\0gn@BuN=vIW6$Ua(N9*\nbW9N.mSiLsn8UQdK$).6i\n\n0w1?#\"8uk$OiH/,1<lS,_pxWr2RLLemx[,#h6:},8B?g(iJa(dJRIm8*3 !e!+N6AMcI\\Q`X8e0)>\"Jd GQ6T`\\l6u$\n\"FHEU%e[\'z: 2jQwj$vOUjy+VXqe%hq8olIfSfw 6}%	\\3IPN\0v`\"PGQ6s(Ir2VYu$~mqT\\s\'v]wm<G#FRtj\'A&{3ng*zGu\\1m9 94$v+~Wcg_G\"$nZJIyYdWVvbiw+$fr@EL:\0C6TneW	\0vXJi97ftm6WQr{3pUJRynRR|Pz=9%YLnHY<%+#%T[q\\aA\0O\'n3irnfaN_,\"n9UdU15#j-=omZI+w]t5(tQ~dn(JI\Z\0#8\0e3*F	\0QSZR\0Z4kkyWG;530e\0sm=>vbn0[l\\j+A4/V\"ond)?*d(e.vVv)k5	&Iv]Cj;VwPs,EFa%\n~=.j1QxxZR\'^qj1bRJ)(Ac!K^.ar=ib[J2NjnJ2_o	-[vweePEy\"2Fs\'i&5S,[O6,+1esyD,l9nc{-h.,+!&[]I<[TM6F1 tj;0 7>CUOZu%zq<Bj7Pu,9C;SPW3MXjEVFB*NU%k}q7eJXxm92ot.D8\\V! Po\\Jk4n	>	fpy;ku-Oi$qYxtUfcl$&W}R1[=VkYePKR[h>\Z\'Fr)`,c*3qPjkYA{_l.2n8\rR:%?hUU5nxJ5NI:3WybVRc17*.7HAyya)g[!{-\rfGl71_Q\"[	$Vw-\0	?`LiT+f#h&\r:)FuF{O24Yetn7$2$%5	[\"	VT%9r9^1VwNI%A8?my\"XZzHUxq1cRSXbK	D<|Lpx1*@!ZD-Hc[rV\"L{d>[G\n\0\'[[-\rR$>Vr\0A=1+[#F@P1%v9R\\\ZUC(TqqT=`_UBun,UU`2Ry|<1u&FXFfUcBUc9s4H.1	+Dj)t KMq!:xmzrLU+o	%}Vx+\n2JNbhH 2CoE,l52h\'E&7$Y	p\\ReT;k[M}#	Z2U*ST2))MtE\Zp8SJtlld\r72K*o2dE:HemjYGH\0vK\'	`N+Wiceb(e9r\n\0gtDmnKedK\"Q4ldH\"hF*+#JSspb$|\\9,jBX,=X\Zr9Kbq5xN?T>h.$/<r	d.`^,DHNx!R&&\rMY#yVv\nxF)xz\ZxQ~.70_Ik<AD$H\Z\"Ac!\nSRQM4Ii@IpWrIf4QE4FFYwfVTk59S*sNZQtMyeGUe9fK*d\'_\ZRUIf9WS\nV9WjPK/x\Z{xvK.{_v!I#YHHWXX%gGZ|u+.m.9&NNn<Gm0rV\0	U4t:h/iY.`F5o66][	d{[+KhRFb\"ah5<[BGoV`l7nRVV\"5yU00-KJl*/Z(aC	9R*Wq.,$N%*K\0i6vKpZ]j6+{=Epo.)[9tFt;(im$H|o%vq$,v//AR(l,SJ[MFIRY\0hK(=8IqmO$bXyfXC<JL!\"0@clk\Z[KM*\']J(C%59ST:J0T2C,N\'Fz4V&U(RJ2N%^*\\mUkwg6evs}5.KMs .vX\0\\6iR7w\\gyD,4S7UQiZhMm?]Hq\"KDwm9JYRfwEhn<sDc,spf)fY?y$QZXZjtk/k\Z**Q5V$\' V2*ReK=UG\ZL\Z+_Js:3lZ8\r\n%\0K[8eY\ZO2uR!@r^quIXj$Df6*UCS&@cmnV\"Wy>\"IZ=|}79WP4_0kyg;8hJUPFK,hN#@_Nmoo(IEpSjrJ$|#1\nO*P*Ng]`px~aTZN_z\'7-k`R+M.6<FHMeT0mw\Z0iLu[]Saqr[n(]\n\\2l\'Hdv*JVw.]:\"IIuY\"|*x*pN[SSozGqqZ+g3]xbaJ4T4\'R8U7YQpp\ZMq<)e33uD(8>u& C$#$v;rQ@d[\\|\ZF]G(|c?+]i7\n]yGC\Z#YJ~e\\Gs\\&h(+Y4ovv|3:3NZ8F,BU*T\'(SwyF}\"+A]V6/[ ,C\08tU%gFRbHBU|LS-0r]#\'\Zl!#?2Y\\1?\\I,\"\r)EvD;%p0_rhcku\"y-H6\0~Og,g*Xs*U9\\p\'=~*I+9fhk+-w&Hd,,Yig`E61#JndS\"p!`eO67	G2Q#p[VuS[Ia	/$.U8+9i:I$4oe.8Bxm\Z8z%%h<D0zQ?vTaNNmqnZBmw[&q1@}JnF5.R.	vJF%gOiBW{PM6i[[	.A\"Id,;vYLa*TUbie-@#0pr\0N7TrISMJn-EWy4EUW)f$t+N^59:u+PS,,iC8*SGDwfd6Yf24R2c{<4@BO\'qzyA\"#(E3@s[a pRA3t Z%- %hL[i\nH5(hiZ-\'wJ\0}o1OJOR(1tc7Ku\'7Z]@\0n._V\nY3m,I\\t$btk%%OPK08nVN5G89%\'tVMTo/sc}B,qvj~EBB2^	PV\'RY,-M;[[pygO-$%!a2\"Pn/bB$zx!uZP&S$_l8RFulW+HRi7GIJJ\Z7i}4gUpEZ)89N4WEc1tRx5_Qj6?oY}S0fW;10(\nhwqOgx#6\nH\r\n3f9Y*+<RQGtuiW`~HR=1&fwPm,X]Ch]x,Zl0[7:4O]<>*I1T9PtyHrH(VN{#fO,V>\nRX=:9G4+cn!SV1jI>\n(san\\X:m8_,\"P!C5JTK!T%\"eX^GFi#M\n!D*JZ2\"n%Zy#YlhV5)[kDPl\nI!ZW00N\\^\rI_qmIz+-dSRx\\(8RHrJ7\Z$\'Q:MN\\N9CyH2EPHE]z\\r`dIR9pH1Skey.rZV+xXp>En\0A1\ZGAW4cSns^{r|&/^b\nntaFFR4c- N24iCeW)e<ZRc\nZPY*^ZJ\\ZzUOO:$0HC#6W\0pP:yQb@B8|F.)uy[I-IXHdp]YR%%v-t^8D6\\o+SO3<yC*FR88[	jrc>jR.XK}hym{\\U\nuGV/2USzj8hZ|FV(EVjQywd-mSUA)fl	8[z7xYFMngY^#sFiB4u|?vonMv+E!g0F7~ E7\rp(?2$d3d:R@B<7)RMT\\|IjRJwy2VK,cbYG,%V>wNtgRsZQQU12irE\Zs8%no c\"\Z3<[\0$v\0mKke5&_iuo&k`EEE$vcG9\'Kh[o-\"Gw*,^7q!q6 j	oCKsm\nDy<)W/cYm%8eV\\-Y)In_Y\nWO-Qs\\T1FN]U\ZrQSzKh&Ek;_8v{)%;#<9BxG>/5nuO>$\'#]>X)YR4sG MisHOmK=LQ,7Q0Q@Rmco_%0u~iZ(\Z_c$S0B_ 8:_[x:p\'\nNRnx2*qjXScRNalxuVBt]*|s<6JxeSj(S,L>t{h~\Zj.SF2cw-D\n*Q\0w0x\0ix|-5|Cqf=:w^})N.h]?\Z< 5i`CVZE8dYS\0^		/odc<VmhGn^-Bm7Q}ZK4\0gNr3\\bf5p#zy22F|	\n|})/iVs)Y<=QF+cXLM8\Z>a9W\"KUzQS-Uy%FK%xL$	nV\0\"E=\05_MsVfqw`g\r%][r%6EE+$	Z+c5o\'Ea>.\\oh.mDXx-[C]=|G.a;{w38T]jI$P[tC(WO5\Z=auc2f&\n3%<pezu!%9,NNm{Qe<&8s\'uR9<HKNgRs9=jZuqk~Ca$qOF$,!\'EC=plocmpy1X5Hdg*(v{6o\Z{A;Mma5zi}BYbo(	FhW:b-Nk}#==<^##nDe+j8foEQ5S.SIJ)^2n\\U\051ve!X5F\"~Q./6;%8r.N4]E{9[MXG\'{d\r)vi9fMTn@}i-3C5.j$ZZuGH%w=hHV{DX<=}M\"16aKN2u1rFkRN.(r;;O\0sIdC5\n^ls<2s*5VBtkTXq,C|N\rM&f|ai<&)q0\'hC%L%A#!;,6	!R0LK7\\/K}D1\\ mk,Ra&pTImmYk7i#n\"`N#ye8]g%JS\"n4 N\rju(FeFw*Pp^tSC(b(CNg:*/d.hh$vf6Xn!\njr%<-S #wVA(j4{\'F,%g9T0$(HFx\"g7B5B99]Q[gW]q*QVU*O\rT\Zux1eIo2\\YOl8#s3$I]}aZMl3cg++3!e0:IL$c<2.UHmH2o(8#8U\'gC#@LZ5I9;]N;JIy$JJ*Q\\~jEPN2J*)dVXHc5=Ny$dDl,ME\06gHi7r\\_0\"4u\\VLcZI.-a@HX6I+)\0A5Yui\0\0.	\'##Q\\;i_U)Y_IwYQy:3~&&1QU1)Vp*Z2k$kq\0j&XIcg\"V YdW5<c`B3U,0j$!Df[kVC)|XHF*s}FfbFUy\n9aNZ*2|+bTN>jjM-=$yYl.6x7[0T*\'N*nIF|N2#X6AeaWr}CoFZ|DYki^5#!du*]EneRYJM.ZmA^-Eb_*]\0\'wH\\`n:-:>#Fr\0S$	@\n9 A]Xe%/bFQTwwOcM|x\\*xqFtI)B*9$J2i[\0Ut1nc*&G,#oQ\n)	\0>=?}g\nR_;[^c;J/nNwhx<~YiRBc%~~a\r@K\ZE(/lfYpBrHFyWukV;r#a0\Z_^ic;7JkFbw)I:11c9hS{ZM\\9f[cREC7,Ejmy\Zp]x.ldpF98)(6wWmjewDl.B*0gjhGv%>l7K+y*7R6$Gi{Q]\"~R>1:WO`i1gE*B+ ykV9A(U\'YTVjRjvj\\x{19^coV-r~G%S\\sY/m%MGx%bkSoE1]FAy-+0o2i%1c\ry|A&xVk8$`|DB&0QFU&.$`&*\nM<dsO	Z^Ecjr8x*X~I44TiqFmJ9d\'F*C0,&273;R\'GG+:qnob=8Lf;%v)d&Y8\")<f21\\AQ]Gt\\\\/lKq4o3.Md.EI0]SV\'99Xma/S21Hbwgz=*3W^,_dfzqJI?~g0x2\\U0jOO)cqT+JG^qM:QeBC22ht<Omy+L0clbVMtK<onGR7;}(vc1%~u~fQPCF&<F0vT`c$\Z:KWo$K\n	VGFUqVznpSjF\\j\\q4Nv_es	0SVAb\ns\nJU(7WZzK,[&Ug=	rmf[2Z|1U4;o.\\1dm\\M;Mm4bYV\"	~|\rEUB\rYInkW*0snr2Ee>V+{Yex+XT)Q,&jW^9bVTyk<L34U[<)yI%4*	GRINti!,`Ws-,iN:+#.1EhY87l8Q\\7\\`q\ZNJuc>zTthsy	9N<{^Q2pPXX)ap}|Tj5RT_Jj4UBoW\ZYOSCwoH`>{Gn-29 %}&\"cM lA4i<Y[$mE|%<nj5a!3\0G&]um.>x-ExAJPpcLL<d\"u<efiq0\"yeR)FJu\ZMIJ47V?~?y_o\'	M*x\\%WZFGO*n37*^ZIKjo--d{2q%PJ~,{_m3]_mH+[0IWLD@VQ]m~o/5kKXnB\"EAc#u-*]27\'O\\+2&-IY@T.2JQy=\'J5cMWNx,3R6,{<l\n8pk+Nyfi_N9)SL\rFp	^qo]4\ZQl8dm6iW\rMAsM>nt?P;BC\\*!&8f\'9i?MV^Z.<=E9TycD\\\0^N6HH+].il\'io	Gh\nxO\nxjU}z5a9ia2h5VIa0(*q.~4?\\[5&csY~Zh;O/IWc1^54\Zxj5S<gXjm{=HT(o%bck\'YITVA&Avh*Xu<uDiLGP^}C5lEHng!me@\08\0@}E8bat	V3B-JBu)JJ\n3+NUe)5|@d&;S`;\n}Ub04qybqSTM\nHollrO--&H(\\RGiEx8+%H\\4LHSxH\\\\D!0ngHC*),~Up1gYApGi$|`xH$< Wh*s\')/cF8$RI]4nukeC/\nXZd*b3|1leJn)^gx8*(\\\r\04Xf2oh#_#I-MjIC<JbH cdVsY~=O)L9# $rNs1mmn\\5fXG2(\0$\0,INN~8VkGiyE%N?(kC;:_Y(r7TjOP.xY%PCeL4+!HJ@\Zg,`ti-3$X/\"BB^ NCuU$Bn=JOs\\jW\\Z$ *IplbihM<JKVJ0]-gOXZ2)JcNpa%TUhYmuPL+:(?t;R;EmIuYK)`H#..&[;)pZP&`\nI$`V,pUNs+,E9R\\W9vK[9l]caT14qu\"TKUR4Nh]..qjME0Q[8Td/I34Q`%qTYe@@9RI,\0M;VO,`1($.\'g\' ?s,\0mHuXb\rf2\'h\'t=V(rskN1wH]_]Z9UBP*SFq,V-eJ.TykN2PAJIU;Kc=prC:KP8u5UdnNi`ggpNBU\0Eb7n#dDDQeHGLs7:u,Fnna\n3lE2[\0)nr39ch6puKk+43J9],ETj{7[SZ\r(xxQIZSxq_jM[{h$Am>#1\0~U<|7.a(ENcBB2vSkrSRb8UOm]F|;@~XV2H~!yTAN^SSNu=KAM9{Z.*iTheS:	aA\\f)b{L/n1Hlr1\'>V7IEv}W\0?\r~_)Si*MlOE',0,0,0,'','CAJA',0,1),(29,'','555469','','mejorando el registros',0.000,0.000,0.000,0,1,0,'Producto Terminado',1,NULL,NULL,NULL,NULL,'','CAJA',0,1),(30,'','2224445555','','codigo test',758.000,0.000,900.000,0,1,0,'Producto Terminado',1,NULL,0,0,0,'','CAJA',0,1),(31,'6325411','58479658','5548968','codigo test',100.000,110.000,115.000,10,1,0,'Producto Terminado',1,'\0JFIF\0\0\0\0\0\0\0C\0		\n\r\Z\Z $.\' \",#(7),01444\'9=82<.342\0C			\r\r2!!22222222222222222222222222222222222222222222222222\0+\"\"\0\0\0\0\0\0\0\0\0\0\0\0	\n\0\0\0\0}\0!1AQa\"q2#BR$3br	\n\Z%&\'()*456789:CDEFGHIJSTUVWXYZcdefghijstuvwxyz\0\0\0\0\0\0\0\0	\n\0\0\0w\0!1AQaq\"2B	#3Rbr\n$4%\Z&\'()*56789:CDEFGHIJSTUVWXYZcdefghijstuvwxyz\0\0\0?\0;b7QqXf(?3b1N3b1N3\\CqI~)1N7bQq+\\C1I~)1N31Iw(<LS3!\"B(&*LRbGLT\"n*B)1Nj)bsLRb1E7b1En)1NqbQpLT;f)1OqbQpLT#E,EcB\n\\H2\0\\qzSp4\rVybGF5H<\n:~;#\\u<\r\nNZ_`\Zb(<aH>rq]Q	G.kQ<hQA!i\n_|7OW/\rGa#dFFN\0$BGZD&@^?Jgs<T0*fUh^w+wX7	[s#d#!n+c%$g#\"!Iq&);awQNccWQ.qI~(;Q~)1Ef(?1O&)VLqN0:<Nr@Oy>8,;_}Y<EU}\nmq<EU\\|o1E\05h\"rt?\\W*9k:NyT{GeY\nqjK+ G\\V}c{sq+Uj/ap}\Z) B	\\(qw0qB=YO-J$>g\0fk\\[\'1)9tx&R03?*:]#=p+^zIV>2r[^gEEPy1?F\r=GeFq;M,%1LqY-)QESk{|&4.7>RE\'+zjsp&\nTc1LbGJoin[jusszbA[mTq+&3\0	9Q[\nrqYESZ3\\^VZ25)AGLl1x(Jg~L<~Tk5.F3q\")1NE&(4H57]L#X\'+y#~_ceR:oIHR4lSz\\6)\ZGTQb\0HUq,_K\ZX=c@J631O&+7b1En)1Op1O&(\\VMj@9Z	*EnCm88(E/upr^1o6vJc\'dM!sZzC VyE~z.k,F\0>)BQG4og_znQ\\ivRT26&;u98cW0tWV\0?s\0.vurNkD\0L1\0\Z|juM6& n)W}uX>\Zvd#\rE\n\n<=3*9\rp6D#4KV8W;\rjDBCV7eEKz\Z|vP~Y\0\ZQU+8;dA(2M6\0ReQ%\0f9t-#lG`D@\\\r(6wjFFS-Dg-tV7)XNG+jh\'c8xH#\"]iss75j7pe=\0U~k+\n d+`vNMYPDWK8[sqWHWnTWGUJ.Z3$8\" P@\'hCr\0;WkPymC	^JVz-rNjKwIV^\n~Mg)9$+w9Wm\r%\nt6v]2qqL6HX_Gg)Q%>\0yb\'+sEW\'j\0#5^f~(?bSV1O&(Xn(;QqXn)1N\\,7Dcq#\\6m\'\0\0\' }qSqU]@iA+QjWqzzcz\'UtQ\0s3#\'RiO\'?9u\"|5G)ijchCAs\Z)\\jA\ZF\0_jMY:yR2A;2x=\05NSG=roirg5)rexEz10k:Mb\'i8X215GWs\nsZJWsfs^o.gSk8W<Tm@&?sQ\\cWrX<l/y*n	i<{\Zi<casu*N`\n\0\\?X[[W7@T\\l\\Di6Nvkl~*o_Kw5jdV?0Lk-C$qWO5 ,cU%,MYK\"4P!$	K1lA\01Iay7JpGUWwrc\\bWrm7KTGXZVi3 l$mJv-tS\n?\nT9I]*R~.k6m68uF4\\LW,K6seuI}}?&uICsEeFbSIp))\0Rb1Ef(;be@PriS6\\_K__Rj;a:|e[	# }\0={$G|kIC&GU^3=b5-{aiQ7)R*m85>h7=DJSURRh\0,:x5_TM.=UYJz2?\Z2@gG6k?4\0ta	u<\"RUp4 ~gxI7s9;]9I)$$+Bky\0*BI=j{r91F3tT1T\'W^|84!lf#eA;dvF!rIH/TO-\\3VpS>r{E&\0\"y=caZY*c_i|M_Ira:5g2JsqZ]?S(%&`]3g ZRB/\0cie21L*,\0\ZOPqLzy2+o/\0)7;t24vp|\Z<@R1WRwEXx=hY\0M|QuqF)b\r/Y(iqY76.}81x\ZJQ4bm7d4#ka&v+7zihmm>S5RbK\00{Wf|A^.2p6u\\\'t@nEqQDBmQFmQ[corihQB=uFG5;]\0Yc1_C^:)?tN!:|(g\'MwW2AUmX\rJ\Z-\Z:[!>}\\oa5IpO];\":0a>_\Zvw!$h09\r\0`<g\0|J5xuh9J&;>\rjAIa4E^dj-$c-ukr64mZ5%V8_=?Z`S3dSTGb*<9p:+t[7ui=6sea[	C\0XS\rZ&Z3+@yW\'g;f$%|{19]Td<f3:W5Za]TexeY#r ]ej:|s3)F%h![sYmnNAMS/LvdautC0qE;bPh;bV$;S_nJ] ieBG9hlf< f5d<(\'pKqekRO5(_oSWix<{uOn[:>F\'Knc[vs@\rs%c=9y$\"L-R*jv;ZZ+}6ayT.6$J]G{;u<2g=c5PFbW*CtNH&]^\rui(hnPk;)?4y_\0>*Ah0Il.}zDZ\0Dw^=tBp`;h@i~Uq=\n9l@>?:k2n2O:Ky-V9v3<}*l|uUsBY3]B\0<zV-FV-k dEeFF\ZXDmr\0}_HvZ\0D_Q]yf&2P1s~k7c8+RqF\rnry+ z1Q\"_ Mi|9$e5XWzhor2vEu[KkHq##=>u[RvCEcEC\nAxI?\"q7QGEj>SIv(~sl7brGNV,%dZ3}8!9 zV~1G8_fVTi{/F	NK+jqod\0qg9G^*dh&(2W]8G[x5^Q+\nv<{tf44?w utc\"k7J=?iG Qf\nTM/hU1 Bw]kl	yy~M`]u`d sZ.0L#|ZZ$\ZpL)z8t2|>Y|dxo-ppV\Zaf?\Z?zcPzIVxlyg#=MrZYMG(1^Il\"47WncN^n={F0*N;}}jXh%;|L>y_h$6\';]\n,y`:`kHghv.Y8;[\0(Gz0(SKVZO*@jZ*q1\\\nx_&)t!\\rG\\S^iON6s#l3d)\r+/e+Pimfq_OsVk2ppk=\\v2X9Ohj\0]P{k[O=S6z2k\rPgh+31I_\0xuwKCQ6V4nI]XJ(6ClWl|T\rt\'UOcp<ZHMJY^_U-u<6;c?XwS+mm\"Oo\n}|Uq	Gw1bF3!0h`(]]})w_y4Pwl*J)=k_f6@o?4,\03IVw{q\\W*cZos^0	Q{QP/#gQlHDc9U+9Xn`s6<z)\r|zV\ZU>haZhPQ[M#Vb{5GEf<Kds27R)sA\nRH%5ZsKE<Wy4<`aF\\4%db<,Kjem?0p>sqJg iieBVbk=#T>	H=R@qj\nj\Z\\[d,sEZ]RyJ90kJXzhZpm-V+U-2P0*;m]5\\|{	fkk;0UMmS7!\0d?oloO5k%Q1Fa$ov{r?Q?X	S{\03X>=$_s2{%Jw?#t{(:V)kKJk!<?\\R9dD}nPq,exb])F3^)F|p76<Ub~#P)cVa@O\0KIu[?6\0-o}*l|\0~(3W{2HHSohf=r8IKJOLp++[YAQ0N3SV^ntvwdk\0~]NFR}3w9~Qb:R-]h*s\Zh-c1SY;]6mi>SzQW3\'bBwz/\\7\0jMM+BQ]R3#F0\\g\0vS9>e\Z1wv6>{>G5&9tdQAu.I/-)	ltoOOybF:^so:A{>Zv+j_u6zB9~#Oz-\n`2\0E\"@f!v2WO+RGR[8(>`@@YqZbwQ>.rv.q}\ZeQcUoDkHKm2	<SkQYq?J.|\r;\\A&R?y+Q}g-18`lt#r\0N&tTE+4\0i?\ZX\\[ysK+l.!)%Qufo5\\k}r.G\"\rf.&J,m$ck.lo\".`0:Xc3%8A\'%h,\0j\\;7/\Zm9>\'on2^z\ZkH\r4kcZ:5Aw=4K&wV;B\n\Z//a{9~;le{J?b\rht?K@b}Pd2,fh<{ev{t_}%y{3t> L\\^H\\Svg?Z->fxsQjzF}W>VL\rxT}Xk1AfQG\\b&V}O&Lz*=FR>T? nGo]}zNaM\'`?Z-m	d#\"9{Y~S$OOb\\7\0I$\0W})-Ie\r=SqpU2bMyy.tm\r}KTy,\\yqtMk1-cdpvXV^AC=]JqjGwPQ>FI+i`iT8}Z)c$>8<WGL7Lw/\"}FG5qX\0#=$%5\0hvOk	O^\\s5\0{u#zfo\0[`N&;	.UVC9bI5QOZMsIw\"R{8;T2:O4EOcW4rRw)X	+Y|l=\nuYO)Q\\SR.y?Vn.	kKggY\\ygJk\n\'8u_]\n\ZEQ<\075;=,c<,wr#L.v\n$=KiL4r>^s{f*\\rm\"Srt<cG>BF\r]&2~k&<z<<\r]b5<\noNK]1Yx~[(@(5\Z^(b?/+ztNr^/.DJ[+\nit4s\Z[j/dsYz&j	wef@DA8iSS$0szW=\\3lW)b\rEP_wj}.PH77k\Z9Hk8H{n),R\0\n)I?A\rP4i_y:c f*ft>Drf3;Rg<8wFW;}^ayl\'a1)ZH.{Ra}+pzxab\0EFdF\n3UK4e3##2Oolt}[e8Pq+qs8<*i*vFw^S.k\nB\\i6\0RD*V/hvc+]^xSBZHesHK	2a][u\'+\0]/c_asn	GXW^Q*4tKH6A>WmScOop797~c<H9rZK,[2yTjcH)cdt5v\'7B-NUWyY:?\nz4D}4pO7n:c\nQ\\vN[?j?hFygA}+u^F0Y{[B_1KXSJR}O`5c(7QPn8sC\0BdT8$swkxniWZeDov-\Z	kqzSO\\szVsudc?u9xBt&5AoeoeV*p[\Zy#I|>RWnpqJx\nZR:^[KXi)CfU$S1/aN.jVpUH(&3hSi^SN`\\J;xSSl#`w!*A7k!#]Y{e$IS)okexN0\0\nj8gu4sWz\ZIK\Z238ti\"X]6IwYH1Zw:U1\r-!=Ma\n\'T\\W8wx^JU S	\\ohX\\)%Fq5[?#RL<d!\0WscXa_QPWu[\r*ktWibGJTnQ]5eL`n~gMpz;J\'X(NQo[7S<T_Oqc,\'rK2I_J`mBquS(Hjqww\n\\?K!?P:`w	/w~Dp5<Nkqu]\\EucYO+V_cp||Q\\uxf.>b	%la]Th{:Gc*4u+XmrO/S:XXA?wqZ:cQOZuiB>\"1iIu\riy1U\0W_{p9$`\n\ZwRGp:Kb?x+F:pJkhf}Nr\06z.:Vc3kV?*mIjv.xHhe$\n9ygD!\Z}C(X\0O+NZ@I3Z`O9\'V4W7aeWE9WF |A;[y,{URzCu`]$\nR%Y_~Y&bOc$	Jp6+,MLr gX;VjT]lmBAmm{)_\\5BZKct7Z*I:oN5Z?o&\0?w&4Fnj-\"&/d8O!VZyCY$=eL-e1Ru.fcO=H#9|0*R~c,`SR)dPEnY\\L[8wv \']=@1T9dxe\\(Zqw4fs3sF%,cZ/*^U+>k,u0E![uj\0ZXOZ\ncd$|zz>(]O	?kyR9\0|\0/sO5kX&dAOpF)lM\"r CGbO=]0fK(Ak,3bxJ]|IWThp&NP\\-eK+2\Zp5R\r\0=\"S\"_\rd\0\Z[J]*\nN,SG]h|> \0Jue1	se}|+^_9\'F#mGxhB6.df!n;u\"^;;2X.V\0zW%EYWoNz\Z0NRKSmWNq1Pk*.O ]t:<bH1dYkSyrcf|Y,H#\"F^X9Io?WgW A\0E$|U*i:XE$pBkPFlt}53c*U?A	1^uYu\rvk-BG5gM*8%F9`]SQK9I5&=dPcS:k2+@9V5u\"~*I\0r*jIw_\n-\'b#iiUQB/^)m%r23Z.~fm\n4[jfm\\6sueeK)L6@qYWj%_uv5:77\0^.As$;\Z)GS\'c.rb;iSL	s\\%jN\nW>TcmkUWwoyrdyq0IV$g\ZM\Z<W=}u>5(9c)nI(i&+	rQ$!O|v?drz xOmSRhQ}\Z9VJM~[R\ZRp}\0Nz\\#\\&}IYIb7)>5Z\\*\r[\\`28\r\ry<<1_8	#&]+sn\n8?m\ZI0\0\Z+qdF!L=>*d)\Z##X\02[6qJ+dU!#[Z\\\Z;\0{(#v[ojp>w`GR?z|baTV\'*.OJ\Zf=s2{RE#\0WO\'//c[wiN	*7&\0>HXJf8|t8k&5hrAOeWi},S2DhkV3-R}\0+;xGa3pk?\rhH}%QJ*u5EZ}OC)z2^\0a@>\"ws],\ntN9q-xky]GKk}BGAYEI@-<6/i1H\Z&=@H(Xd16g?*rW9P@IL\0k`LrZ&/voZ6G\Zcm&Y.PU}joTs4X\0K^T/4`Hzf_cx~&tAnr2YqYj0^ICpkWrIc.d5y,8k\Z7`Y`\ZRfm\0f1 >EU+sr\rxei\0oso+	wf_Y\'n_*{~ 6\"4yM5>vog/#.I5eaAV\rj~F\"%t_$XG&{zt6X?\n&IfH\n8\0\nqV35QI\\.;{xD3M^wFt^\\^/L*}&si?8$Q\\/K;3-S-v8h_z{g7:UGps\0J4g( f/NJxw\0zXh\'l=jHc2N&,g ?P0kcGgwq&>HQwW8Y,DfizY	EGl\Zs-6\0J\'EgJ\nq3 tnyQ]]r@==`UvP\0w,}{.3MM4YF5eYq:cr,1{qW8=8I&KyU?\0sJO.$.5hV#7OoM9,:\nn=	G6?j0qp~G&)\'MsGN9W.<?dj-7 VZ~,v ~M\0R5:6Eg4A7;\\7l)8i.lsQ]_M\"\0WDhNL05mr*xsTPTZ(|.~rdGvH3h<L\"#T0]GV(0=zTZeMF0z9<OocqVx27fzM:B/cV=II:WmxB~6ezr*7fnN;C^;j`(b3EODr\"F$ZHO<v@i\"h+1[.QM$!/5n[QbqU*O:iEm^LJ%K[K+F@j8=\'lW%UVCVL/xkX+#@R1.`Ez$~.*R;3pLjs\0*h-\0^\\{u cmy>wTxR^:}\n{	O>M\'DqIm3*C^u{ya!#ad>N`-eonW=9\0`5,wfI0+Fa\r\'bYYRY]+J@3	hu11ED5.03CQvhgWwvpc!s\0UM,hEf]+	\'h.\0~7OeN;*UuZZ1lb^	\'N*Z\\r2HPBe}((H5+K|qRzj8&?KmonERan+\0/b{y\"e%B~T##AEmr\\zn\0U~\0 \0UIek8nQrq$gUwmzsW/CfZOt3\0g~!+2ILZ^b^+Y?wV\"WdMJI! @i>W~(UM\r;?Z*L7\Z*D=DUrIYzUrut6q\nA5+{\ns&V]Eh\'?vWJ/_/h7H)+%Et=u}IIuEt(E%lHTM51oO?TI&>2X~9Vs2>\"_8O!n\r;OFMZ\0?*or=-96hd\0%??Umj6YTi[d\\\ZqWA3\r\\-md<,C\nW%q\0\r<z\rApa\'\'5+Jtu^SKEvlZ6s\n,[\0-J\nve\nqekAXG@^-LkE&y|@]~uUn\n=y&i!L;=zXYBeQ&dbGw+<G0X[rFU?y\0\\SPO.uuSBN1OX\ZSNVMHJKU<,1uk7O$Xg\"b8{dTl$)Z[[kYfC#6Qvo! ?Jk\rdcq[#\\Ju5r#J%/vd5Ruu_b6f9yhL|YWSg\\*5[Df42u\nZA4i2<\nI.G\'p+RSC[kh!B1Tb4]}9I RQW)@xf1Gj+.UZnB8?jY\'55Vm5[o+P}rTQ\"~Ui\0#T\0|BO_![,r6f,]PiQZR9vmW}<U\ZRfHi>7s&kqch1?[Mob/VO1XT2(d`\rsYy62EstOh?hv9(n~R\raqJI9;)&g.!Y9VJ?7\0<?4myz5\"49xj2u@x&rH	\\15#;ky%3F?T]:O\0K{5<2u|@tQ*-8or%8?N6w\'?ccZ>!6\Z{@~Y\nz{Uqi$,Y9\'=V3589\0OT;d&\0}UToOcc6e1\0f5vX\'\\`oi\01Nq\0,:N]60a4#/;6I;j?X\06\0rNt2]6vO1ZOuoI$kV$~+o6m\Z\0=!7`uy?\r\\k%e1ab2gw$m+BGH.62V$[@,A8 f\0tEWIY\'iHKhEN|uOWi[nY9f=|=9_Qw(hY4WO',NULL,NULL,4,'','CAJA',0,1);

UNLOCK TABLES;

/*Table structure for table `gv_proveedor` */

DROP TABLE IF EXISTS `gv_proveedor`;

CREATE TABLE `gv_proveedor` (
  `idproveedor` int(11) NOT NULL AUTO_INCREMENT,
  `ruc` varchar(50) NOT NULL,
  `razon_social` varchar(150) NOT NULL,
  `direccion` varchar(200) NOT NULL,
  `ciudad` varchar(150) DEFAULT NULL,
  `telefono` varchar(15) DEFAULT NULL,
  `nextel` varchar(15) DEFAULT NULL,
  `movil` varchar(15) DEFAULT NULL,
  `fax` varchar(15) DEFAULT NULL,
  `cta_bancaria` varchar(30) DEFAULT NULL,
  `nom_contacto` varchar(125) DEFAULT NULL,
  `email` varchar(125) DEFAULT NULL,
  `rubro` varchar(125) DEFAULT NULL,
  `productos` text,
  `activo` int(1) DEFAULT '1',
  PRIMARY KEY (`idproveedor`)
) ENGINE=InnoDB AUTO_INCREMENT=10 DEFAULT CHARSET=utf8;

/*Data for the table `gv_proveedor` */

LOCK TABLES `gv_proveedor` WRITE;

insert  into `gv_proveedor`(`idproveedor`,`ruc`,`razon_social`,`direccion`,`ciudad`,`telefono`,`nextel`,`movil`,`fax`,`cta_bancaria`,`nom_contacto`,`email`,`rubro`,`productos`,`activo`) values (1,'4687224','desconodic','otraa direccccionnn desconocidaaa','una ciudad','125-3654','25*165*3695','321654','321654','123-65549876','Contacto descocnocid','elasad@hotmail.com','hoasjdhkdfas','pc,accesorio,etc',1),(2,'555555','nuevoo razon solcial','asinando una direccion nueva','una ciudad','125-3654','25*165*3695','321654','321654','123-65549876','Contacto descocnocid','elasad@hotmail.com','hoasjdhkdfas','pc,accesorio,etc',1),(3,'4687224','desconodic','direccion nueva','una ciudad','125-3654','25*165*3695','321654','321654','123-65549876','Contacto descocnocid','elasad@hotmail.com','hoasjdhkdfas','pc,accesorio,etc',1),(4,'4687224','nuevooo','otra dirreccion mas','una ciudad','125-3654','25*165*3695','321654','321654','123-65549876','Contacto descocnocid','elasad@hotmail.com','hoasjdhkdfas','pc,accesorio,etc',0),(5,'555555','nuevoo razon solcial','Jr. jose galves','una ciudad','125-3654','25*165*3695','321654','321654','123-65549876','Contacto descocnocid','elasad@hotmail.com','hoasjdhkdfas','pc,accesorio,etc',1),(6,'12345658','sfas dffasfsff fasdf','sasfasdfasf','desconocid','3654','6542','2548','2548','214654987','unknow','tesdad@dajsdka.com','sdfasdfasdfsdf','producto1,producto2,producto3',0),(7,'78888899655','proveeedor15','Av. Maritegui 152','sdfasdfa','8897974','79978979','5446464','1655646','98766488979464654','sadfasdf','text@hotmail.com','dasjfhadf','gadgasdf',1),(8,'88888888','James Brown etc','UU.EE. virginia','virginia','548799','564664','8978998','8978998','652896532','deconocido','james@yahoo.es','sin rubro','musica,letras,etc',0),(9,'123456879','Pavaroti','italia','desconocida','326444','265634','4859658','4859658','12345648','james brown','opera@hotmail.com','musica clasica','musica,canto,etc',0);

UNLOCK TABLES;

/*Table structure for table `gv_seriesproducto` */

DROP TABLE IF EXISTS `gv_seriesproducto`;

CREATE TABLE `gv_seriesproducto` (
  `idsp` bigint(20) NOT NULL AUTO_INCREMENT,
  `idproducto` bigint(20) NOT NULL,
  `idcliente` bigint(20) DEFAULT NULL,
  `idproveedor` int(11) DEFAULT NULL,
  `num_serie` varchar(50) DEFAULT NULL,
  `vendido` tinyint(1) DEFAULT '0',
  PRIMARY KEY (`idsp`)
) ENGINE=InnoDB DEFAULT CHARSET=utf8;

/*Data for the table `gv_seriesproducto` */

LOCK TABLES `gv_seriesproducto` WRITE;

UNLOCK TABLES;

/*Table structure for table `gv_usuario` */

DROP TABLE IF EXISTS `gv_usuario`;

CREATE TABLE `gv_usuario` (
  `idu` int(11) NOT NULL AUTO_INCREMENT,
  `dni` varchar(30) NOT NULL,
  `codigo` varchar(30) NOT NULL,
  `login` varchar(125) NOT NULL,
  `nombre` varchar(185) NOT NULL,
  `apellidos` varchar(185) NOT NULL,
  `foto` longblob,
  `clave` varchar(125) NOT NULL,
  `salt` varchar(125) NOT NULL,
  `fec_nac` bigint(20) DEFAULT NULL,
  `fono` varchar(15) NOT NULL,
  `fono2` varchar(15) DEFAULT NULL,
  `celular` varchar(15) DEFAULT NULL,
  `nextel` varbinary(15) DEFAULT NULL,
  `email` varchar(125) DEFAULT NULL,
  `sexo` enum('H','M') NOT NULL,
  `tipo_cargo` enum('CAJA','COMPRAS','VENTAS','SERVICIO TECNICO','ALMACEN','MULTIPLE') NOT NULL,
  `descripcion` text,
  `activo` tinyint(1) DEFAULT '1',
  `fec_registro` bigint(20) NOT NULL,
  `fec_baja` bigint(20) DEFAULT NULL,
  PRIMARY KEY (`idu`,`dni`,`codigo`,`login`)
) ENGINE=InnoDB AUTO_INCREMENT=36 DEFAULT CHARSET=utf8;

/*Data for the table `gv_usuario` */

LOCK TABLES `gv_usuario` WRITE;

insert  into `gv_usuario`(`idu`,`dni`,`codigo`,`login`,`nombre`,`apellidos`,`foto`,`clave`,`salt`,`fec_nac`,`fono`,`fono2`,`celular`,`nextel`,`email`,`sexo`,`tipo_cargo`,`descripcion`,`activo`,`fec_registro`,`fec_baja`) values (24,'9876542','U00000003','tbane','nstas','tesnas',NULL,'2nCMFqT0CWw=','4659852524567892589564',0,'321654','','','','','H','VENTAS','',0,1359655989421,0),(25,'12345687','U00000004','gases','usuario desc','dfasdf','\0JFIF\0\0\0\0\0\0\0C\0		\n\r\Z\Z $.\' \",#(7),01444\'9=82<.342\0C			\r\r2!!22222222222222222222222222222222222222222222222222\0\0,\"\0\0\0\0\0\0\0\0\0\0\0\0	\n\0\0\0\0}\0!1AQa\"q2#BR$3br	\n\Z%&\'()*456789:CDEFGHIJSTUVWXYZcdefghijstuvwxyz\0\0\0\0\0\0\0\0	\n\0\0\0w\0!1AQaq\"2B	#3Rbr\n$4%\Z&\'()*56789:CDEFGHIJSTUVWXYZcdefghijstuvwxyz\0\0\0?\0O_Z`xdP(QR*:Q@QR\0M\0?4P\0Pc4boQIf)MJ@bRTxb(RKBhTdSP sNS@H6SRor!!9J1Mf 4!0	1v4j`)Qut0T&y~\\\\ JxP*M9\nv()pANHZQMI<P+\nM!5N8c|\nJ<6c<y~:^&nQsn\\w^FQ%oSs	Lvrs\'\0X\\c)8!\\3:0\"M_7[VKvYt\rm/+}rJmvU,?C7qPh68|eo9c\r&LBV[2\0cMuSZ\\N]-\\\'Rjj	GHd~\"5Qg>p(q^A >\rJ5{+.Gd(1`Rz9\\!Ux<]3\0sL$]@?3~C&*\0\Zqeir\'U0.<r7O2)k>Eo^*+ZY%a<cQFw,ay\n=OG=OVN=O(&Vqi}>X\0~\ZeAr89kt/$ayfnmi5GDnv}^^?p/[{\0;p|5-:_%xU3!`(_xZ{`$I_Nxff	);zWM{ksuV4wEM]v+L\"7V#n\"JTI]0!@CR,d\\E8R,MR\'R48\r#f^\Zpm=c[8\03\\]]v:0UM&]oK;ZB<6`^{s\\E}{&\0]\ZGF_?[K,\ZnIY$wgFZwl~f,~HS\r<|/\'/im,+rV?G\"I9x?@8lWF#}J5sFq.(jriB3NS4h\n]1\n5oyG.&6hn\rHzUim;sZX#92qYxn]<n\"DbWqz:L0e<mkMF6	|Zk&!~Gb?{Cuo,2tt9z]iWLRByCzsUO5$Cr=h1W1A\r H\'MqDcC0Akm0||5|<N*W__=<aMIjqz?Y7-\\eG\'ay]1Zs!mc`x]W\\]WNT 6]^e\'\ZZ\\\'++X8_A/\0Y4*E-}9HT\rE4Hc-@\r \'lTDQ31|&keVY(Y3YX<aJ2jT=+N{UH;WRqT-5{5mVW\\]G\r2FKXV\ZSVv=FIV*uTkMq`L9$b2:sgMY2tT|C81\\4`O\rM[n\\TlW){<)cKcZ\nF(}Xa AExiR\\`-H2\0.#FoXm \"O=+iKmEKsS3pAq\nO{u\ZC8\0{PrhIS3UzT:dT+~+udOS/+o\0\0J]9w\\=j$\\G#+(yu/u%}\0?Z[iZs12x0Gg{Kuq][n9Je^T:M,&1_++2\nO5mcOc$?F9*=(P9XsZ2Ug	)C9jPi\\?g\\tfR8IJl1OPY\ZGcP)qG(\\%EH*O\r.EOpTwA[/xxF\"#w@s(Z>DVgB:?<d_v.:G[$dLUxI\n2T&PoZ~<#?{]YH zlEZg!3$pw_.\\io,b7v+@0#]\0-[?_R=Lc\\^uTamt)d\'3]_ZN*Zz\\ep5k~<q1tG7:\nKM\nSe\rkX6[AI&;=v\0!LK&Iy\'\ZBS-axk$Ds+1wcIKn|kq)\\Vm	F\\\ZW6zmn?,Wz{677#WVY/5m@vBKp\0o\ZU)tdiR:,*UM6Y^-.l(OkQga^5g!KPH\"~U8|0HK\Z~of%Hm)]?Enp\"KsW\0tBM3Z{ye+4?&}#|X4k$mdfa)\\P*Q#@kf jHvvV\'BuPyRz4\Z=U\rZDP:Sw\'~yqO&3P\r+x{}L?@i7d<7\'YD_TQI9e\\+\\#K3( `kx|\\8}d/afPh5j\0$`I).5o|=V/t\ni{.$SH}}e7[]KPH!ll~.<]ikUW?S!^s}[|zMd_Ff\ngI^UCh)95h$3v*~weVd=MRdngbRrP\ZZc?z_4-\rh~u\Z4g\"E=F*,~r@3->DP/>mA\'5Ml15=v\n	$9\0eVE9p+_Ks>8  ^>H[xmR/>/zUf(M_?;}\"N;F\Zs\"lZB5r&\0~m~/Co*F^<Gg}B^\'+0iZjvcxGdr=^^InunA#\0|iM+\\gnz\\1,NN3C\\6u[	\Z;>\Z>\r{RX6U!\0?{0=oM$IjWm.aDOj1G\r:9-hg)v2.Q5#0+?l>S2=5jd}Mj\"R\"QtA&@IVasdOyI:fNLc+L@\rx6s#VQq}XDY_\r\0Ww\0	0}\n?J]\ZZCj&A	#Ias<cSF2\\M@cuea?tnzr+i2Om8Zm[Y	/f/,dWE7U]NdG7ZqwM,DK\\L\"fg\'\0IK=SY;md8>V14~<WiW.5ic+}M{w&)|J6L@[5ZhE:ivV\"E=5{DJ|N4KcCx;~y<u#(H\Zh?k8ks[DrYe${5M5bc`yjRfCOvJGx8|C,Gk-dRs]toXs<S^3\Z@g5+X]G\"N\Z5o\'|6	hrW-odT9\Z9QWVS+J\rkOc5Yc\" >v, \n3)Fj\'uUAA(~%]D%YW\',;$w+.|gaS[L7\0?;>haGhKiY%3\\}~7hY#bag:~&&3s\02?h]tq@{V-@lg<a:R#zmJv9&bKIH\0D\"rEY)H961\\O%IVn%)j7Ie]]@H\"yX(\'W	2N$1V@|<I<knY/&x2t	91	>*lKisXyNb&c\0	\\C6v:pMq6*a<^WS+(8UIsM&\rd)\\\0\Zmx,{u sH3<u]b]Y<R>R9>O/B {S]:jDDc8,U!{#Vnq.,2+#(pizKHRs2y-bndCB5Z:<r\\U@3E;w=*\"GZ:bOY@\rz`e+=,Kx{f\"=O@POdpMcE(mA;gW<\rbgx\0x^k:K>xExb=kL#Hq>az|\\w$dDywGoO5!{D-rqxc=]7/\\i ~eU\Zv\'RM)CMnjKWagmph:#	0@s\0zyx{rNRX~TZ}74NRX\Z\r)I@\n42MNA\"\'XX*5$zSlkgrM;N&c~\'OhYQSpA\nQB@#p5+(0[\\+]p\rm?V/f kJG\'K1\'\05{K\r+F	&}4Ow8a2;o\"5fguI28^npyX<3[YHr?:v7.u\Z3J+KOlkD&yva{zXCGx.\Z{\"{TV[EojGMGSi+}BS*z_PY34wO\'@d\'Gs\\8+r\rtOU\'HtHLiiu-#FAyo?Pv8pqEz a IX>X~o7?nW w\':V7f{i5yNw=?.G^u,Q7\'Ih($\"0T0-\0W%:F*qmetNA=Uk[_c$9.@yI@g-$qX~x\Zp3\rxut~%qt9OJO$fr?R+GF4\nttRmYP\0U\"	\'riCU\r7SV-uGK,gugq{\Z\\ij4`AM&qc?L0oW:\nxafk\0	uu@\\ \rWrcE:;vkoDNg\'	PREFQ#b s9X{CTVeV6z>+[;	}@ygRrcWD4j1. \ZgUw1f9BKjh<*~nI<%i#z\ntG	5XX\n+#zJU/73D^%C\\j`s3k#~5`\\w.$y\\Im+s&2~l\0Ji2VW<uL$aI\'\0qY*ItMgvaF\0\\g d6XKRA4<J]\rMX sTu\'\r%b*|o/oR;&\rqXsO\'W;GWg7-&TQ#o3\0$^%E_5RofvXd\n?:<S\0_Gu44.\r;Q6`J{7y{L2IWq96{u\Z14)#e77q}{f|3eyk\"$rO\0Wh\ZW/#\0Y7m>d1@9kzvL9(ONX\0	^MrV4r&m#Ek]\Z<Z\\9&vD6~6q\'?Jmjv	\"P2Mc\';Jmqu8ris\0U~8\\<\n9=Xj`RsD)\n]}{P29<7W?gRpSTn6a\r@?\0c]=7cq]GWM\r!lfItxGFrI!=7PyTO\rtJ1G3oG{q&\"+NxnVkc[GbOyb`CtztuzV\ngaksw<H#U(.e_j&+\"= \'5J+[:jQ:2cu#.@|F8=+$R#kj|DY&F3{/:8I<	Ww%@dr;L/.NNOA{5$Oni`wWlt{QKXECGLg4A,R3DH0GI9\\Rlo.7O\0xgGo}@?^<O7}v?SWGpvVRZ6.uR_G\n1\0aor\rYI]hf)*Q]M8\njXyEu8`A59as&	e/,%LnY.(> \'_\'\"E;#{gbT+\05R\rS!Cw!\\HMY&	!Yvi=Exk7B7 (8#QH=p\0I4unxnms{7yBg[MTM/Rn\'=w(<s+o5Z=epOG\\WGV3A\"0r:556mqzY]9qqm$:EKSXx78L/&QyjH.du\0<>jIL9RqJ<c2T!#P2@AlSfOo4%#!.W\0$z2XQp<WwR-2iB9<8~?t\0:myP$H9#4j~{n$*By\\=kFp.#|nBFLx8J&T7^rFl:=jo Y|SAu\ZZ-AI!C8^;uJOO\'G>*&`M>VO:GOU5m:>yB]W gs\\Eu7OE~5-\0W\'irJyk;C:\'is/\r\"p%jF8P\"CIn3W7cbEI	l9tZwQ5a5|7iROov@lmMqMiKlo\'a_N\\,j`^\0CO\" m,I?VA$~Zt\"/>~UGr\0u%hF~?\n\'2$z3GuLN\ryE9rp2sBs.Y\0LN,~bv_gkeCx^ZEi6\"DdVh95eGJ%y;EYt^?dMI\"YO\",%\'+o2kf\0i=jk~[Fg*T18sB.:G7ppSQ-@32o}8Btc\'/.~Dy&cyn{G\0Wff\0cr{?Ela^c.a O+\n2|0\\ns^FarIrHDzjMrqoax2/mcQ[+k[>%)NI8BGE?e:j=7BWvn?\Z9Xu\\!E(\0+5CV#H?6rH<t9G:v`7+ FEk#QD,z[FgR\0>&QVc:DTbmvf~Fy;Kd,\nT^k;k0\n@z2^#\\ ~`O98={O#X7K6N@8f7fYP!$|u+m?0ku\Zdu@ C\r$99tQX,X)@\0\r)Ew19 @*@\0u\0cC@+9?/VE!U@_Q\0M(q\0Frs8{Sn*9/=;Z( #B`\rPtrb<4\0OE]\"mJv=}JN@B3QClvBGgkc>QsI3:g\n}y\0\n(wp \r\'{o4}l_i^a#Mof?^\0(JVNK\0C2OiWF%@%p>(Rc],c];2-y6,Q\0Nu_3**YE-9>RZpla\n#(<};QE.f; G7^GP)G{KvU^x#(85Br0NzbHO*@O^xh$G)\'|G~}LQ<q)<Ssq4d;\ns+?J(\rh\\|p\0RQ)-,Hc*KBNqQ@\\','+ugykyVGj8AB8Ro3ZCQBtw==','40000000U2178654321U00000004',0,'789654','','','','','M','COMPRAS','',1,1359663589203,0),(27,'95135789','U00000006','genius','gener','unknow','\0JFIF\0\0\0\0\0\0\0C\0\0C\0\0,\"\0\0\0\0\0\0\0\0\0\0\0\0	\n\0\0\0\0}\0!1AQa\"q2#BR$3br	\n\Z%&\'()*456789:CDEFGHIJSTUVWXYZcdefghijstuvwxyz\0\0\0\0\0\0\0\0	\n\0\0\0w\0!1AQaq\"2B	#3Rbr\n$4%\Z&\'()*56789:CDEFGHIJSTUVWXYZcdefghijstuvwxyz\0\0\0?\0UpJxBx\'`n ||0$6y,.whjjR*&W-0pY\\o( @\01\0+~T*jui]I$;hM4t\0I)e7Mm.zV!~@o\\nS!0*ht6\0Fi|2	6Y1\036Y@`FKkEC\\2A\rW7qc U1[]^Wk.\Zh}.FwdVn60%O<ldO20x	\rv@p\0`@TNar\\\"recTdk!HVP$`76y#+vgSQbwzzZNI\'4>\'JTu\0}-Oh.*@\n$\0 QBSHL(,>2wG#H,IY.u\nBGz5n!v\rXpX6\nof4S[vU~Qk+7e-\naY<}AaU,db(@n*-JV\0U~S266C!I\rB;Q\\p&@&,\0\05KXIFaxSn*ZO}RZ4]h99#BJ\nwC63J(,-AV eCb}Ys,QD$pp7|2Z},\0mUeE<(LV6&7.vImdO\r*-YIwW}J<qL$3\r0\\YgD[aZY3),=[\n0,Oh9Y!\r2NvZ2%Q]9P\'#$?\07B01Gvqmwd=|]mu[7~I`Aw`*# bpxps6AsWRX6T*Bi\r;lnL\0@YOZVMbR$e\0e< VuDzx^7IH-6l	w~]mdvjOFvM`tHBT3!`Ymd*|I6`1 `P~WH-Ig\0\nT69BPFc \na(GBHZ5\'$~[NisYD\0~.7}JDm\" w3/*`0Hes4[i	T%\\.>$L4l,>V#&A200;w-!v8,RpBFyrHfi{]Ri;]izl$#m^+kg]X|1\nKa ieCQI#lNqyJWb S\r`*\\\0MaU%xOxW.lU7\'%9(U,QV++A+V%+E5K.8i{4z{QZ7u-=w0xL,rN6d8\nr\nU%0yP&/*M0`rn ` P<\0T0*4vq*\0wBBbcN]c.K]mjTNvvv-.g}vG\r8;T#`!G[x`j%Op4RNpBk\0Fr@8A\"S$(\"(E m\\#Qgr1uBFPNaM^N]^j	7+5I$^)Y$[\\7]vLwK2/_ -	Vbj)jg1!V2FIC%6Vb1%vlA%H\n!B>nGf;#%n$/sy]rK-9EGVz(K-PVi&ZO{M]<R&}\'ifbI<=HpNSXT9oHsc.1	^AbI#+\\Hv nP7)q*n*RP2\'Etw}m-M-cfcjylMo(=}O4`\nT&J_H9bA,Q\Z$x|\0(]`[JoB,4axA,6+?aR7`)`\rXpi~rMz)5tqKj]w,4iqm^Mj\0=n7\0A,@I,w\r@,q,BY\00*H>}\Z\nr@!O?1w98C\\,[8P,Yp9SZr(VM;\\Vkwl9rM.U3I],m{kdRvm<$JuX8w%UW\0:%rW?*K\nB\n$e#,+UA#r)<8vEnPHR0v>T(#C\nsVVZ)}t3.AIwfMZ7{KSswn0 0aR0#sn@\0\r z=werw1K!b:sB#w8BQE B T`Fjj6$z_Gd=/44J-;y#!v.A\\w)	0l18RXyNP\0\0qv^Okq2M*nEVT`QnFp	&|efC$31%qBw%&12j|b4ZNPg3ZYe:%hJ]ATo.V}Tul-pH%@0`a]TOyU#+:d` \0~Ed(X2`$Ua!bF[*0<n#%pT#\n;vFz*IYY&&/ZTt]%km4~N,59P6GQ\r0RX18v[oWJ\0c@,8|,\n\Z-meu#IV=#lF$6UW>Z1\nx%mIVVi&wV5\ZIF2vz$K},u\Z2yXK\rMn(TD+|32[>`|\n7\06!veb|NoHmbWs8Q#T0fZ 3#T82cs\nny-in7qwiwQiM3i-[j)\"n2s`b2o=%D{(UB/N]~2R(\0K\\9vlvFN>V#!vEPFXv_RQ%g~fm\'ys(c8BV2[];9qi9\\aNIlmB*6*UW4d|ICSYSIA#2S`P1rX70biHRC\0j*)~T(E-5\rh[E\0`]@;RT)2En~x\nOB&T6$t\"C0(VeCm.	{FHgr	@\nvS\\[NyVZIZI5Uj]wMKcnC)TA\n@HQ,F*J*>A(.zi`K0 G8F#yq	 g8l.Fy\0Rv`sV.[r]]|.%hWN;]I$V|)HXl\0/ Y `.	i)w,6|:fn2	Pn<`!A)*Ym=f- U{FI]6vve&X[fZzn l!E\"L\r;B	]p[f,2;DdO(o5#rUC\nvwS_PT@rA 15MDi]\'Qs(Dkrl\0 n%*AS0U9Tl~FBs!u\n.Ne,;VfPkt\'pwj*	Q@al81gG!%O*|\n#*(`8!eC#vu\ZRK[u48cW2aH(BXd%HR.CEnJ|u \n#kV\n[{DxV`>`/Y4y[$:3\0W%FvuC0+5i5cgdS%N;+-uk>>-46c= pJi\0\\	/$m\";XdaqqFpG*9.T0$!c#`\n\r`((X|Aj0lRT6n2MFRjkVk&4{k++--k-X1~j|+3N<i5XJT7;C\nwzF@H\r\r9r)^cjlW\'|~~g8\\&\"rQ~WGcT)dI)-\Zn{jVW$I@rw?2IXW]eT@mVa\'EQ\0G\0c.Qv-s@@	P:\\u!P&1fM+\',Nr<BmYRKMKZ4kmtj<PVJBDC;Um.h}$C.mz3)9_L@X og-H	Wff(+6rw\\\0~bQ6n%$$;|eW3j*Z_]mV1n$+`*_BF``=I._p*0YERK3)8n%Ai*\0rlnb HII2sZ/\\OX+*PMSJN_i]kmf]\"0^W~w*1SjG|NBL+ARC1|bq6}\"A@\\@bwRa\\4{#.O$\rc!T@.SIA+Dq\05V\\>m(zZM;i%{cujRFX0an\0bT8m#ubN\r@9@|t8(	b9-.	^\\\0aYa$m@<PN0[sq}e$I+ok+\'EeZAo#{[knuHsG/75,.zT%%[98y;\0t\0F\0GGykbKUQ\0QC8%.B?|@ZZ=!<\r\r7v!<<*;W,e,nUL=6c25,]xbk59O\Zu%8	:vOJ1Vws-FkPjaAEF8TNu.[ N8\'j\0A\0]fvmq\'$b38vY@	r\0b\\%\02w(#b1Eq@!~USV\'``rQlv\\F=mf_9O)jw[=oWPTmb8;q	Q/	]x|->V8G4<Guq,PN0&Ht5	INH$heHF]$6.pR1*dqL~|#)?P<WMlFaH\0hgOea8pj^IS\n#:iJm9d%bZ-f5*tJOM<F%SBFUYJZ*Qj^]}kZ_ic\r&[^^Yxbk3nCawEk\r-}gd9ed\nV@+(H?O9|\0QW[CZv=fkwNk$Q#w? Mj:l&crA-P[<1{sq<8Rb\\L+aq(\r\Z1#Mquy_B0BJ^\nsJ)N3&UoF\Zj}DD!v$FQa*kV$7{\nU,\0JI;PUI\rD`6N	]J8eRW$ W|/ymdcHYIb[hUbiFq|2qItWqK,V7iwoU]TVwB\'NH*~\\9Q0%qmbI\\WwV`X+%699]g	\\ddtQw`\"rUQKjz=ANn+xvj8M&M4k~-Min)7\\])Rvnm<#~[O!0L.\0e my\\>PO ?w)`9\0:e5(I=vV~#Nhc,E\0mm9h-8KFFH@G/`X{Bq~+\0w|r2GsdLd Sw pCgykaNOoJI-ye7{Y{4{6eS[hS$\0\n/\0\rmH3`Od2dF\n3WNKQ\0P9*\0D|@cp\'\rhc]?1mEK^v+[I[gwOFqwvK+mf@6I\\d)ARHN\0~U]89@~.c9A\r0-q\0?7e%<d@P\nH=n_ 3w$*V(8F3OQ~W+fA8uiIb8UXNweXVEJhR\"\0Qi9`JCn\'abU`\nT8bW+\n2ERqdPX6 )(!rW\'k[efo&GFGQJdvwk=u1Zpv\n*Ba\0l,y4{I\n\0\\UJ\nfa0u.CV\rT>fI ($jj`*.R96;#qW.Ei+lW_)s+R*#M[og{oO@A uO>1\nNIlqO.E$TnR \0y PIy\0HPp2O1\\J$RJm-tqMn=gVVv[}m4{Vo`{~\\<2l*_r\r>PGv|8B	17	d,K2\07QOQ<`Gl\0\'ve*<M;%(S:QS\\	oGmw]W/!p`\nJ*>x\0Yv*JC\\\'nq\nKe	\\z;7Vm&Sb\"E*Hb],Ubn #qR!X0qexNqrN+rjt{#1Z]mgt:\'lb6wPrX`Py8*ClFmH[u\nI W,9\\,i7*J:pT!`p\n0Q$<1_pan|^IYs>i+\\N_RK=[n)v?(!~PC}%w~$s8YR&I^\r6m\0LU`y+&8%Ax\0R,JW&n%$[>fSnKi1&9(E)9Y5mZmm8E}8 O	\0n,\')+6qi\0\0;Yv=\nh$`=v>Nr8B@o-BX*6x!`>TA0wm+\'vN<9_[9n6KQmtRX~,rpX}[$x$$O, \0$;IA\'+;*w54J$},fL9fUl\0a0r[E_is[]7J0vy^I-?H<q:MToe%i#}	H8m))Ow|<$/lt$yp`%>g1fFRTJkf~\0[{}%D;mEa269r	fK+	(Yg/QC9C\nduJRgTs^j*oyvs&3\Zjl5\\:5V]\n8(Hr}]W[wY-EA{\nwZRr>VEHbC3%pyd;L`o$>%eJ\0>>{em;I	\"Bs\n%X*\0%A*]A\")!>^\\_dycIF6[m&W~^gYms<abcU5}i9YrmK.coe[\"f)%!iZ3Y]&K2dP?<i!&->_Io`>J`.ug-K;c$[Jl{-V]^$dXf*)a!UH(TW5\rnxKyqr5.d^C$<G1Xk0#,DiNM[iR(*4QiJc,cK\rY1Shau(J\Z**\'JT^98y$!#.bp7]$}w2kI*{1C_oxIKVmm}2XG/sm4K1Y\"{ylG\r^\Z>\\	cv.4bU\\|;rWWb0\'\rQBGJN)R~=\';\\+8\'r%!JqM8FItM(Te:nn\rE}gD:Xv8Fo\\YI\r*14r3/K>k~4/u;g]ip!\ZcMk4sGm+5+i&7I3+%/$pv9k$evV{oW^DQdPLVD$2Yxa)`Py\\Uz\'_N>&)FU\\>XQjqruZl\0rlJ*tRPn%n\')\0MX\np0\0lnlo 0-lb]1SUap\\_\n?mG4}GO}fa4Y|lQQ]VgvvfZE4>D%S\"M[IeS7$-a*QsqSjrRJPQWrth7+\n+3T1tO\ZwJ6Wyy&8[=JH<:vvv9#;:$@ 6w]`Z%m NB\\u9_$rC6+pCpr!8\n7%g%\'*OE-]>:(+w^{$WwWJ.4\nam\0*cv@aO<,[wH\ZnRVGk;BN%ps\Z |0>W.ah^(Yt	g*@r\"S\'eyqXu,6\'V(B5e*pvT[2WR4)r_gz<Xe%*P9NP\n$F=\".|G=&@IA(du+< )^v\r22pBtWJ8\nXO/p+lwZ[&YlYSE&W#h_W53I}r)ew 4\r89#\"<ES(w*ij6\\Y{Y6iLa9fl]\n\ZUaM*SS|F=\\rc*\nP\0`;#vUTIyvcp.`%FY#W#]-w\"\0i9.cEhw^X?+QUqXn=Wc8#\'\nz1K8\ZVQSnm4vImtOrH3\\$u5t|\0e\'foGI\'e\">A*EaG|	$#**Al1H\0FUv2\n\0FK0nP,HC7fBidJpOdi4fatT}-tK=sbA!dn%,lrCl,$`ecF\09cCh#\'f\rTc(ep5ZC\rR1F!\nX`QwqRW\']}_e^I$$ov]FM1Lg\01| W]H r)E98`\0/\"\\Ilt:+;9PQWca;YI ^\Z}#\'rqzZOIV}UrsqKk;]bd2[lW,8g`)+1%`cqS8K]@\r%[;Pwn*I`kK;dbF$|&J(,bhGe<b;kZ%oy4vS?Eo[]YfKoR1/f8P2m?1*wl4\Zs ${UV4pTHBQ6|m\'s#c?7J)-_dnfr/#Jey76y7FyQxY:[c$b8 CdyiXfw8q$:\nz{[#*a!9$9B~pvX#j0E``2ce-+(f|\0\0z9F|CX-t.E|3,Udmez;RvSr4TP,G+\Z+8&M$`o,U\\~pT2e)/3]bwnf*sA*m_j]D\naw1;J^4,TY3I9Msrzlb2{IYdO]p|=S\0Wx7X\0a+[p]ch!X[$0W\ro4n;*p^.SI6+96ifY\ZJot=__4jl.\0%T`e,6s\0# NHzw^Q0aU\\6Ge1(%jx\',	)T2OLq2I;4i{uuv|//gFIue{^JesY6?1A#pC\r.1\Z.Af3`:RI4	2IbHXU5b3cF6!e\0I	T(\0(@G0-*yI15^BZ)pm{k~X\'},57xt	\0$ ~R)R.LO6t \nJ[v	IB@p#$|7wWqP7x\"1\nTPIo-A/tR\rI+`cR\n-;6N:]i*U#\'VZ\\ti;]5};>#Uv~I;D>p*}\0>Sgk#}\ZE/m)d#o.Tq\'cQLff@v$Rpm/YuwsK2hH#%+h\0aC1PR7iGUF7tehyFrrJcTP\"5gg)GI\'Z{&iN#QFb[q&|PX5l<6Z{LcW4t%s(zd.caK-RO^|J6\0vrXLI/zYdDnj	GpKoU]_S<ct(aqP55uRxyF97N]J\\hP2q9l04Jq=*\ZkN:uJ(We$6<n7NHb@YP0I <\0r[eX\rM9O,*IauW%wcafbA#j$H\ni,>\rbp$WZKMe$vg{ms8R)1yZj.N{ja6#rgX4CAkq:vOk2]:uigkwwa4dS/*PH\0eT48SoFE\rj\Z\n[&Km$$R&_BAoR\ZX~zZM86*sFw	Dv\\~_(e}\rZ2R<5%N$Ng(^j$JdnfMlaeo<Q]2)Hjv*erN|I%;F)|S3DK$kXL4FWcqnPNTq `@nWcKx*(HRQMB7}gTm+5lK\rF\"c(Rh=7Q\\+]_>M:v`H- e\\p8=J333egUm,-:$\0\rRKYG,>IBW8`#$i#G#.@\0I\'eg^IKH:J&z_LMXOBq<Z{\Zj&[O\0VH.!.3g]FYlK;LL #K-0SG^\\^,Eu\"A0zecX0YxlfF+km[k~#O,ooiZ[3n3=*&1m}!Tj\'JpR+UtsB7JN??>A^`_UU^c:0xJ*%^Q5M$=No\"@qi\ZDU7^i	Jyvq1^I^+4x-=9tvn\ros%Kr,Etmr\0\'0Vv6\"ZhPZX<Aw!\\s\n=Ov}v{6JQ\rdu6	.-$H74jxobfJR*tjG*I>I{.6P^pPs:MQuC	Jq%\ZN%<M(QV4U%8,r4:	VDPg+1o6r@YX<nO\nr^p[F~6x\'=o$%^D<S >?x_:$SoKav42\ZVI^<2c\nug(g8:\'e.~7bp6/gq|\Z4dKs9#Nj\\)9R\\\"p<Ve$6\n,H# \'zc?PX*x0rI I`Wk#Z8&\0P,-ES)BayU{$GH2:E.|(q]5$)TCYQtzjZ^_XqnK8BJ*\Zwmy-l:Bec`H\0>gp%J<e\Zd.0	fT6d\\RKYUd6[m_9\n>eDhdoccnB{	s(I^Q+^Qi;8n{4KN\n_rr\06B5A\ZPQm,wP%)%N%]]EYU3JAVr\ne&y0ySUP2B;Wrr\\CtdSkF_W~O^X\rjZ-ujW$%\\)\\a\0A)pkdl+CIUCdpfY\'bv!W%iQ<(2[yCUW9#i;nm>JV}ji{~~eyb+	WR!\0!,~\\ Xcr\n$v(Ex a|N ,<{J(NCF$# /kpFPy\\\rySf`\0K5FgNV&i?y_3W;og\'m-uBey\0reE*Brw3m$MszP1H2L\n	1}9prF \0y\0B++|(C.N9a7yx)c[e)^+ifKU}>{r4kX\'wjvur7rCp\rh**\\\0yqPwj(.9\0fA gmcB30.8v8	gs#H\0(F#*RnKd|Zh-)OvR4#\0dY,A$pd+H s\01,tei!8f$mLmb/uBA,A9,wgs1l\rH<+S+;t+^Wzw\\vwi\'?C|VP:sm/lmeG- Xm	!3<ln#dFohKKD^W*Pv#1\07nyic\0Irv$OK}]mFcp8E0!G8_Nu*T	n4\0w8cmgVQSZ._eBoiGNNSTc)8?f+4W+I0Nf<o9\nP@|?0p2gw*&T/T2`3B`lA#\06H)p~rK:(,H8QmPI$n}K+RS.YYT\\V1d$OW@g]Akt9R>lU*J1wwd`	O_pmp1=~S<l\\S\09f#@n}9SO;MI+ENMJ<j5nR3I+i+7%g\0K	[yR#Jl0o%70a_m[xV[QKlf,^\'p#~[Ij~`foAdTVmSEL4a\"Ax$YK/L\'BI,fJq/\rEJliNQ:hNf89rt5F	F5QRX,euBJ39PrR*^5HF/I\"I (bnWx$\r#e9%HnC4\"\r	d29N^&mCn|-5A*3C,+XVXX~tw>/i?uh%e -6Y\0 2.:NaeyZi)\Zb!s+jIlRx	/iiIN2\'^2:$I\ni~\\BX,	},(`o,R9\'oj_Y#E&/,dXVWhpk Thd+,FI\nP9x5R,K[QhJ/!FeWr]/Vbu.Ne*&\ZTT\ZMe}%,>O`9dQNOMbqJwJ54g<oy!o{, .H8@+$7][\0-IukCCNBG_S^GR~{j#i!0Y-*\r\"#K1UTkhM*L+*S!<<f	B9P%x:U)ITjnvJ\\&?	F|VhTx+KF<aJVZ\0V~m.m:e78QCi*$kgXh\Zh\0~#cmN[o[]IL-/\ZfU{ie0Ynq%\">_0,e+	We_CZd#kIV7\"@-qGh%8F\ZUS1VEU)N)!$xSOEcoub85u3\nuptqRXDa*<=ZM4_Wx<=cO4rZYM(&-Z/:$v]N\0\rxNSO{-]|ZIX7^\\oDDL|APxZGY\0MB=Re	Kw0<Sk#!c	-?o{ch!:m$uIsu-H&bl8FUNq:u`*]8NNZ6%g<c~l>)[W:F|7#(O:5aWl$c[S>o9i6GB;Ew%\\i>[_[o+.Q4x4KxY=;@$(=\"xj{ [XR8TT;4V0I|O`B#(PO}bx~Ud0_2sD%fyI,r?(!M`90%UP(^r\\\\=rk>_.Wo[N2E^0Y}}bt0]\'Fr(,$\'*2t\ZNI#S<E+Oj]j\ZjZiLu9EmJ\0i$h#057\r/j_0jRH[L8s%dE^y$2n<UCI1)nl.$Wk6?K\rFY\n{oVe6i,ROT\ZmJGf\\=;{y\\E\'f-tsQUF4U:jJXJwR*9gOPcZy`9\n41LV\n8lM,u\\=`#kSFs<$qUTVy8{5xf/fu;2[Q+p4\rQbB?j?Lt]sU [[mPYMjeynD-m1tXo_Y3}\ZX\0[mwtI5\\G.mY\"/Z\0+j\n-;H.cF,F9vjB\n>S`1J:8Wp*x(5\Zs$*Tf9I{*#f,9uV&)aM<#O3pU\n\\EZ4zU^Os;UYg\\6\Z_ll]M4M\\G4~rH7yWq[_54j>qqN`A4,{<_eE*>D/~V]?t+	#k==3[Gtl|bvZQ t\"CYZI;A=\Zb<	gb~Rs%./0PWJB\"8wN^\'SGMQju\'(I8uiVywM\Z^XCQ\'hD7)\"De%Ygyg&\0!ARe_YUG}	,/1-eGIV\"[uA+>,c}1mfxA76:Qyh.%tyI$%\0,n&te:XNP8UgIV*JNPV\\u^*8=L/2\Z,)(S	St\Z,	z~\0qm(d$!.0a/O\nZz23o_` WbTJ\0G\\<@|9s,GFOuzlNxmNq,^J!B ^(e6]J.YUxYI	Rw\r7VDicjZ\\u3v47&\\5y<Ua/	]JMVN!${/C^.*NmX\rRO|1S9g\0#gbC4%\0dpDK7H(@P.B\0mU/FgrC\0\Z>a:S:a)Uqn[7Qr\\WE,03sM_N-uM+_s6L~.L8VV+RCxC9\0F\"A1q56H+i8Uc\060bW\nL\r#pIm[&KmRZ+EJ)4[m$z\n8~Qa@0_v%UqguI,l~]<,d\0>OCT=4r\"V@JP`6>rY[9`	sB,	)uL\"*S\\Gy*rm>I\'\"\Z*M+{,4 pT*!h+U(AcnXKU0I;d\'w2z2z#7%KBXK\03l1q\' \'5F%O7)44\n/nbTtwukR@+/!Lz[T[F0d!UY*Pv@bpXn	!7?V&M^Pk~G_,rq; ,\0`(\03,N\ZsuB<ROir]JwOFthBONM\'\'X-UWdmY,\nw7p\rp;yc@Z0DN$QORl[/oWsr!8H6ybT:M_	k\r\Zjp$i61|C){xrQn\\(wd2]?w5mex5$#R6[R=_xu@54x^3\nF\"h\Zq6zm IqC+V|1\0>Y<=+ [mCQP]mb7T>:\rWO2Zj\nce9A!R\0wmdi(	,?<]4%YJ+N%zjNu6$Uwd]Z-T2@$|\0gh\n\0lGLNUHd2iO?\0u;\n\\\0.f@|c\02I	$8 \0$by9R,j}Ns6NVW<:4V~Zi]Z(}i6)+C\n~<P\\,jY\\3\0QDiDwkKn/\'DZ-dY6KzX+9Pv,p2c5K*vXR\0$O0m}<g#\np&\",]\'\n*22iJ-\\3YUa>zUiSOJ^rO[M;xu:OVwDys#@E*BFD2K(/|O:AN-tVlk*ohz5P0ZyvH\n\\c\n\0>c4[6hV;[S	jeJ92mR\0\0%W%BQrsi7Q+^3<1{RZX*P\ZX{)NTu)F8^S`|Uga^`X]6qv.Y*b*.d*J9 a@;OSyOKd2 ~[1kdZl>Sjo8I}istI\\l,$T:MKWGm;{5LC xbYDT7n(Wei#YBg?x0RNpv9a2:\\1ophc4\r3eA\nC%QQZ47$*rj~*r^\0\"UZtRU*hT\Z7(k?U/MQm|7j\'@Owiem*Yi7-+er7w9ax:h%/Y$Oa$le2]:WY\"~%h^\rg 2[}Zgj	7CvIdSqYO+y|7*GWyyAs{oEp\"LQ&i\"0T=9{ld\n404cGBKTM*r\"R\\?!jS\rFFKy\\S.qRC8(N*x^Otho6-BY4;3$9RRC,b:%!eA%,w\Z|u}c=l(k]j<\ru}yi\rd[He%724ER[H$@>j;<oaf9h:6]j+rc/RY;4	/!eeIc-	US8_\\L&7IV8\"Q_6n50qG<\\9fTMZUk,>\Z BE?\"s0KZ{{AkIbMV-H#+3hkxx}~>xwK=KHm5mJ?3gssw6K;Pm-G\'/Yj?xrMZI5XIkAc|43Lw9f\Zhz^ledIBb#TE;US5\0%Z,!B^hF:U$zq~Tg|53.5q?\'rXzX_bqT%,#Q*:Nq~n<=&#_-oq,izcD7~o<+\']wz^\nsxHT0m.Oq-]rMHE#JWE@B2E/xIoW[[}=|6%yy	nRe.ZFq3$1ice(L.U3B2J0`)cg[R(<f*8WQYP9_om*Xb%\"j1xmj\Z,jBe)k\rM[bYMFY\0.Pb.-fG>o\\ZOi]m.6q=6.KZvnq4C~ExFv-K9V8ebJ#Fb|H\\?a.N<Xi\"<RhnWnm<k3;8+LAUQUF.!]g:Kp\\Vg.*_l-,4 ZN9No\re\nSG?EWG<C\0bID;ah%b$YCccKqq^?\ZY#,d*B<i!S-ocV9pv)\'\0gw,<ik7Zu6akM\0fkDW`ifX}*+3`{J[Kj?ZTEUhr\'*TM99rM088#Pkl>*NqXjQN#AE4:|2ZW7J!<ZI.L\0}k)XU#2K)k	~<#zN-bH|2ecnBx%F]i\";Y\0I1Q2]0env^\\p#m`81[8,wWyE<^=N1!sB1~QI#S|%EC\'*u%|Ez:{YTPoiPKo1UMUI1b_@AaPW+PG\0+\0KNNsp +2QmBH@\nvy4c# rh;FJw	uZ\'SP\\]o+;K&gGF#Q%VI$M.& 2(NCc!?p\02:qC`nF@S\nTP;rXS@)$|2<H l$o`RH,U#n\0R2N2eZ+=\ZIPVZE.[m-}sA$Cp!e6H&7	\01C$NDIvk!@`0\n)uPa+Km(V(IRmrI]Ic*R978}E]{\\l\0x @PrFn5$1N\0^Uy>f`Pv+g]yK# 0A,rUF L&mu>?0VRvyl]7e_//vp8?#/9\0y1ho$\0d,?`,Bm\\a;B>I ^7=]AC]-I.U6ynmIkoqX<J\\-=m5{^[Sl|nv\rh[YI8So~Q~P\"0nT(	ooim<qa63sBA\nT2F|*6\"2|+\'tu%QI*n5W}Nr`\0 77`y;*Zz\'go	06UZ|pTkpyqZxyH=`2X\' G`k,|y5;JNWtquI-lOK|CN{\'M4_-W\0`[*\r609!z}uJ-?+iV\0uV	+q!Eha#0;9<HPlC8gI$Z;_vIRW~\'.gQD[*rX7 \n$A$kSHJ8bP$:Xqu51yH_pT0H\\8%N:\"yoi$SZ.rOdQ)GM7mitq{uGA@	7\nO8,n\0\0o?tb[u8_1$b|b&1;42>yT]~7r0G]p\0%p(\n0?0r\0&%r0vF<lv?-fS.x|\'\'	q?R=yg	%(;^2fGQ?=`Ge$9/ETWOBiPr}[kc!\0bk\nW9$6W?(\'\09Cg\'k|\0 C^Q__(:EE5(qWm\\E.T,aJm%uaQuy[m>o6,1R@Y[v~9Q3zn44EBoyx*K<Jm50v`+	`C8p1u6]91%	b	~	b.+~!\\8tox`:1JTq\"vrqJVgqf(e[FJC\rNNQ^:Rw\ZJRyec\rO;/9do&%9NeHAK>$W,Mj?#Oj<5Xe!X-Fs$>8NpASp9Pm,HF3%COpIH#.V3\r\'9SNJQHiZ$s;AOF\0:g\Zd\rrb4aU*|Sa6&tQt)/oj4;G~$\r4\ZZFxX2mk5rlMVG9B=;k[mgg,v]7T]_e=Jk[IhZ1tLw`\0\0`x\Zc,!UPgm)QU@rVU}J5(^t9UeYM(ET\\yd+*0I]K:cbqx0bqXJS4:VFkbz]Rw5]&Haciv/,\'|wux^v+_=|1G[^H@\n<jAihd,>)Vl:r]^XMAypC6<d# 5x^9fU..\'>5-/W\0oFQGB6\"8xxBZ*E(UuN+FSO\r)Pa(\rX,]U\nPnYQN+%t:8}^N4gMS8u\ZjZV$AkwE-7X&I#wA$\\Ok/u	Ja$,#%K5O(9Gv&XwM>YYE3+$38pX9H4Eo\raW6m3}pVp\r9f\Z:,+TB*,6\Z*QIT\rRu8RJt*pT7F\\zuc\Z1I^e3Js^dx[r%[bmI&c~1<Kr,bH<s=O<HG awD`m<|:[f^RPZP5W.ox)aagp3\Z7,i/Ce_(Z)8WTMGysJ\\^5!Te%yyFenZW$J28A|9|#MK[:yO3G[yvrL\06dQ6\0I7kk-H<ogXRw1G8M\'V5(85/!KF7?9n=<k/#6$*rF0Y~b%\ZZuakUJPxxV\n\nNr9Wb\Z1n?c\Z*5,pMisy^2A49zj ZAH7191.5RUUCmellP-sA*|^G,$GRg[#n F\0/+JTT-.*{A>\r#0WM)KEnI^%&M\'2PN%Fey^:Iw~Ts\',~B%;.p2q0@C%0Lp;Z2%/*b\r\Ze1.~\"[Jp/`(QwOG3m%xM{8>|%4M[jWFp9]WI;\'>Tq+?p<yX<a# `\0@;P(Up=%\'IB82B0nh%6$$7\r;;Mzn\Zm7ufE;$!SMqMIU;k+\'.Z+]wv7q;1V\\U:*73wmA9grrxAIB`U I|N?6]GK]dRH*pJ)FT&{;%{[f-28e={miuW*rt@\\HT\0\0;`7N%lI,w<la|A&8*T.NB\n6dsx#8/,pG1q&-.k]k}lvK~u-{zQKM=s@YChzf`R|e.;,1 tx_8>Rv8QWsi0kyC\07FOpr3^|z\"]|I>?Ha>(8 W>;yjXU\"q*2QU(oewNmsY^iGZ8|7d88c0x*+ff*`x;7\'zH\nT`@8\0*@S7[rVv\rbX(2A>bsgiVxC.zxQ!>\\= n>RKc;AS7Qw,Zu-g5g5de<)]*VaW+V1%{i\0F-u\00#f*zJn{ln*\r*MZ7r>/v\0\"6Wkm;IbW\'h\Zbk0PM2@eR3Le)\0Q~*c>e,uUd+ (0\0U+08L*%Q\n]\Z0W#h\058*V18TSfqodL}Cx\'l$c))Fu9%(-xm.QIVbH6l\n9G_HI,\n6e[p>x^\\v_+{i6/6c\"n&.x$q+TJmp2/\nO_rUc?^O)#bn9xQ\rn|SoQov\0` mf\'*\\,%IxiIsfv{Y/;eeq	Q0,b1?h|`$mU\'*2J\'(I]`\r^:>YB\r4o.IeK&:gQSi(KYNl5)\'jJ\'+[iRI \'`\rkb6|*rY~	>63>*;Yo*w?R~h)gi:@FBK}2NW-tk/3Os9vQKZ	sZ7IB*I*-;55soC\rJu.;|U_v<4,.^ThRJM#xy[nFAo!F~`8\01aW\0RE/;~t{-JTy#\0io)@/Ym\'Sch7=_P+ !k*`7OR<*V0\')kw/SvZd{=.5DUem)WK5%\n[iJ0vR*S5[HZv\rrsFYIS@Z4KPNO%xPN	]RyrX\0h`|X4m\"HXE@$rfSo)>10:o <F+&/Xq\'Ro\rM5Ej=O1\0+S7(%$%&f>((~MId]4\"0A%Bu`Y8`\0}? [[UGdpN;@b!?Wd~>(R(ci+084/:_xs.16jZ~Pax\00a@ |#(yov,2dhW	#JWjy7-{K~/xRH<eLfFgBT|Zu\r+.WQR[\r5\0.X J ## g]0R-\'fYoV{k-l5/uJ>aYJ0+jGV.i$Gs,Mu*LEYGiB\\_b\0^\'g,!i\r\\)VBJ_00?*F$ *nSEa=So^c5HF,n\"H_L?QjI/\0KDh3j6^ b35	|?5XWM#y{e\0n+xcJ>U\ZGM}?~UPY\\Q.rsLy)}o0T0s#5xkr#C*W$r$aF!*xG+%2.!.`C\r`1_&>\rK~&Dzymj8`w{$7vt>cw^d4g`\nz,>5U;KsV\r3Ygl->j<dUMW+o(rW.mVQBoO\'*2bR8U\'uI\"<5I9Sep!~oRwTU\\bo\02i\'n	/fsdf&\0<.\Z#eG-4,vqTX\'O?P,XO&Q{8PNxfws(s^VM_\0;\\/%aCpu\'(4Zu>QpGGDFI08RXG	|N.MIe`6r20e&WU *^xV<k?-XP2$$d|S*\"F)`\\);\'Frm+7}.x,MN<O.\0g8lN\nkj|^-.<]u.w\\6F@\'8\n\rb97.\0\r2f\\\05_\n\r~le?%=r%+.q>\Z,u4! +\0O?&O!~U\nZ,%[;w~AxG9<e=Y!:s\'(+Sf$KC!zrV;8XAd`pw37UT<deN	=j66NEd1;peN\ng0z2K-o}.!MGrG6TM[iS+ <8\0@\0zdJ-	 6Le/e B2G!`\0sN7\"F$w7+IzN*R[+n+if{o/u\\(f7\'HxefZOc[[B:\0NK(QvA,Ii]f/8e!,0a{/t\r;O\ZJG`.I12l=v$w|8\'$si/TZZ]|QJ%$qmW(]]%j\rA9\'=l7$\\v#p6Glu$d;{m9=OBN*zYtWGD.jY$|##8$}(1U[M,3&y\'v\02,|Vb? \0=Gjyor=G/?\n8#kAh|E} d\0\0n0 t\09Sane-N}[oQWvO\0@q?6;&/$&Wt_!?^\0T_hMWpArUO88v?\'NA!I$I<lT]o\\>\0H\np]QY^-/d@Q}1yOhG\' l=I#\0f	?e4dTk0nqy]fFwFw7\0cAE]GqU4ZIuL0\'57\'\'\"?\0?r#,F9O-Q</TpNq4.&]^k&--,?9?	Ykg]_| 9h?fucdR6`\r+\0$@ +?>]H8ZA,xy&A>N{[hC6\0t)kh<gjA1{znwg~GHR@SdG@Nsl4|Ms(t6f\0nS8*ZXe}079ZqW2N;;;;xO>y# c{>-]m&Omy\'g^F;k`;\nN3?L\'o\nkq	S/>B/YU7Wq_\'$\"rp=SvKMujl|tet<z,|zJ?\0k.F2)[hR`@|*MFCdI?98<\Z~+xq>3\"k<u;M-TzwSm_KmU.1`iwqH2?k\0k~d0\0DcNsz	HD0%&	\0S?yw\r4o_|2=_g=N3tk\0qh7?!\0Vr1\r@=i?	d\\\\tP	9?&z(e\nG9\"\'edu|cA$qO5UeXa %PlIm.UU~\0 ReMSdm;Xp\0 $fqGIl#\\z+5O.5#dz|\ndG8\0~9?;jP UmI\0pxu!^\'20KIT\0$\0##L\0|<wno:p*\0\0.s].eWwP_><o\0MlkJVS${\r9T?\Z,	%sp\'n\01wqrxy\034#;\"Twfw{[pp)oia	toM3s@;!`=Hgm b1u+18 Np< \0\n	#RAccqH:Zzk;wz?\nV7g{6Rv_M?-outyB8P{c1^g)k	UA:t~`N)BP,	B9}\")O&v]9[JI=ZZZyh=\0,RI{`0cB9qC_#QC&\Z\0N	#9OlB/oK\rt\'wO75xV^Y/K^zh_Ggio]^g66F9\'=jmrI?>\'\"\rE]q2Kp\\1wUTxi8OUf#R~*Tcek$/fE-H$:\0Z89^5?/4U9BrNI\0N8|\ZNuyYH8$:}{jrOiSmO];;zc0^sf$9A8;L%Refu\nV	\'e5?iBch79f2Lv|:$ZM\\G-R8>~,6\'6!?zx[;tmX+[t*rvI7wkj\07dy}\ZT_X9{UQRIVR	NZN7(Qtz:uD~*l^020JYs<qG\\UBz&17x-$ 7ds\Z^D}W\\o>j,@O8n,wD8+634l\"Yn4)d>y\0Feb%\'u%ouj+\Z-)&2uU&F	RYQHhMqSsR+;4,0R2lxC$,1\"0dqN%VDTBQB@mqtRiQa7\nFs*G!I%i_UR.AstY,-7G*#\rO5fp%4[!pcRm2sn1j|5PbNa^gTiAb=8[FR|)		gi 0@6~TWzux`2<+l$2$*IZhqE p6o%KY,@s3.dl>u,	*m\nzd2#apJQK JKNRKH)5M]?U:^*c(Ra+:pN2QAadW*uN)TS\'J	tV3mFcRg61Qqu1H-\\.8v*^2Hgvpw3:F	+C6$+$qLF|>\\#6F}6q:nUO\'`Tm:K:~dH07Ki9nJ5y$RZ|#,E:uh	\n2ONN<SNJwJ5Sb-+)*)WW`c) 1bB4Y	R_@Nv6)^lyZ	Y71_$>@Ov	44!*J5.~gEg@S9KMF2UFG}4+Tm;Sc05*WRBgT\'+PLi*UB$# +pMKf\rP\n\0] v+yTTKW(KX)`\09rdYb\"PRJ=[1vKfdb51,7vZGK[Gd2\Z5iZY{9BQMA4\\oDU,!vUX,H;;!GeDI$di\r3uT6|/cFWw$4XE;K2++r)%>Ru<pi7UI#2aSo($0:Uc&JJISeQSMIDZaN%JTkFR\n	)G3A?}$AP ev2U89-gEUXyq\'aCrp[MV-\\^W6\0i-\'\nGS6sg2Hc6DSgb}-vl|Cww~+4fWpoUo-<=)b*0	BjU:x^2Px&Nye2qJ:M8T9(FUFkt8AqFGc]P`A~]5%G@#,`*8?z=%-}kxNi^MFIa-|0-U1MRQq][]/TUSk)PKQ<\"ixGN8d(jrajM7\n:K\nO{7S\ZXQ-N\\EBR+4R>s}4H	;N7GG7n+0byn<&Xyc0X]  VJ{_V\\4m4_:U3(y6\\]#Y5MgQF}<P]iVF,O;Hs)gC~^aU*iO\rcmi\Zx5>vENMy\nW8e\nxC3xrMxhN+8NG(wd2X26\n!F\'i\"|K`6JPn/#\ZDX+Q	gi.$\0\'^7h[p#w	:yr?9\\adUT[[ToibGeu\rSJ=WhVIRihJ6~/<[&\n5<\\jf/Si*\'V4Q7*&N8hYGesbN`\nyp1;U[hcE#@s %H$v}J2F+@$y%Y7`~,`*~Jl,\0$K/v(kn1\"vyr[Om5V\'b_(ocGsr:%>Gb*Fsi.F	gbU\"+pG1bU-5`pZhw+p*_<D\n\\\'\\)UJo-i2d{bHfS.>rn1!F44odYj_M_9VbJxzot/{ZK58uq1(df (CP+	K[pAN3,F	s\0Ub|B<(|3Rl>a!dy\"mna\n;~n D?JmFQ}[M\Z|+F?Pi*B,Z>!*R+Q^nWaK6(7iCmkbH51fh]\\J1RJ\02\\c_u\ZH\rE6<U;U.-\rM\r9nC6wt`)_1r6)5^)]m4O8:	(G*rPvw)JIOkr7,;I\08#iU9V\\e)b2mnd$\ryS7CE(\nF<Rp@CT`U+7\0dX7.eW@JblnZ/k;h/v\'g\',<4}`b(E!Y9FNR1-Ku2SN*\r~\\7;NrHIbE,!Dlu}6!`nt,VSU	E3uyrQ&KeP&3q)m|{HhPc\0mOll3mJWOmZg2&\Zt)vMN\"e\r(IrSj;Kw$\0V3%<7fpq\0w|\\IiF&R!vE>fQ lFRT01<S<\0HPaPZ.Uk}zhrXTT57$(TR/\"]I-G\na&fFE(25BYmi5\'[F]fCdf]J(n[/v/m$(?\"+vcV7KW#L	,7&I!L,%[1\n$h!,jm]]Ij{P4H4*In[czxzsVT%\Ztc5^Y.7aI$_I/ExquCb4Bt0F3B0@gK}$jmAs@,Rtpe]E(Z^kP_y0I,m$0X\\[C4mwYULdfPR)-|-iqNGn8KNQ<VoG;8r#g/h}UNtbp;]\\W7%\0,36m4Y#,\refz+@0[{d;$p\\mY\"hK\"Ar%wiWrV[\n7lb8!m6D|\\;Rfv]  ML5jM8Jha:Y{5e)#-e\n*\naU7~^!)08rJqRIbj}V=epOy-[qr\0r6 U%OswsWl^[O_04X \0y2$\ZT\'Q\"y,WtVdSlV@fRY*^c7RMlyvvI	OTm6F4(j~.>n1P*ik$J.<3,\0*PSU	LkK*0W{GRZIrMnm3 #y;Fnz=U.kT#QuIPXH |edqRb.\"8l-F-ze\0j6,ine?HpO92\0^5%Bsc\"\\t9V\\iC%/>i(i2x`k:aJR3ZT!B2RNVX\n\"jcz\r&(\\bI\"y1L4A]Wn}f+RE!K)Y^4(cH\'.#;@lZFIf`Y\Ze9cVu\\eV%FHNg\"^FRH:VXU(^I*Qo\\*jvN\n1wQnvM.e{FE|6T5I\ZtRkR<c\'H:x|%9WbNg@m\'|\\1\r$\ra_d\\F\"aa4$Q]dgU<2+-sr\n<[H~FTLbA3+X,LY%yo1\r+F{B TS.Fu9\'	4i9IvV1xJ\nL\\Sl$=N3\r%7R\r8F#;gl=GgI`bEF7$o8,4IZ[;Udd#Vv3O$Ldh<ED|,\0G$KEl]q>)m?Q	8VHKCJoA!3Jx;hOSVVMFU*SsG5Z?qLupe%\0fTAju:Rt\':yX:]BS\0e~|:=/i>m%n4yn%zqL`xUivh-ua%,_j:$&a[,\\bSoje&iv<:=Jo83\\hcnDz\"8%H0_\"xK|=QeY5NmRI0i\"(5SNA$baMRXxa}s1_7*rl/FS1V*qup1*(P<V/cBj\Z~y5\n\\D/5\rL$bciciY Yeu5a\\<}\Zjb>YtH\"&-PH\"-$u2[0M,Y Sl$Qml&ddbtn}Li#mx3#[]nX9rO$Y(I,l>o.B<i}\\$],ZRERV]Xk\Z*rJ5!4cV*\ra!<ew#*W8US&*jriZ.x2p-*+s-eUW(nmL2kE3\rAbLbTX ]v+`Q>(7#WGl5Vqp<qj86f,ECPQGL O\'\rM\Z&PY2\nb3n|^>4u>LPN2pn>N**Ea&\nxNZ|%>!7NT*\nR^qW%:MJ28A=1kKYgF4W\\^aQ<:4ku\n [lFyX!5m`7@RQSQ3#Eewnh;:-qfv@7ysy9]V[ysCg5+eLN\"ef;.UeI7RqU]u8j|q<?6cpXl`XO\"xDOcS\rOx)b(\ZV*[q*9g.[xO4vp4URkHd2q-<`U)B^kPGrKkIt($\"@v2[K)1eC4\ry>!K-	+(i#%~wo17!7Ni<%$7~nZy*<18v>zbGF8Fyckbwk+I\n-1Gcj^)h<HUVi%@ ,-Ich*6OY	UqE@$V`k5saPBpV<[r$h6TJg`0F18W	4QfI)$>5X.OkN7:~hJISsi>z.GFS8s\Zb-aAEM\nj)TWTTk5Y\Z5bgd\00\\]J?w2dj ?m\'#n9cqtH2WZ\"&Ob.1BiB)(yfq*(+?o%\')WJ%\0`nWWAxRHbH]mwb\nR]i!<SdRv-QYT amIX2>R03{waC.\0E`#K;yn-P6t,q_ib;\rR2QNPODyQnt};Sy|K\Z*9$)Q_nsS.&@m4JWB\nwhQq\Z;kr#[E9*LW\Zs\\g<]$TrJEsnrc	t[\nar$7ZtFDS3Ux$V?^lNHprV6%&-VNk\n01(C**UqqNgJVq4\Z&Gj]m;Il<Une\",JL+	0[|,nddl1sw\\2f\nZ;cO \'hF\0#v,;	Fm|Ia4WpTq0Xs+7-v+*nx9ET4%(&s\"JG\npF`J# :+8C--PQ\0ae?1XctV RWf.w,r]D9Og\Z23\\H#0n}+8OK\n%mK-s:Y=jTy-R/N\\~e{\rB{`RdhM$2ee>VX`|	%mU^v^pI|ZY\\jwI\\&&u2XY{RuN87*.dqM{ge.`o-\'C#b)Vs\r\\MZS1K<r]c|7b\n!HfJ+V9|J1n*vp|rva}%VX1X<$\'FUJ=Tfy{Ifkm>.g}O*nwIo83+mt ?l?DrL%;6%*$(!\nV+,L<j6S.pvr]6(Iim&wos\\F9O\r,,26!aP	FEZISvy[(aFI,PIW322,3a-;t\r6<*mx%IE<5[UTY-6Z~w7mK9%dt18L&5XxJJXbSP`bJ*Q\"m88$fUnObv#$X`s\r@\0fG1,da1UX]H.%I]!q`EDU!Zxt({hiWVOLLnOPGa\ZTC-JUUgZP*QCO[b1C{Y!dlm	5%Dl,V`F,pE%G)FgRtU\nq\Zpcn->d\nTtkSJxzjnxhm*3:ITJX8fV2YMDL2uSq<lgKW$,Y,tQ{rIhyo}Twgg51\0F#eR2yVG-8~J)s86^Y0as\0u-9`1|E`!e+).Y}><&h. i1j/v76t0^&(IWE{^*:SUO^4*Wi5+f^;&qcpu}URtMG0Nx%6.hz;6tv?t|OE[3Im2Gm# r?3l\ruVxVNgzo*E]5I(,Ml8\n:LrVRqq12\ZJvI`sCiB6V\"*x^)S	Rs5)\ZgJ.nO%Y4|C{@&LdmuKSP-\"97pZE|mgG$WX7R(B\"a)F628S+f|	k9no9)W51v1GWrJj\n$\Z[WFY>\nAi5\ruc\Z.$E]_5cUsE%mk_(EZ?n\"\"50R|%9)0NRmF]Gq.$/	W3jWaXif?Uj]e*r|u{)UK(vC:Z&C<P\nv\\.3R-lYdThY@TQ%$OMARwVwx4zIYk+q^kT{,NF<F>q=ay\Zu 6iPHdgeFd0,b@|G\0O\"}.	)\\d2Ynv3Q_OFptcMrne-mhaU(T$c+Vi*i({og$2P\Z[rFc11amdu[;3\"qH gUg\'-*F.Ko=}NLd{%8NU)QJ2f)1<bJ]1cd`YdX @}e{E:iC|dP~Z(%J^NZ8RnG(&p:\ry.Y+P$/5PCb,A\08m=P FV8QI{@bEaF(s>^k[KhFse1O\rB4+))Fr%MnWm3?/2)KpdL1sUfE\nV9ki\r+$R>AmpWRMJnEk$gGZ\n%~*87VqN%VJRQn..Ro.M\rh5BP%mAe*Hr;&)#$Db	\0Ev-R}/]X\0	C\r\nczm,sPRT^=)}FuF 0\'+9Q#;N:m\0X33~i9<O `(	6KJ^_Bp+r)UCFJi.XE7YF','NH9Wt4nre4M=','60000000U598753159U00000006',0,'985632','','','','','H','COMPRAS','',1,1359757762703,0),(28,'888859656','U00000007','codigolite','Codigo','Lite','\0JFIF\0\0\0\0\0\0\0C\0		\n\r\Z\Z $.\' \",#(7),01444\'9=82<.342\0C			\r\r2!!22222222222222222222222222222222222222222222222222\0\0,\"\0\0\0\0\0\0\0\0\0\0\0\0	\n\0\0\0\0}\0!1AQa\"q2#BR$3br	\n\Z%&\'()*456789:CDEFGHIJSTUVWXYZcdefghijstuvwxyz\0\0\0\0\0\0\0\0	\n\0\0\0w\0!1AQaq\"2B	#3Rbr\n$4%\Z&\'()*56789:CDEFGHIJSTUVWXYZcdefghijstuvwxyz\0\0\0?\0((((-W_Nqy7um\'M2mn\0BG5PvgR)GIySZGy:M8-,>k?9To=V]#{ 0\"h\ZYUi-/\'~\'|#\0/RWAm|&k,m:R|gw|W\nVZ;ExtWLr4~<?oDC{h%r__hm\"-dZ%`[\0\0	6X?&`e\0k.UBXR\0rK>RrU)]\0l=Vrs\\dv\0?o2VkOc%Q8Y_4t[=#hqa~XO*-|Ag\0#>2MMF\0-t` +eQy~i`pdn\rm\0<YGykQ5JG=*MMCcn[>k\"{%,-:\Z6=>7hJpB)QE\0QE\0QE\0QE\0QE\0QE\0P$\02Mz>3Ei4Ap>sTc)X*T8#9Yh]z f<(5?;f=NV>\'SkmN+M<iz%Z^Xk:6S?8 e\0?}jh\ZeA\Z$rOhtMrY5ZJ&QEfAEPEPEPEPEPEPEPRA<`z21TtPcMt]d<M\ZLWV #O<W}+Z6]F?\0QWeOimYaNUqe*`Ev=\0>}) 6D%Y`=)fcx-6Z/:8\0#?*]_??ocf*jcI+\n(\n(\n(\ni\rm%8,iV{vnnw8rO_@z}5^;NoomB6+OM\0|3+%\0~hllwwwq}rRVcQXI$II_OS2w\n(\0(\0(\0(\0(\0(\0(\0(\0(\0(\0(\0(\0\r?U{8(\'}CYTY+JUgJjt9|/9|C2L_ZVO~^Y_Fx6mqzW+a?+n#}GMAG?;~`|7\0>hl6-{9?+=(\0\"<,q;\n$\nmzCo7of^%Ey\\\'\ZqsGUO\rG@*xP??=\01I$kngrC_WGOo0OWAEWQQE\0Q[g}L+~	9\\ZaM^nhT.ZqmW|:yu4&|#B0tmyhGk\0We:O{gm.3u{h\r%K\'0;[<l]fr+,TJN<L6OnXW$28(iSoRf2_\05-\ZKqWIWFK6dx 553*09&*7Q[t{KEuS?$]a)l.)U\rEzpw_&\0=?\0kW30?\0=?\0h\0y\0k?pp`c;/\n+\0^h\0_&W?\0\0W30n^rk88pu{l#JJ(0(\0fq%aS>NRNP]8\0DovGzLze\'cEq00xExW|\'qi3[LG>pRgf=c(?o3+Gcw2O\'_Ee6TBp4[d-+}\n7fwgbK1\'c)\'U5XGN%Q^!EPW&X=Y\nN/\\!{a^-/zcV6ZW<d~H%2tQ_7RKn4)%5dGNG\"e#=|MQZ^MJuvB\\K3G-8G gQ_Gm*wv?c\\E@+l-RU\'x5UO_K^[	*JF{vwR1u^\0A_\0 +x\"V\0u\0\\_\ZI&}|pmv<.#\"!2V~`N<}NYr3=;Wx+F?kkJqeoW +=_+!a	Vr\\_F*umsRTL<I_#Gq)FA(#h:oP*((8fE[?gK[^KMr([VjO)<>&-3:+s:xc\ZdC?@>~\rh]Ny/$*\ZaZ?0-F=\0k..\Z>zTs\n(((	8M\0zO$AH?U]6l[eD\n_Nx](\n\0ff7vj#=C*iuMF1zH&?CP\Z*}Xym%lyz\0:6K\0#_?kwv7ui)T<0\0<<wvmk,?KB|F gEG_EP7:zJg\Z\0	]kY)VMv\038~8i\'AEW{\\52o#\05vqf)%DkEdOI}O?VEc\0jJ5<D>3^[nwjQ2]-Thzi5`RUA%}sEp5+GwN(++/B.~ngWW%IGgZ&\0oFw1csu/t\r#ss\n0.xzQEuxTA]sTXu4tTvL+\"3RWmS\n(xG/^)=\'a^_7&\0C.nSU)E>\0B]Er4yQR<%N[F!8`8-jl6j$TBzTWRG&+:{|g*ZpF44i\05{xmm\0WWf*Wy,(=p\0&?&}\'jXOri(T[gxzqZN5j-*8P]HQ\0QVfQE\0WR1\0~s0[2pOe?q^_!w?V~UDx^k_[wKO%9J)AT\rtlSc^SWo~!UzI~+BQE\0QE>	\0eo8+6M$==~&qYNAgdGG1QEpW6\0X\0\Z|myjo_U,qZtj[BQZl.rrd]GofId;UGs[~	l\ZFX,]\'9%:UOV?ZCqRuN8L_Dx&L5MzGY?\0\0gp\0$QEyg\\\05??Wy\\S5m,Nl_\'x]XNiX-{jrKx:q]\0;u%A#m\"T=Gr}2#MTiE7p[{Y\'O_\rO1\Z#vw7{*\0k^/O*\09$1Ve*n<TI&P0P2Ik$\"b^yqSRjBRuFwn|zTM#M]vw*<e7ak3=*\nrwgTVuk:,?~^-o:i	S>z\0sf	4\\\07u`pfx?^Nk+-BYOC_VjQE#t\ry2Ob-yOu\0\n2RXhtaN=Kl5a=J}*|\\YM$2G;6f_A?Ju\"OT}f>5j=Z\0$t./7/}:Ci\'Eqw9+R/xza\"_+%l&*+<AT=\';->mff8sWI#RMSbM[gUZ;spX+$mh*:>jX*S.NUuk|ap~p\n%[G\no:Z]trJ;\'NWyxN`%[>(_%(>Zx/\Zy&YlOKT^{yy}{IW*\Z<1TG<;\rV[P\0p@8~U42R,zw5;]f+s1+H1z-ql|yk\0Q\07D\0{\0U|&U){:u/SY\'\0\0\0\0_*_Y\05N>&h]\0\0Uw5d,\0\0[PUb]|^at$4CHf\00]HJi;+_}\0\rxj{v*(\0{\0Uw*q;F^3t[-n~,\0SZ?\0/\0G,\0\0_*a|laS&EDu\Z?xK;wv)p+P*B\rM[S]*S\Z\"QK^U3\nO\0\rZn8\0{Vem#ORt3]J0959m<SsL\nBwm	\0Q^6k}7[o5WQ^aNGE7dt!:iP$_t\0$e_i:tdC^EDA0GPk4VD--:<r/cAGzD,>#}`mtqb}N)u/2$Ai+>D(\0(\0:g4:qC7mgq}1]tmb8#$/?QZKN;^\\+>Vu]5ySRyvKjqiV{9Ci o_-cMm.+{yc*,q@Unl:v\rR^_(.GGRNKiZ.9N*i`g${`]N}j0\\E8Yd<\0z> BmB,l&\\_\rg,dcm2\\#Y\\# $zAQK+uz.5CF#S\'qz/aWX&]?.{7{\\V	EZi}-w9I}$Okf-aZi)D~gaZZ1R->+GRZG[\Z	8~	R\"/h\nmIX|^7wmvJ`1VjY\\I;A*c%]B5I9vfj$L^Bu&sHnytV-_ov?k_^\"kim?*n`\'\0]o/#l,\Z[W<3wLX>\'{um*Kz#w[CNn:{j~}}bI<eGE$W7Y=cl~UN/4Nfj]\0m#SX<If2o_A[iiA()|vwjKn.~v%M.`B}1:UN[toKX\n<KU}u8fKqpOIgoGx/,0e~nqUJ+Z\nq+\0QEnr\\4V-m,=w\'NuK{SG=r i6SFlu$?x??z#W,\'[<smw\ZGI|)\0S?A^YErB0U\n((\0Znyj0_2[]@3PgO$K[L>03z}gK:\n WWh&blW\06~<zWeKxYKEQ_\0uViTo\"4<uY\n>>\n\'UYQZQ@Q@Oiyqar4RFZM&8yOM T- f()\nu*97(3\n(\n(\n(\n(\n(CI#*4l4vC+COd[{ST:D%oHlDzWxZiiD\0yqya}_Nb4n3-no5rExN4d(,(\0(\0(\0(\0|Ixb^ZM[\0=7!h\\}GVY|vf5nE4\Z}7/AmxvZFqg7vGB=z6XZ\0R>zq\\:y|]~{>#fk!\0OZ K9\Z\"2$B=rk6((\0(\0(\0(\0(\0(8HyTRInmKm[[!JXSW,=ZRC*)$xB+\0,S>Q\\nW=qq#?1>VGJj=7W*j?5hl82:}Ok\0|,|#elk]u \0{}^c,O+K4$rL2}$}&,u,\\LM#+\'\'2+\n(\n(\n(\n(\n(\n(\n(\n(\n<MI,Xf*(;+O>#PUe6d&[v<-uxj{ \0\\E1i2h$\Zx+^nYX&?\n(X8gmm4\0mcF\0ZGzln?5V6_3\\=\0G\0S\0!)e\01/K_WQ?RU}~-?I?QY4=_#h88\0x!n5EO\"\"SY7_24tPisE?Z(y+y[_s\0^AG|qwz\\^Ms3uiO4Q\\;RIYQEQE\0QE\0QE\0QE\0QE\0','NH9Wt4nre4M=','70000000U7656958888U00000007',0,'956929654','','','','','H','MULTIPLE','',1,1497675600000,0),(29,'225566987','U00000008','eminem','eminem','unknow',NULL,'RPYYvxmMvwA=','80000000U6789665522U00000008',0,'55874458','','','','','H','COMPRAS','',1,1364914499062,0),(30,'5521654','U00000009','erno','ricardo','savaleta',NULL,'VzjRR15GOlY=','90000000U74561255U00000009',0,'3659874','','','','','H','COMPRAS','',1,1364914731859,0),(31,'5527946','U00000010','calle13','sinnombre','calle','\0JFIF\0\0\0\0\0\0\0C\0		\n\r\Z\Z $.\' \",#(7),01444\'9=82<.342\0C			\r\r2!!22222222222222222222222222222222222222222222222222\0\0,\"\0\0\0\0\0\0\0\0\0\0\0\0	\n\0\0\0\0}\0!1AQa\"q2#BR$3br	\n\Z%&\'()*456789:CDEFGHIJSTUVWXYZcdefghijstuvwxyz\0\0\0\0\0\0\0\0	\n\0\0\0w\0!1AQaq\"2B	#3Rbr\n$4%\Z&\'()*56789:CDEFGHIJSTUVWXYZcdefghijstuvwxyz\0\0\0?\0bqOp8yTGO8EKv*x`U8EKv+&@G #\"+gg(bCOSt]v)];t\"?53idGGE6yTyTsPGW<<|bI+G0J:O.W>arLtl>{\'EQ\'_G,v9JBQyCWe/d\"\Z(Q01Q1JSLyL9Lt~=W0R1Za`Fa9e<GV\\ty^1v*_ZSTbNU;9YTGN8GK|_*GV_*0r|_*^yTs\"KO.~_/.`)tyUs9J~__]<j9U/G8rG*IQm*Hc*:Re*yt4\\t^]/i)G(`*lZMVYE1\rDc)HsM12X1iOzwHEK=)|j;1)K9J\"/jwWcQJ9\"KQQ(|\\UDuk)W=)v\n9]*GK,VFzQ`We&V+GO,UI*6G0X`#4Z*i6J|b)6V{R4sIL1Rm.Ra3a)O1bS(3/0MJ#q\Z({T:pJ9;A5SRBKzT)v<j<mV/}*Z]=GVj6{Q_..y~y~_.~_\rVLuKx\\LFy9M*\0I@&HE\0\ZO\\sutm*\0_*X=;XYx\0ft&d!x,FN(Ysb)cl5-R&&U8ldcRWL\\])<Lu\\OB,S)L)V0\ZaJi\\u%E4R=&>`JiUsd-8-8\\<R\\Z9()dQQKQUQ7\"]g$n$:TbKR>plnK\"pl6]$K:Rm\"]mc\0|7TxJ3=R?f4FYhsQx	$XMq\r- r<T]\'5,oi1U0\\S.oV\Z`g$r3Q\0PARuh@2mz.x5jYl}&-AGq1\"ya?VHBM_-)>cV5$\"6k(S\0?T,Fc!ycB{e]#=kb)JL0;o1m2/G8\'{Boj%&-w^tT9G\\rZ\r>OQ\ZjA#aQ\ZLw\'5<\02,be|2zXsl$\\UHz:0j1^Gs`EH\0IeTM].H-_\0Fu7`%+M)YxJ7}wEGZ=5cXMOhfA\0	.=|\0\n=?K7t\ZiP,W++c!GVF1G^gnk9UtMEFxm;.Ad\rn/[=DrdxqxgVau(W/ sOSMzk;z(t?5 %\05^.vH\'j	G+IKC(SrT#\\5h]\nqRCf?3j`fiF~Rc\0\"STu=V]M\rcId5PIoY^F4W8=8J~4/9\r ,qOj)-EGfz\0i-j?4[^JoxF$#54#vI,zP}t^lQ*nH,+S]BJ|LOFp>5.[CNy=2_ih+oaHg$s}!&W9<\\EJ0i-B\'#zc`ST71\npW=eI<*n\rq)t\'X~ low$.{Z4j\Z,+H@:#	b)}YtN\0\0v\0~U\"oa*Z4k(B8355!TFNO^lMVCXAWbiq8 <~#WcETe]qiqUTIY	yQaa4c$t2A\r>He+2Z]Y,2{G kYcKPWpcnU\0g;\\wfkDNBpzV]S\0s\0J#,#*77#2)Kb dJSRU+EM2`gsY$:Oem&rs3u,FFXO?2CQ\0\ZhbF>H+`UTLnNs\Z)?j.3O,yvEw-d5BtH$d\ZT\0t77D`,cr]s{4sq\\ Mw*)V \0O?DcEk`?0^h,epA~e<m&X@O\nNqU2/b2CG3\0<m `98XPmYv+JYGo,{9?J\\5RV;y>71\0Ic\r1VmQS_e*bch\'ygbR!q\\f	8\rNH>ajF&wQBu>ia\\gYbmzgIu<c VeI%r*$L%	cFLsZs]+{:Wn.|d=5f/HcAV\'U.i<V2>xu\'@zr\'E{GcR?Z2y<W>jwDh2aT\\T(Fy`S\"H1\\\0gK\0hN$bB~=u6qFt^kZRGW>j=NK\0iT79$qj$Io|)y[:o$YCT7`u$\03Zs#%F1(T&)SL$Kys.wa;5]!\'}{Vrwq2TRr 2\\TWTU Od{^90}*\0P1[2w@A Ven!P0=^\ZQ{N\'>w5+[v:jvsJz7\n?r<j@?O:GF.>Q5e\\g?vKk\r3$N8M \\8TIA$^]\rISsX\nO;z\0)d2(U a\0xa|1}*}J1Z# qpsM6qXSZ-764<\0is\0CI]1\06F^Hb.\0}T$\0}\ZK0{J]	|1\'n\Z{Db5Sd7)	\0aI$XN;hF}8O$v c`G&/f1X +iw\"!PAAZ`DL|su45_,9QfS\0*`b}\"\r!Qv\057TVu{uWnR3j)5bq/Mp3\ZIp[FV23)\0l~4J8[\Zj_s.u]fVH7}\"sZb\rv|*,}kf+hU;zeU>[J\'\n\\t2TKml#D]*@=8Vp\0;:zUa*xLpzW[ u9=+,*OUP=z~w= s)g+*<z\\`6I0pF1QTQ\"8]qa{sWv\'@F\0#~NW`gI+\ry4!9}<sWf\nqZXs2`|1?7YrNG<VWPz57T|#\nW8c\'tsM{0NO\0SQkb	P\rp?*%:.2\nkc-<=Ha$x/	(?+nWyr&f?zt)e%\nHNk[ufo6qI-%={Q{55-x1.;0w&O\niD21#~_d/2}xFU O,AMbep@L\01T?SIp\0cv3QRh)i ;?5C|R^=qEhW }O?P`i\ZpXuqS_\rx\ZG$)R[\np/#fVF\rY_k)=dYKPI`X`mLdSX$\0ZI,/$q\n}5hr3,qS2HpG~]FMrf9\0\nsx\Z]m<${p>R\',_q i6\0f.BFU=\0pN3UnT(W>q.@qv$	l2{P[c+]FyIe0+I<l<G$Vi#P|rH\"*BN{<PnmOZ0[jIh>l x4!1q5q\'}Ii6bC1*KT..bP=OLH8\\zE;MA%pr|4#\'\'\0zYbRAxzb95\\zuY;|h@Ot2n@@#NdA^W1.i$U1:Dg?PZUWAdN	\'S&#wVdf(@U	nVgpXaXg.-XZ_ @?,MVBc?[K]Ef#?>Pr]YKgo,q0KrgGqdQDy`5U]Tf1Y]{\'4M\Z5@^j2:_(5f43b\'sL.[l|\05\0\nXyDl\'MRLU=\0\Z13f|`lj:4Fd\n;EFH8!@oY	tN\nnG}H2EM\'M\ZodOhcoDTR__HpB}cCf2~]\r>Z#g#\n+5sZ$Ws|\Z=|\nmw|{r)&*\r-W8s \0y:\0?<#hDNOs#H`*9[-Hp(b~= ZS4qT]1GQ:AGcp@v9U\\U:l#Q.#\nP,,B|rI5\Z8-&pianO6mc>Vj1(k\ZP>r;z[|ick:Gf[\nnlX<7~ct*)\0Q<LY|\0U\\403Px\\]]3Hr?[?+`	|O^o&sje[{.I<zt*?7OPEtB:\0:vd(P`{~rK\ZPoI\ZzI]p@u@3UaCmI`w11R<Nj).:kWzK\"94\n$\"0>S1[ZLes\Ze6xzu~.>HU0n~c&Ur9V|M<S!p5qJOS9Z:q!*\0\\z)5)!Oq\ZDN@\n\0\"8};fj\Z)Q++m<rj	Zg2&p\rYfGa$x!?)WWuF>SADvcUYU;t+B+;1R7%I5+&nc8HD@y5hZYzp{Wm .cQhTZ;0yq}Hap\ZD;9cOy# qC.jZfQj(	#nqJZK\n2?fVOKVCJ.,?RG\"VW/NX\'2\0eyBi ~y$~1KZ[\"Wah#RFxN\Z9p:4GMr?%Tp{*/\r,\0&U -aw69-Gm\n!e}N+aTk)(@\'? #}Jh6o.5B\'?5JpfnE/;K 7C.}<U(dP4;4o/5jZxxq$x(cW*]V7	dm!SMXypTsH0}(.rITjY~} 8|ALp\0;`*LLZH|PMgfG+\"ec@D\0JVj8;_3V]^yIFB\0OaMQFF}=*ZLa@8	kEbsKz\0	P*4j|V$P1#82+\0\"B\05/%8;UD3\nM\\)2Z;h%fmMc}8BLc*zeG=?JK\Z#r{{(H\">9;U\r;$<U]I3W}qW\'o.X5.b`Tho#[xbFi#bK7Bu@E`]^Oy3$a3~US:!W6by9z~\\,(]Om->_~GiH[GQJZz2?8:lB8=&B<RKQ\\L\n7sg.ZI\'b9b/ni?rN?QeaH1zyz[&K,\nk]:1Y&%6dU(s)Tj\"(\'QZiOH\0E&cD\0?q3\'RSF=%l6j[[dq\0Ie2{ur|.3NJE^:^)?>j4#\'yHOj6fy?!B+\"m?*}Vg[h ;{R-%+ )rTZ2TK6}9i\"y8V,$-\r3SFH#\'9B\Zp#?e-z	jI>yh~fPe?I5X\">.-JN2oqw\0!pqg0WHI(\"l\"0?Zv^v86C\0gN6a;3E/l~\0|:|T]\nu7\"Of	?r\n#MY3T3F=#oNskJW@0\0*[h2<Dov=	&^|%\0;qm[cp9^i }}_+-@ij2JpOj)AQO4%MVlYU=!F>)cz?I_c\')ICr+m^^*Xi|;$4h0XUV\'i\0=+7j?`U6,p>|c5{h\'9$z&\"G1`yCa\r0$b`:tz7x\'-N1LaoH0Wt\rj.v=OJ	i p)\\T\n8 ai\rA\nb`mQS&w=NY@vD9{L)9_Tmc7qg3}EZhK-1U,c(w$QY.q[o\'?)S8a[p0Fh{Iu!t8@G!G5l.4QUcb\"<M^d|(qdAzg\"vc*cDKCTXo\0*!aLO\0^)l0TdD=\n(\'4|f.8	H9$n\0QE\n)ln[*f(\\q3?\\nI>[A1G-#noZ$I4QZ-e4q)!x^rxo;h%8[wU,c*Pc*Z-J/4P\09vL\\[3','fO3+Empdk+Q=','01000000U96497255U00000010',0,'5599864','','','','','H','CAJA','',1,1364915241140,0),(32,'221648735','U00000011','patanco','cordel','cruds',NULL,'HBrJWa0ZeU4=','11000000U6537846122U00000011',0,'5522698','','','','','H','CAJA','',1,1364915615109,0),(33,'2456987','U00000012','tody','losr','daslo',NULL,'n0tiDCT7IgE=','21000000U47896542U00000012',0,'22554879','','','','','H','COMPRAS','',1,1364915907187,0),(34,'22166889','U00000013','kodis','loker','pesu',NULL,'JJEdGsD51i8=','31000000U598866122U00000013',0,'25469855','','','','','H','ALMACEN','',1,1364916058890,0),(35,'11246359','U00000014','little','kosmn','losdp',NULL,'qy4HWmzBK98=','41000000U595364211U00000014',0,'224685987','','','','','H','CAJA','',1,1364916289265,0);

UNLOCK TABLES;

/*!40101 SET SQL_MODE=@OLD_SQL_MODE */;
/*!40014 SET FOREIGN_KEY_CHECKS=@OLD_FOREIGN_KEY_CHECKS */;
/*!40014 SET UNIQUE_CHECKS=@OLD_UNIQUE_CHECKS */;
/*!40111 SET SQL_NOTES=@OLD_SQL_NOTES */;
